Time resolution is 1 ps
WARNING: This core is supplied with a behavioral model. To model cycle-accurate behavior you must run timing simulation.
WARNING: This core is supplied with a behavioral model. To model cycle-accurate behavior you must run timing simulation.
==============================================================
Test begin!
WARNING in tb_top.soc_lite.data_ram.inst at time              2110000 ns: 
Reading from out-of-range address. Max address in tb_top.soc_lite.data_ram.inst is        1023
WARNING in tb_top.soc_lite.data_ram.inst at time              2130000 ns: 
Reading from out-of-range address. Max address in tb_top.soc_lite.data_ram.inst is        1023
WARNING in tb_top.soc_lite.data_ram.inst at time              2170000 ns: 
Reading from out-of-range address. Max address in tb_top.soc_lite.data_ram.inst is        1023
WARNING in tb_top.soc_lite.data_ram.inst at time              2210000 ns: 
Reading from out-of-range address. Max address in tb_top.soc_lite.data_ram.inst is        1023
WARNING in tb_top.soc_lite.data_ram.inst at time              2250000 ns: 
Reading from out-of-range address. Max address in tb_top.soc_lite.data_ram.inst is        1023
WARNING in tb_top.soc_lite.data_ram.inst at time              2370000 ns: 
Reading from out-of-range address. Max address in tb_top.soc_lite.data_ram.inst is        1023
WARNING in tb_top.soc_lite.data_ram.inst at time              2590000 ns: 
Reading from out-of-range address. Max address in tb_top.soc_lite.data_ram.inst is        1023
WARNING in tb_top.soc_lite.data_ram.inst at time              2630000 ns: 
Reading from out-of-range address. Max address in tb_top.soc_lite.data_ram.inst is        1023
WARNING in tb_top.soc_lite.data_ram.inst at time              2910000 ns: 
Reading from out-of-range address. Max address in tb_top.soc_lite.data_ram.inst is        1023
WARNING in tb_top.soc_lite.data_ram.inst at time              2950000 ns: 
Reading from out-of-range address. Max address in tb_top.soc_lite.data_ram.inst is        1023
WARNING in tb_top.soc_lite.data_ram.inst at time              3230000 ns: 
Reading from out-of-range address. Max address in tb_top.soc_lite.data_ram.inst is        1023
WARNING in tb_top.soc_lite.data_ram.inst at time              3270000 ns: 
Reading from out-of-range address. Max address in tb_top.soc_lite.data_ram.inst is        1023
WARNING in tb_top.soc_lite.data_ram.inst at time              3550000 ns: 
Reading from out-of-range address. Max address in tb_top.soc_lite.data_ram.inst is        1023
WARNING in tb_top.soc_lite.data_ram.inst at time              3590000 ns: 
Reading from out-of-range address. Max address in tb_top.soc_lite.data_ram.inst is        1023
WARNING in tb_top.soc_lite.data_ram.inst at time              3870000 ns: 
Reading from out-of-range address. Max address in tb_top.soc_lite.data_ram.inst is        1023
WARNING in tb_top.soc_lite.data_ram.inst at time              3910000 ns: 
Reading from out-of-range address. Max address in tb_top.soc_lite.data_ram.inst is        1023
WARNING in tb_top.soc_lite.data_ram.inst at time              4230000 ns: 
Reading from out-of-range address. Max address in tb_top.soc_lite.data_ram.inst is        1023
WARNING in tb_top.soc_lite.data_ram.inst at time              4510000 ns: 
Reading from out-of-range address. Max address in tb_top.soc_lite.data_ram.inst is        1023
WARNING in tb_top.soc_lite.data_ram.inst at time              4550000 ns: 
Reading from out-of-range address. Max address in tb_top.soc_lite.data_ram.inst is        1023
WARNING in tb_top.soc_lite.data_ram.inst at time              5150000 ns: 
Reading from out-of-range address. Max address in tb_top.soc_lite.data_ram.inst is        1023
WARNING in tb_top.soc_lite.data_ram.inst at time              5470000 ns: 
Reading from out-of-range address. Max address in tb_top.soc_lite.data_ram.inst is        1023
WARNING in tb_top.soc_lite.data_ram.inst at time              5510000 ns: 
Reading from out-of-range address. Max address in tb_top.soc_lite.data_ram.inst is        1023
WARNING in tb_top.soc_lite.data_ram.inst at time              5790000 ns: 
Reading from out-of-range address. Max address in tb_top.soc_lite.data_ram.inst is        1023
WARNING in tb_top.soc_lite.data_ram.inst at time              5830000 ns: 
Reading from out-of-range address. Max address in tb_top.soc_lite.data_ram.inst is        1023
WARNING in tb_top.soc_lite.data_ram.inst at time              6110000 ns: 
Reading from out-of-range address. Max address in tb_top.soc_lite.data_ram.inst is        1023
WARNING in tb_top.soc_lite.data_ram.inst at time              6150000 ns: 
Reading from out-of-range address. Max address in tb_top.soc_lite.data_ram.inst is        1023
WARNING in tb_top.soc_lite.data_ram.inst at time              6430000 ns: 
Reading from out-of-range address. Max address in tb_top.soc_lite.data_ram.inst is        1023
WARNING in tb_top.soc_lite.data_ram.inst at time              6470000 ns: 
Reading from out-of-range address. Max address in tb_top.soc_lite.data_ram.inst is        1023
WARNING in tb_top.soc_lite.data_ram.inst at time              6750000 ns: 
Reading from out-of-range address. Max address in tb_top.soc_lite.data_ram.inst is        1023
WARNING in tb_top.soc_lite.data_ram.inst at time              6790000 ns: 
Reading from out-of-range address. Max address in tb_top.soc_lite.data_ram.inst is        1023
WARNING in tb_top.soc_lite.data_ram.inst at time              7070000 ns: 
Reading from out-of-range address. Max address in tb_top.soc_lite.data_ram.inst is        1023
WARNING in tb_top.soc_lite.data_ram.inst at time              7110000 ns: 
Reading from out-of-range address. Max address in tb_top.soc_lite.data_ram.inst is        1023
WARNING in tb_top.soc_lite.data_ram.inst at time              7390000 ns: 
Reading from out-of-range address. Max address in tb_top.soc_lite.data_ram.inst is        1023
WARNING in tb_top.soc_lite.data_ram.inst at time              7710000 ns: 
Reading from out-of-range address. Max address in tb_top.soc_lite.data_ram.inst is        1023
WARNING in tb_top.soc_lite.data_ram.inst at time              7750000 ns: 
Reading from out-of-range address. Max address in tb_top.soc_lite.data_ram.inst is        1023
WARNING in tb_top.soc_lite.data_ram.inst at time              8030000 ns: 
Reading from out-of-range address. Max address in tb_top.soc_lite.data_ram.inst is        1023
WARNING in tb_top.soc_lite.data_ram.inst at time              8070000 ns: 
Reading from out-of-range address. Max address in tb_top.soc_lite.data_ram.inst is        1023
WARNING in tb_top.soc_lite.data_ram.inst at time              8350000 ns: 
Reading from out-of-range address. Max address in tb_top.soc_lite.data_ram.inst is        1023
WARNING in tb_top.soc_lite.data_ram.inst at time              8670000 ns: 
Reading from out-of-range address. Max address in tb_top.soc_lite.data_ram.inst is        1023
WARNING in tb_top.soc_lite.data_ram.inst at time              8710000 ns: 
Reading from out-of-range address. Max address in tb_top.soc_lite.data_ram.inst is        1023
WARNING in tb_top.soc_lite.data_ram.inst at time              8990000 ns: 
Reading from out-of-range address. Max address in tb_top.soc_lite.data_ram.inst is        1023
WARNING in tb_top.soc_lite.data_ram.inst at time              9030000 ns: 
Reading from out-of-range address. Max address in tb_top.soc_lite.data_ram.inst is        1023
WARNING in tb_top.soc_lite.data_ram.inst at time              9310000 ns: 
Reading from out-of-range address. Max address in tb_top.soc_lite.data_ram.inst is        1023
WARNING in tb_top.soc_lite.data_ram.inst at time              9350000 ns: 
Reading from out-of-range address. Max address in tb_top.soc_lite.data_ram.inst is        1023
WARNING in tb_top.soc_lite.data_ram.inst at time              9630000 ns: 
Reading from out-of-range address. Max address in tb_top.soc_lite.data_ram.inst is        1023
WARNING in tb_top.soc_lite.data_ram.inst at time              9670000 ns: 
Reading from out-of-range address. Max address in tb_top.soc_lite.data_ram.inst is        1023
WARNING in tb_top.soc_lite.data_ram.inst at time              9950000 ns: 
Reading from out-of-range address. Max address in tb_top.soc_lite.data_ram.inst is        1023
WARNING in tb_top.soc_lite.data_ram.inst at time              9990000 ns: 
Reading from out-of-range address. Max address in tb_top.soc_lite.data_ram.inst is        1023
WARNING in tb_top.soc_lite.data_ram.inst at time             10270000 ns: 
Reading from out-of-range address. Max address in tb_top.soc_lite.data_ram.inst is        1023
WARNING in tb_top.soc_lite.data_ram.inst at time             10310000 ns: 
Reading from out-of-range address. Max address in tb_top.soc_lite.data_ram.inst is        1023
WARNING in tb_top.soc_lite.data_ram.inst at time             10630000 ns: 
Reading from out-of-range address. Max address in tb_top.soc_lite.data_ram.inst is        1023
WARNING in tb_top.soc_lite.data_ram.inst at time             10910000 ns: 
Reading from out-of-range address. Max address in tb_top.soc_lite.data_ram.inst is        1023
WARNING in tb_top.soc_lite.data_ram.inst at time             10950000 ns: 
Reading from out-of-range address. Max address in tb_top.soc_lite.data_ram.inst is        1023
WARNING in tb_top.soc_lite.data_ram.inst at time             11230000 ns: 
Reading from out-of-range address. Max address in tb_top.soc_lite.data_ram.inst is        1023
WARNING in tb_top.soc_lite.data_ram.inst at time             11550000 ns: 
Reading from out-of-range address. Max address in tb_top.soc_lite.data_ram.inst is        1023
WARNING in tb_top.soc_lite.data_ram.inst at time             11870000 ns: 
Reading from out-of-range address. Max address in tb_top.soc_lite.data_ram.inst is        1023
WARNING in tb_top.soc_lite.data_ram.inst at time             11910000 ns: 
Reading from out-of-range address. Max address in tb_top.soc_lite.data_ram.inst is        1023
WARNING in tb_top.soc_lite.data_ram.inst at time             12190000 ns: 
Reading from out-of-range address. Max address in tb_top.soc_lite.data_ram.inst is        1023
WARNING in tb_top.soc_lite.data_ram.inst at time             12510000 ns: 
Reading from out-of-range address. Max address in tb_top.soc_lite.data_ram.inst is        1023
WARNING in tb_top.soc_lite.data_ram.inst at time             12550000 ns: 
Reading from out-of-range address. Max address in tb_top.soc_lite.data_ram.inst is        1023
WARNING in tb_top.soc_lite.data_ram.inst at time             12830000 ns: 
Reading from out-of-range address. Max address in tb_top.soc_lite.data_ram.inst is        1023
WARNING in tb_top.soc_lite.data_ram.inst at time             12870000 ns: 
Reading from out-of-range address. Max address in tb_top.soc_lite.data_ram.inst is        1023
WARNING in tb_top.soc_lite.data_ram.inst at time             13190000 ns: 
Reading from out-of-range address. Max address in tb_top.soc_lite.data_ram.inst is        1023
WARNING in tb_top.soc_lite.data_ram.inst at time             13470000 ns: 
Reading from out-of-range address. Max address in tb_top.soc_lite.data_ram.inst is        1023
WARNING in tb_top.soc_lite.data_ram.inst at time             13510000 ns: 
Reading from out-of-range address. Max address in tb_top.soc_lite.data_ram.inst is        1023
WARNING in tb_top.soc_lite.data_ram.inst at time             13790000 ns: 
Reading from out-of-range address. Max address in tb_top.soc_lite.data_ram.inst is        1023
WARNING in tb_top.soc_lite.data_ram.inst at time             14430000 ns: 
Reading from out-of-range address. Max address in tb_top.soc_lite.data_ram.inst is        1023
WARNING in tb_top.soc_lite.data_ram.inst at time             14750000 ns: 
Reading from out-of-range address. Max address in tb_top.soc_lite.data_ram.inst is        1023
WARNING in tb_top.soc_lite.data_ram.inst at time             14790000 ns: 
Reading from out-of-range address. Max address in tb_top.soc_lite.data_ram.inst is        1023
WARNING in tb_top.soc_lite.data_ram.inst at time             15070000 ns: 
Reading from out-of-range address. Max address in tb_top.soc_lite.data_ram.inst is        1023
WARNING in tb_top.soc_lite.data_ram.inst at time             15390000 ns: 
Reading from out-of-range address. Max address in tb_top.soc_lite.data_ram.inst is        1023
WARNING in tb_top.soc_lite.data_ram.inst at time             15430000 ns: 
Reading from out-of-range address. Max address in tb_top.soc_lite.data_ram.inst is        1023
WARNING in tb_top.soc_lite.data_ram.inst at time             15750000 ns: 
Reading from out-of-range address. Max address in tb_top.soc_lite.data_ram.inst is        1023
WARNING in tb_top.soc_lite.data_ram.inst at time             16030000 ns: 
Reading from out-of-range address. Max address in tb_top.soc_lite.data_ram.inst is        1023
WARNING in tb_top.soc_lite.data_ram.inst at time             16350000 ns: 
Reading from out-of-range address. Max address in tb_top.soc_lite.data_ram.inst is        1023
WARNING in tb_top.soc_lite.data_ram.inst at time             16390000 ns: 
Reading from out-of-range address. Max address in tb_top.soc_lite.data_ram.inst is        1023
WARNING in tb_top.soc_lite.data_ram.inst at time             16670000 ns: 
Reading from out-of-range address. Max address in tb_top.soc_lite.data_ram.inst is        1023
WARNING in tb_top.soc_lite.data_ram.inst at time             16710000 ns: 
Reading from out-of-range address. Max address in tb_top.soc_lite.data_ram.inst is        1023
WARNING in tb_top.soc_lite.data_ram.inst at time             17030000 ns: 
Reading from out-of-range address. Max address in tb_top.soc_lite.data_ram.inst is        1023
WARNING in tb_top.soc_lite.data_ram.inst at time             17310000 ns: 
Reading from out-of-range address. Max address in tb_top.soc_lite.data_ram.inst is        1023
WARNING in tb_top.soc_lite.data_ram.inst at time             17350000 ns: 
Reading from out-of-range address. Max address in tb_top.soc_lite.data_ram.inst is        1023
WARNING in tb_top.soc_lite.data_ram.inst at time             17630000 ns: 
Reading from out-of-range address. Max address in tb_top.soc_lite.data_ram.inst is        1023
WARNING in tb_top.soc_lite.data_ram.inst at time             17670000 ns: 
Reading from out-of-range address. Max address in tb_top.soc_lite.data_ram.inst is        1023
WARNING in tb_top.soc_lite.data_ram.inst at time             17950000 ns: 
Reading from out-of-range address. Max address in tb_top.soc_lite.data_ram.inst is        1023
WARNING in tb_top.soc_lite.data_ram.inst at time             17990000 ns: 
Reading from out-of-range address. Max address in tb_top.soc_lite.data_ram.inst is        1023
WARNING in tb_top.soc_lite.data_ram.inst at time             18270000 ns: 
Reading from out-of-range address. Max address in tb_top.soc_lite.data_ram.inst is        1023
WARNING in tb_top.soc_lite.data_ram.inst at time             18310000 ns: 
Reading from out-of-range address. Max address in tb_top.soc_lite.data_ram.inst is        1023
WARNING in tb_top.soc_lite.data_ram.inst at time             18590000 ns: 
Reading from out-of-range address. Max address in tb_top.soc_lite.data_ram.inst is        1023
WARNING in tb_top.soc_lite.data_ram.inst at time             18910000 ns: 
Reading from out-of-range address. Max address in tb_top.soc_lite.data_ram.inst is        1023
WARNING in tb_top.soc_lite.data_ram.inst at time             18950000 ns: 
Reading from out-of-range address. Max address in tb_top.soc_lite.data_ram.inst is        1023
WARNING in tb_top.soc_lite.data_ram.inst at time             19230000 ns: 
Reading from out-of-range address. Max address in tb_top.soc_lite.data_ram.inst is        1023
WARNING in tb_top.soc_lite.data_ram.inst at time             19270000 ns: 
Reading from out-of-range address. Max address in tb_top.soc_lite.data_ram.inst is        1023
WARNING in tb_top.soc_lite.data_ram.inst at time             19550000 ns: 
Reading from out-of-range address. Max address in tb_top.soc_lite.data_ram.inst is        1023
WARNING in tb_top.soc_lite.data_ram.inst at time             19590000 ns: 
Reading from out-of-range address. Max address in tb_top.soc_lite.data_ram.inst is        1023
WARNING in tb_top.soc_lite.data_ram.inst at time             19870000 ns: 
Reading from out-of-range address. Max address in tb_top.soc_lite.data_ram.inst is        1023
WARNING in tb_top.soc_lite.data_ram.inst at time             19910000 ns: 
Reading from out-of-range address. Max address in tb_top.soc_lite.data_ram.inst is        1023
WARNING in tb_top.soc_lite.data_ram.inst at time             20190000 ns: 
Reading from out-of-range address. Max address in tb_top.soc_lite.data_ram.inst is        1023
WARNING in tb_top.soc_lite.data_ram.inst at time             20230000 ns: 
Reading from out-of-range address. Max address in tb_top.soc_lite.data_ram.inst is        1023
WARNING in tb_top.soc_lite.data_ram.inst at time             20510000 ns: 
Reading from out-of-range address. Max address in tb_top.soc_lite.data_ram.inst is        1023
WARNING in tb_top.soc_lite.data_ram.inst at time             20550000 ns: 
Reading from out-of-range address. Max address in tb_top.soc_lite.data_ram.inst is        1023
WARNING in tb_top.soc_lite.data_ram.inst at time             20830000 ns: 
Reading from out-of-range address. Max address in tb_top.soc_lite.data_ram.inst is        1023
WARNING in tb_top.soc_lite.data_ram.inst at time             21470000 ns: 
Reading from out-of-range address. Max address in tb_top.soc_lite.data_ram.inst is        1023
WARNING in tb_top.soc_lite.data_ram.inst at time             21790000 ns: 
Reading from out-of-range address. Max address in tb_top.soc_lite.data_ram.inst is        1023
        [  22000 ns] Test is running, debug_wb_pc = 0x1c011524
WARNING in tb_top.soc_lite.data_ram.inst at time             22110000 ns: 
Reading from out-of-range address. Max address in tb_top.soc_lite.data_ram.inst is        1023
WARNING in tb_top.soc_lite.data_ram.inst at time             22430000 ns: 
Reading from out-of-range address. Max address in tb_top.soc_lite.data_ram.inst is        1023
WARNING in tb_top.soc_lite.data_ram.inst at time             23070000 ns: 
Reading from out-of-range address. Max address in tb_top.soc_lite.data_ram.inst is        1023
WARNING in tb_top.soc_lite.data_ram.inst at time             24030000 ns: 
Reading from out-of-range address. Max address in tb_top.soc_lite.data_ram.inst is        1023
WARNING in tb_top.soc_lite.data_ram.inst at time             24670000 ns: 
Reading from out-of-range address. Max address in tb_top.soc_lite.data_ram.inst is        1023
WARNING in tb_top.soc_lite.data_ram.inst at time             24990000 ns: 
Reading from out-of-range address. Max address in tb_top.soc_lite.data_ram.inst is        1023
WARNING in tb_top.soc_lite.data_ram.inst at time             25310000 ns: 
Reading from out-of-range address. Max address in tb_top.soc_lite.data_ram.inst is        1023
WARNING in tb_top.soc_lite.data_ram.inst at time             26270000 ns: 
Reading from out-of-range address. Max address in tb_top.soc_lite.data_ram.inst is        1023
WARNING in tb_top.soc_lite.data_ram.inst at time             26590000 ns: 
Reading from out-of-range address. Max address in tb_top.soc_lite.data_ram.inst is        1023
WARNING in tb_top.soc_lite.data_ram.inst at time             26910000 ns: 
Reading from out-of-range address. Max address in tb_top.soc_lite.data_ram.inst is        1023
WARNING in tb_top.soc_lite.data_ram.inst at time             27230000 ns: 
Reading from out-of-range address. Max address in tb_top.soc_lite.data_ram.inst is        1023
WARNING in tb_top.soc_lite.data_ram.inst at time             27550000 ns: 
Reading from out-of-range address. Max address in tb_top.soc_lite.data_ram.inst is        1023
WARNING in tb_top.soc_lite.data_ram.inst at time             27870000 ns: 
Reading from out-of-range address. Max address in tb_top.soc_lite.data_ram.inst is        1023
WARNING in tb_top.soc_lite.data_ram.inst at time             28190000 ns: 
Reading from out-of-range address. Max address in tb_top.soc_lite.data_ram.inst is        1023
WARNING in tb_top.soc_lite.data_ram.inst at time             28510000 ns: 
Reading from out-of-range address. Max address in tb_top.soc_lite.data_ram.inst is        1023
WARNING in tb_top.soc_lite.data_ram.inst at time             28830000 ns: 
Reading from out-of-range address. Max address in tb_top.soc_lite.data_ram.inst is        1023
WARNING in tb_top.soc_lite.data_ram.inst at time             29150000 ns: 
Reading from out-of-range address. Max address in tb_top.soc_lite.data_ram.inst is        1023
WARNING in tb_top.soc_lite.data_ram.inst at time             29790000 ns: 
Reading from out-of-range address. Max address in tb_top.soc_lite.data_ram.inst is        1023
WARNING in tb_top.soc_lite.data_ram.inst at time             30110000 ns: 
Reading from out-of-range address. Max address in tb_top.soc_lite.data_ram.inst is        1023
WARNING in tb_top.soc_lite.data_ram.inst at time             30430000 ns: 
Reading from out-of-range address. Max address in tb_top.soc_lite.data_ram.inst is        1023
WARNING in tb_top.soc_lite.data_ram.inst at time             30750000 ns: 
Reading from out-of-range address. Max address in tb_top.soc_lite.data_ram.inst is        1023
WARNING in tb_top.soc_lite.data_ram.inst at time             31070000 ns: 
Reading from out-of-range address. Max address in tb_top.soc_lite.data_ram.inst is        1023
WARNING in tb_top.soc_lite.data_ram.inst at time             31390000 ns: 
Reading from out-of-range address. Max address in tb_top.soc_lite.data_ram.inst is        1023
WARNING in tb_top.soc_lite.data_ram.inst at time             31710000 ns: 
Reading from out-of-range address. Max address in tb_top.soc_lite.data_ram.inst is        1023
        [  32000 ns] Test is running, debug_wb_pc = 0x1c011cf4
WARNING in tb_top.soc_lite.data_ram.inst at time             32030000 ns: 
Reading from out-of-range address. Max address in tb_top.soc_lite.data_ram.inst is        1023
WARNING in tb_top.soc_lite.data_ram.inst at time             32350000 ns: 
Reading from out-of-range address. Max address in tb_top.soc_lite.data_ram.inst is        1023
WARNING in tb_top.soc_lite.data_ram.inst at time             32990000 ns: 
Reading from out-of-range address. Max address in tb_top.soc_lite.data_ram.inst is        1023
WARNING in tb_top.soc_lite.data_ram.inst at time             33630000 ns: 
Reading from out-of-range address. Max address in tb_top.soc_lite.data_ram.inst is        1023
WARNING in tb_top.soc_lite.data_ram.inst at time             33950000 ns: 
Reading from out-of-range address. Max address in tb_top.soc_lite.data_ram.inst is        1023
WARNING in tb_top.soc_lite.data_ram.inst at time             34270000 ns: 
Reading from out-of-range address. Max address in tb_top.soc_lite.data_ram.inst is        1023
WARNING in tb_top.soc_lite.data_ram.inst at time             34590000 ns: 
Reading from out-of-range address. Max address in tb_top.soc_lite.data_ram.inst is        1023
WARNING in tb_top.soc_lite.data_ram.inst at time             34910000 ns: 
Reading from out-of-range address. Max address in tb_top.soc_lite.data_ram.inst is        1023
WARNING in tb_top.soc_lite.data_ram.inst at time             35230000 ns: 
Reading from out-of-range address. Max address in tb_top.soc_lite.data_ram.inst is        1023
WARNING in tb_top.soc_lite.data_ram.inst at time             35870000 ns: 
Reading from out-of-range address. Max address in tb_top.soc_lite.data_ram.inst is        1023
WARNING in tb_top.soc_lite.data_ram.inst at time             36510000 ns: 
Reading from out-of-range address. Max address in tb_top.soc_lite.data_ram.inst is        1023
WARNING in tb_top.soc_lite.data_ram.inst at time             36830000 ns: 
Reading from out-of-range address. Max address in tb_top.soc_lite.data_ram.inst is        1023
WARNING in tb_top.soc_lite.data_ram.inst at time             37150000 ns: 
Reading from out-of-range address. Max address in tb_top.soc_lite.data_ram.inst is        1023
WARNING in tb_top.soc_lite.data_ram.inst at time             37470000 ns: 
Reading from out-of-range address. Max address in tb_top.soc_lite.data_ram.inst is        1023
WARNING in tb_top.soc_lite.data_ram.inst at time             38430000 ns: 
Reading from out-of-range address. Max address in tb_top.soc_lite.data_ram.inst is        1023
WARNING in tb_top.soc_lite.data_ram.inst at time             38750000 ns: 
Reading from out-of-range address. Max address in tb_top.soc_lite.data_ram.inst is        1023
WARNING in tb_top.soc_lite.data_ram.inst at time             39070000 ns: 
Reading from out-of-range address. Max address in tb_top.soc_lite.data_ram.inst is        1023
WARNING in tb_top.soc_lite.data_ram.inst at time             39390000 ns: 
Reading from out-of-range address. Max address in tb_top.soc_lite.data_ram.inst is        1023
----[  40130 ns] Number 8'd01 Functional Test Point PASS!!!
WARNING in tb_top.soc_lite.data_ram.inst at time             40170000 ns: 
Reading from out-of-range address. Max address in tb_top.soc_lite.data_ram.inst is        1023
WARNING in tb_top.soc_lite.data_ram.inst at time             40210000 ns: 
Reading from out-of-range address. Max address in tb_top.soc_lite.data_ram.inst is        1023
WARNING in tb_top.soc_lite.data_ram.inst at time             40570000 ns: 
Reading from out-of-range address. Max address in tb_top.soc_lite.data_ram.inst is        1023
WARNING in tb_top.soc_lite.data_ram.inst at time             40610000 ns: 
Reading from out-of-range address. Max address in tb_top.soc_lite.data_ram.inst is        1023
WARNING in tb_top.soc_lite.data_ram.inst at time             40650000 ns: 
Reading from out-of-range address. Max address in tb_top.soc_lite.data_ram.inst is        1023
WARNING in tb_top.soc_lite.data_ram.inst at time             40890000 ns: 
Reading from out-of-range address. Max address in tb_top.soc_lite.data_ram.inst is        1023
WARNING in tb_top.soc_lite.data_ram.inst at time             40930000 ns: 
Reading from out-of-range address. Max address in tb_top.soc_lite.data_ram.inst is        1023
WARNING in tb_top.soc_lite.data_ram.inst at time             41210000 ns: 
Reading from out-of-range address. Max address in tb_top.soc_lite.data_ram.inst is        1023
WARNING in tb_top.soc_lite.data_ram.inst at time             41250000 ns: 
Reading from out-of-range address. Max address in tb_top.soc_lite.data_ram.inst is        1023
WARNING in tb_top.soc_lite.data_ram.inst at time             41570000 ns: 
Reading from out-of-range address. Max address in tb_top.soc_lite.data_ram.inst is        1023
WARNING in tb_top.soc_lite.data_ram.inst at time             41610000 ns: 
Reading from out-of-range address. Max address in tb_top.soc_lite.data_ram.inst is        1023
WARNING in tb_top.soc_lite.data_ram.inst at time             41890000 ns: 
Reading from out-of-range address. Max address in tb_top.soc_lite.data_ram.inst is        1023
        [  42000 ns] Test is running, debug_wb_pc = 0x1c012478
WARNING in tb_top.soc_lite.data_ram.inst at time             42170000 ns: 
Reading from out-of-range address. Max address in tb_top.soc_lite.data_ram.inst is        1023
WARNING in tb_top.soc_lite.data_ram.inst at time             42250000 ns: 
Reading from out-of-range address. Max address in tb_top.soc_lite.data_ram.inst is        1023
WARNING in tb_top.soc_lite.data_ram.inst at time             42530000 ns: 
Reading from out-of-range address. Max address in tb_top.soc_lite.data_ram.inst is        1023
WARNING in tb_top.soc_lite.data_ram.inst at time             42570000 ns: 
Reading from out-of-range address. Max address in tb_top.soc_lite.data_ram.inst is        1023
WARNING in tb_top.soc_lite.data_ram.inst at time             42810000 ns: 
Reading from out-of-range address. Max address in tb_top.soc_lite.data_ram.inst is        1023
WARNING in tb_top.soc_lite.data_ram.inst at time             42850000 ns: 
Reading from out-of-range address. Max address in tb_top.soc_lite.data_ram.inst is        1023
WARNING in tb_top.soc_lite.data_ram.inst at time             42890000 ns: 
Reading from out-of-range address. Max address in tb_top.soc_lite.data_ram.inst is        1023
WARNING in tb_top.soc_lite.data_ram.inst at time             43130000 ns: 
Reading from out-of-range address. Max address in tb_top.soc_lite.data_ram.inst is        1023
WARNING in tb_top.soc_lite.data_ram.inst at time             43170000 ns: 
Reading from out-of-range address. Max address in tb_top.soc_lite.data_ram.inst is        1023
WARNING in tb_top.soc_lite.data_ram.inst at time             43210000 ns: 
Reading from out-of-range address. Max address in tb_top.soc_lite.data_ram.inst is        1023
WARNING in tb_top.soc_lite.data_ram.inst at time             43450000 ns: 
Reading from out-of-range address. Max address in tb_top.soc_lite.data_ram.inst is        1023
WARNING in tb_top.soc_lite.data_ram.inst at time             43490000 ns: 
Reading from out-of-range address. Max address in tb_top.soc_lite.data_ram.inst is        1023
WARNING in tb_top.soc_lite.data_ram.inst at time             43810000 ns: 
Reading from out-of-range address. Max address in tb_top.soc_lite.data_ram.inst is        1023
WARNING in tb_top.soc_lite.data_ram.inst at time             44170000 ns: 
Reading from out-of-range address. Max address in tb_top.soc_lite.data_ram.inst is        1023
WARNING in tb_top.soc_lite.data_ram.inst at time             44410000 ns: 
Reading from out-of-range address. Max address in tb_top.soc_lite.data_ram.inst is        1023
WARNING in tb_top.soc_lite.data_ram.inst at time             44450000 ns: 
Reading from out-of-range address. Max address in tb_top.soc_lite.data_ram.inst is        1023
WARNING in tb_top.soc_lite.data_ram.inst at time             44730000 ns: 
Reading from out-of-range address. Max address in tb_top.soc_lite.data_ram.inst is        1023
WARNING in tb_top.soc_lite.data_ram.inst at time             44770000 ns: 
Reading from out-of-range address. Max address in tb_top.soc_lite.data_ram.inst is        1023
WARNING in tb_top.soc_lite.data_ram.inst at time             44810000 ns: 
Reading from out-of-range address. Max address in tb_top.soc_lite.data_ram.inst is        1023
WARNING in tb_top.soc_lite.data_ram.inst at time             45050000 ns: 
Reading from out-of-range address. Max address in tb_top.soc_lite.data_ram.inst is        1023
WARNING in tb_top.soc_lite.data_ram.inst at time             45090000 ns: 
Reading from out-of-range address. Max address in tb_top.soc_lite.data_ram.inst is        1023
WARNING in tb_top.soc_lite.data_ram.inst at time             45130000 ns: 
Reading from out-of-range address. Max address in tb_top.soc_lite.data_ram.inst is        1023
WARNING in tb_top.soc_lite.data_ram.inst at time             45370000 ns: 
Reading from out-of-range address. Max address in tb_top.soc_lite.data_ram.inst is        1023
WARNING in tb_top.soc_lite.data_ram.inst at time             45410000 ns: 
Reading from out-of-range address. Max address in tb_top.soc_lite.data_ram.inst is        1023
WARNING in tb_top.soc_lite.data_ram.inst at time             45690000 ns: 
Reading from out-of-range address. Max address in tb_top.soc_lite.data_ram.inst is        1023
WARNING in tb_top.soc_lite.data_ram.inst at time             45730000 ns: 
Reading from out-of-range address. Max address in tb_top.soc_lite.data_ram.inst is        1023
WARNING in tb_top.soc_lite.data_ram.inst at time             45770000 ns: 
Reading from out-of-range address. Max address in tb_top.soc_lite.data_ram.inst is        1023
WARNING in tb_top.soc_lite.data_ram.inst at time             46010000 ns: 
Reading from out-of-range address. Max address in tb_top.soc_lite.data_ram.inst is        1023
WARNING in tb_top.soc_lite.data_ram.inst at time             46050000 ns: 
Reading from out-of-range address. Max address in tb_top.soc_lite.data_ram.inst is        1023
WARNING in tb_top.soc_lite.data_ram.inst at time             46090000 ns: 
Reading from out-of-range address. Max address in tb_top.soc_lite.data_ram.inst is        1023
WARNING in tb_top.soc_lite.data_ram.inst at time             46370000 ns: 
Reading from out-of-range address. Max address in tb_top.soc_lite.data_ram.inst is        1023
WARNING in tb_top.soc_lite.data_ram.inst at time             46410000 ns: 
Reading from out-of-range address. Max address in tb_top.soc_lite.data_ram.inst is        1023
WARNING in tb_top.soc_lite.data_ram.inst at time             46650000 ns: 
Reading from out-of-range address. Max address in tb_top.soc_lite.data_ram.inst is        1023
WARNING in tb_top.soc_lite.data_ram.inst at time             46690000 ns: 
Reading from out-of-range address. Max address in tb_top.soc_lite.data_ram.inst is        1023
WARNING in tb_top.soc_lite.data_ram.inst at time             46730000 ns: 
Reading from out-of-range address. Max address in tb_top.soc_lite.data_ram.inst is        1023
WARNING in tb_top.soc_lite.data_ram.inst at time             46970000 ns: 
Reading from out-of-range address. Max address in tb_top.soc_lite.data_ram.inst is        1023
WARNING in tb_top.soc_lite.data_ram.inst at time             47050000 ns: 
Reading from out-of-range address. Max address in tb_top.soc_lite.data_ram.inst is        1023
WARNING in tb_top.soc_lite.data_ram.inst at time             47290000 ns: 
Reading from out-of-range address. Max address in tb_top.soc_lite.data_ram.inst is        1023
WARNING in tb_top.soc_lite.data_ram.inst at time             47330000 ns: 
Reading from out-of-range address. Max address in tb_top.soc_lite.data_ram.inst is        1023
WARNING in tb_top.soc_lite.data_ram.inst at time             47610000 ns: 
Reading from out-of-range address. Max address in tb_top.soc_lite.data_ram.inst is        1023
WARNING in tb_top.soc_lite.data_ram.inst at time             47650000 ns: 
Reading from out-of-range address. Max address in tb_top.soc_lite.data_ram.inst is        1023
WARNING in tb_top.soc_lite.data_ram.inst at time             47970000 ns: 
Reading from out-of-range address. Max address in tb_top.soc_lite.data_ram.inst is        1023
WARNING in tb_top.soc_lite.data_ram.inst at time             48010000 ns: 
Reading from out-of-range address. Max address in tb_top.soc_lite.data_ram.inst is        1023
WARNING in tb_top.soc_lite.data_ram.inst at time             48250000 ns: 
Reading from out-of-range address. Max address in tb_top.soc_lite.data_ram.inst is        1023
WARNING in tb_top.soc_lite.data_ram.inst at time             48290000 ns: 
Reading from out-of-range address. Max address in tb_top.soc_lite.data_ram.inst is        1023
WARNING in tb_top.soc_lite.data_ram.inst at time             48610000 ns: 
Reading from out-of-range address. Max address in tb_top.soc_lite.data_ram.inst is        1023
WARNING in tb_top.soc_lite.data_ram.inst at time             48890000 ns: 
Reading from out-of-range address. Max address in tb_top.soc_lite.data_ram.inst is        1023
WARNING in tb_top.soc_lite.data_ram.inst at time             49210000 ns: 
Reading from out-of-range address. Max address in tb_top.soc_lite.data_ram.inst is        1023
WARNING in tb_top.soc_lite.data_ram.inst at time             49250000 ns: 
Reading from out-of-range address. Max address in tb_top.soc_lite.data_ram.inst is        1023
WARNING in tb_top.soc_lite.data_ram.inst at time             49290000 ns: 
Reading from out-of-range address. Max address in tb_top.soc_lite.data_ram.inst is        1023
WARNING in tb_top.soc_lite.data_ram.inst at time             49530000 ns: 
Reading from out-of-range address. Max address in tb_top.soc_lite.data_ram.inst is        1023
WARNING in tb_top.soc_lite.data_ram.inst at time             49610000 ns: 
Reading from out-of-range address. Max address in tb_top.soc_lite.data_ram.inst is        1023
WARNING in tb_top.soc_lite.data_ram.inst at time             49850000 ns: 
Reading from out-of-range address. Max address in tb_top.soc_lite.data_ram.inst is        1023
WARNING in tb_top.soc_lite.data_ram.inst at time             49890000 ns: 
Reading from out-of-range address. Max address in tb_top.soc_lite.data_ram.inst is        1023
WARNING in tb_top.soc_lite.data_ram.inst at time             49930000 ns: 
Reading from out-of-range address. Max address in tb_top.soc_lite.data_ram.inst is        1023
WARNING in tb_top.soc_lite.data_ram.inst at time             50170000 ns: 
Reading from out-of-range address. Max address in tb_top.soc_lite.data_ram.inst is        1023
WARNING in tb_top.soc_lite.data_ram.inst at time             50210000 ns: 
Reading from out-of-range address. Max address in tb_top.soc_lite.data_ram.inst is        1023
WARNING in tb_top.soc_lite.data_ram.inst at time             50250000 ns: 
Reading from out-of-range address. Max address in tb_top.soc_lite.data_ram.inst is        1023
WARNING in tb_top.soc_lite.data_ram.inst at time             50490000 ns: 
Reading from out-of-range address. Max address in tb_top.soc_lite.data_ram.inst is        1023
WARNING in tb_top.soc_lite.data_ram.inst at time             50530000 ns: 
Reading from out-of-range address. Max address in tb_top.soc_lite.data_ram.inst is        1023
WARNING in tb_top.soc_lite.data_ram.inst at time             50570000 ns: 
Reading from out-of-range address. Max address in tb_top.soc_lite.data_ram.inst is        1023
WARNING in tb_top.soc_lite.data_ram.inst at time             50810000 ns: 
Reading from out-of-range address. Max address in tb_top.soc_lite.data_ram.inst is        1023
WARNING in tb_top.soc_lite.data_ram.inst at time             50850000 ns: 
Reading from out-of-range address. Max address in tb_top.soc_lite.data_ram.inst is        1023
WARNING in tb_top.soc_lite.data_ram.inst at time             50890000 ns: 
Reading from out-of-range address. Max address in tb_top.soc_lite.data_ram.inst is        1023
WARNING in tb_top.soc_lite.data_ram.inst at time             51130000 ns: 
Reading from out-of-range address. Max address in tb_top.soc_lite.data_ram.inst is        1023
WARNING in tb_top.soc_lite.data_ram.inst at time             51450000 ns: 
Reading from out-of-range address. Max address in tb_top.soc_lite.data_ram.inst is        1023
WARNING in tb_top.soc_lite.data_ram.inst at time             51490000 ns: 
Reading from out-of-range address. Max address in tb_top.soc_lite.data_ram.inst is        1023
WARNING in tb_top.soc_lite.data_ram.inst at time             51530000 ns: 
Reading from out-of-range address. Max address in tb_top.soc_lite.data_ram.inst is        1023
WARNING in tb_top.soc_lite.data_ram.inst at time             51770000 ns: 
Reading from out-of-range address. Max address in tb_top.soc_lite.data_ram.inst is        1023
WARNING in tb_top.soc_lite.data_ram.inst at time             51810000 ns: 
Reading from out-of-range address. Max address in tb_top.soc_lite.data_ram.inst is        1023
WARNING in tb_top.soc_lite.data_ram.inst at time             51850000 ns: 
Reading from out-of-range address. Max address in tb_top.soc_lite.data_ram.inst is        1023
        [  52000 ns] Test is running, debug_wb_pc = 0x1c012c48
WARNING in tb_top.soc_lite.data_ram.inst at time             52090000 ns: 
Reading from out-of-range address. Max address in tb_top.soc_lite.data_ram.inst is        1023
WARNING in tb_top.soc_lite.data_ram.inst at time             52130000 ns: 
Reading from out-of-range address. Max address in tb_top.soc_lite.data_ram.inst is        1023
WARNING in tb_top.soc_lite.data_ram.inst at time             52170000 ns: 
Reading from out-of-range address. Max address in tb_top.soc_lite.data_ram.inst is        1023
WARNING in tb_top.soc_lite.data_ram.inst at time             52410000 ns: 
Reading from out-of-range address. Max address in tb_top.soc_lite.data_ram.inst is        1023
WARNING in tb_top.soc_lite.data_ram.inst at time             53050000 ns: 
Reading from out-of-range address. Max address in tb_top.soc_lite.data_ram.inst is        1023
WARNING in tb_top.soc_lite.data_ram.inst at time             53370000 ns: 
Reading from out-of-range address. Max address in tb_top.soc_lite.data_ram.inst is        1023
WARNING in tb_top.soc_lite.data_ram.inst at time             53450000 ns: 
Reading from out-of-range address. Max address in tb_top.soc_lite.data_ram.inst is        1023
WARNING in tb_top.soc_lite.data_ram.inst at time             53690000 ns: 
Reading from out-of-range address. Max address in tb_top.soc_lite.data_ram.inst is        1023
WARNING in tb_top.soc_lite.data_ram.inst at time             53770000 ns: 
Reading from out-of-range address. Max address in tb_top.soc_lite.data_ram.inst is        1023
WARNING in tb_top.soc_lite.data_ram.inst at time             54010000 ns: 
Reading from out-of-range address. Max address in tb_top.soc_lite.data_ram.inst is        1023
WARNING in tb_top.soc_lite.data_ram.inst at time             54090000 ns: 
Reading from out-of-range address. Max address in tb_top.soc_lite.data_ram.inst is        1023
WARNING in tb_top.soc_lite.data_ram.inst at time             54330000 ns: 
Reading from out-of-range address. Max address in tb_top.soc_lite.data_ram.inst is        1023
WARNING in tb_top.soc_lite.data_ram.inst at time             54410000 ns: 
Reading from out-of-range address. Max address in tb_top.soc_lite.data_ram.inst is        1023
WARNING in tb_top.soc_lite.data_ram.inst at time             54650000 ns: 
Reading from out-of-range address. Max address in tb_top.soc_lite.data_ram.inst is        1023
WARNING in tb_top.soc_lite.data_ram.inst at time             54970000 ns: 
Reading from out-of-range address. Max address in tb_top.soc_lite.data_ram.inst is        1023
WARNING in tb_top.soc_lite.data_ram.inst at time             55050000 ns: 
Reading from out-of-range address. Max address in tb_top.soc_lite.data_ram.inst is        1023
WARNING in tb_top.soc_lite.data_ram.inst at time             55290000 ns: 
Reading from out-of-range address. Max address in tb_top.soc_lite.data_ram.inst is        1023
WARNING in tb_top.soc_lite.data_ram.inst at time             55370000 ns: 
Reading from out-of-range address. Max address in tb_top.soc_lite.data_ram.inst is        1023
WARNING in tb_top.soc_lite.data_ram.inst at time             55610000 ns: 
Reading from out-of-range address. Max address in tb_top.soc_lite.data_ram.inst is        1023
WARNING in tb_top.soc_lite.data_ram.inst at time             55690000 ns: 
Reading from out-of-range address. Max address in tb_top.soc_lite.data_ram.inst is        1023
WARNING in tb_top.soc_lite.data_ram.inst at time             55930000 ns: 
Reading from out-of-range address. Max address in tb_top.soc_lite.data_ram.inst is        1023
WARNING in tb_top.soc_lite.data_ram.inst at time             56250000 ns: 
Reading from out-of-range address. Max address in tb_top.soc_lite.data_ram.inst is        1023
WARNING in tb_top.soc_lite.data_ram.inst at time             56650000 ns: 
Reading from out-of-range address. Max address in tb_top.soc_lite.data_ram.inst is        1023
WARNING in tb_top.soc_lite.data_ram.inst at time             56890000 ns: 
Reading from out-of-range address. Max address in tb_top.soc_lite.data_ram.inst is        1023
WARNING in tb_top.soc_lite.data_ram.inst at time             56970000 ns: 
Reading from out-of-range address. Max address in tb_top.soc_lite.data_ram.inst is        1023
WARNING in tb_top.soc_lite.data_ram.inst at time             57210000 ns: 
Reading from out-of-range address. Max address in tb_top.soc_lite.data_ram.inst is        1023
WARNING in tb_top.soc_lite.data_ram.inst at time             57610000 ns: 
Reading from out-of-range address. Max address in tb_top.soc_lite.data_ram.inst is        1023
WARNING in tb_top.soc_lite.data_ram.inst at time             57850000 ns: 
Reading from out-of-range address. Max address in tb_top.soc_lite.data_ram.inst is        1023
WARNING in tb_top.soc_lite.data_ram.inst at time             57930000 ns: 
Reading from out-of-range address. Max address in tb_top.soc_lite.data_ram.inst is        1023
WARNING in tb_top.soc_lite.data_ram.inst at time             58170000 ns: 
Reading from out-of-range address. Max address in tb_top.soc_lite.data_ram.inst is        1023
WARNING in tb_top.soc_lite.data_ram.inst at time             58250000 ns: 
Reading from out-of-range address. Max address in tb_top.soc_lite.data_ram.inst is        1023
WARNING in tb_top.soc_lite.data_ram.inst at time             58570000 ns: 
Reading from out-of-range address. Max address in tb_top.soc_lite.data_ram.inst is        1023
WARNING in tb_top.soc_lite.data_ram.inst at time             58810000 ns: 
Reading from out-of-range address. Max address in tb_top.soc_lite.data_ram.inst is        1023
WARNING in tb_top.soc_lite.data_ram.inst at time             58890000 ns: 
Reading from out-of-range address. Max address in tb_top.soc_lite.data_ram.inst is        1023
WARNING in tb_top.soc_lite.data_ram.inst at time             59450000 ns: 
Reading from out-of-range address. Max address in tb_top.soc_lite.data_ram.inst is        1023
WARNING in tb_top.soc_lite.data_ram.inst at time             59530000 ns: 
Reading from out-of-range address. Max address in tb_top.soc_lite.data_ram.inst is        1023
WARNING in tb_top.soc_lite.data_ram.inst at time             60090000 ns: 
Reading from out-of-range address. Max address in tb_top.soc_lite.data_ram.inst is        1023
WARNING in tb_top.soc_lite.data_ram.inst at time             60410000 ns: 
Reading from out-of-range address. Max address in tb_top.soc_lite.data_ram.inst is        1023
WARNING in tb_top.soc_lite.data_ram.inst at time             60490000 ns: 
Reading from out-of-range address. Max address in tb_top.soc_lite.data_ram.inst is        1023
WARNING in tb_top.soc_lite.data_ram.inst at time             60730000 ns: 
Reading from out-of-range address. Max address in tb_top.soc_lite.data_ram.inst is        1023
WARNING in tb_top.soc_lite.data_ram.inst at time             60810000 ns: 
Reading from out-of-range address. Max address in tb_top.soc_lite.data_ram.inst is        1023
WARNING in tb_top.soc_lite.data_ram.inst at time             61130000 ns: 
Reading from out-of-range address. Max address in tb_top.soc_lite.data_ram.inst is        1023
WARNING in tb_top.soc_lite.data_ram.inst at time             61370000 ns: 
Reading from out-of-range address. Max address in tb_top.soc_lite.data_ram.inst is        1023
WARNING in tb_top.soc_lite.data_ram.inst at time             61450000 ns: 
Reading from out-of-range address. Max address in tb_top.soc_lite.data_ram.inst is        1023
        [  62000 ns] Test is running, debug_wb_pc = 0x1c013418
WARNING in tb_top.soc_lite.data_ram.inst at time             62010000 ns: 
Reading from out-of-range address. Max address in tb_top.soc_lite.data_ram.inst is        1023
WARNING in tb_top.soc_lite.data_ram.inst at time             62090000 ns: 
Reading from out-of-range address. Max address in tb_top.soc_lite.data_ram.inst is        1023
WARNING in tb_top.soc_lite.data_ram.inst at time             62330000 ns: 
Reading from out-of-range address. Max address in tb_top.soc_lite.data_ram.inst is        1023
WARNING in tb_top.soc_lite.data_ram.inst at time             62410000 ns: 
Reading from out-of-range address. Max address in tb_top.soc_lite.data_ram.inst is        1023
WARNING in tb_top.soc_lite.data_ram.inst at time             62650000 ns: 
Reading from out-of-range address. Max address in tb_top.soc_lite.data_ram.inst is        1023
WARNING in tb_top.soc_lite.data_ram.inst at time             62730000 ns: 
Reading from out-of-range address. Max address in tb_top.soc_lite.data_ram.inst is        1023
WARNING in tb_top.soc_lite.data_ram.inst at time             62970000 ns: 
Reading from out-of-range address. Max address in tb_top.soc_lite.data_ram.inst is        1023
WARNING in tb_top.soc_lite.data_ram.inst at time             63050000 ns: 
Reading from out-of-range address. Max address in tb_top.soc_lite.data_ram.inst is        1023
WARNING in tb_top.soc_lite.data_ram.inst at time             63290000 ns: 
Reading from out-of-range address. Max address in tb_top.soc_lite.data_ram.inst is        1023
WARNING in tb_top.soc_lite.data_ram.inst at time             63370000 ns: 
Reading from out-of-range address. Max address in tb_top.soc_lite.data_ram.inst is        1023
WARNING in tb_top.soc_lite.data_ram.inst at time             63610000 ns: 
Reading from out-of-range address. Max address in tb_top.soc_lite.data_ram.inst is        1023
WARNING in tb_top.soc_lite.data_ram.inst at time             63690000 ns: 
Reading from out-of-range address. Max address in tb_top.soc_lite.data_ram.inst is        1023
WARNING in tb_top.soc_lite.data_ram.inst at time             63930000 ns: 
Reading from out-of-range address. Max address in tb_top.soc_lite.data_ram.inst is        1023
WARNING in tb_top.soc_lite.data_ram.inst at time             64010000 ns: 
Reading from out-of-range address. Max address in tb_top.soc_lite.data_ram.inst is        1023
WARNING in tb_top.soc_lite.data_ram.inst at time             64250000 ns: 
Reading from out-of-range address. Max address in tb_top.soc_lite.data_ram.inst is        1023
WARNING in tb_top.soc_lite.data_ram.inst at time             64570000 ns: 
Reading from out-of-range address. Max address in tb_top.soc_lite.data_ram.inst is        1023
WARNING in tb_top.soc_lite.data_ram.inst at time             64650000 ns: 
Reading from out-of-range address. Max address in tb_top.soc_lite.data_ram.inst is        1023
WARNING in tb_top.soc_lite.data_ram.inst at time             64890000 ns: 
Reading from out-of-range address. Max address in tb_top.soc_lite.data_ram.inst is        1023
WARNING in tb_top.soc_lite.data_ram.inst at time             65210000 ns: 
Reading from out-of-range address. Max address in tb_top.soc_lite.data_ram.inst is        1023
WARNING in tb_top.soc_lite.data_ram.inst at time             65290000 ns: 
Reading from out-of-range address. Max address in tb_top.soc_lite.data_ram.inst is        1023
WARNING in tb_top.soc_lite.data_ram.inst at time             65530000 ns: 
Reading from out-of-range address. Max address in tb_top.soc_lite.data_ram.inst is        1023
WARNING in tb_top.soc_lite.data_ram.inst at time             65610000 ns: 
Reading from out-of-range address. Max address in tb_top.soc_lite.data_ram.inst is        1023
WARNING in tb_top.soc_lite.data_ram.inst at time             65850000 ns: 
Reading from out-of-range address. Max address in tb_top.soc_lite.data_ram.inst is        1023
WARNING in tb_top.soc_lite.data_ram.inst at time             65930000 ns: 
Reading from out-of-range address. Max address in tb_top.soc_lite.data_ram.inst is        1023
WARNING in tb_top.soc_lite.data_ram.inst at time             66170000 ns: 
Reading from out-of-range address. Max address in tb_top.soc_lite.data_ram.inst is        1023
WARNING in tb_top.soc_lite.data_ram.inst at time             66250000 ns: 
Reading from out-of-range address. Max address in tb_top.soc_lite.data_ram.inst is        1023
WARNING in tb_top.soc_lite.data_ram.inst at time             66810000 ns: 
Reading from out-of-range address. Max address in tb_top.soc_lite.data_ram.inst is        1023
WARNING in tb_top.soc_lite.data_ram.inst at time             67210000 ns: 
Reading from out-of-range address. Max address in tb_top.soc_lite.data_ram.inst is        1023
WARNING in tb_top.soc_lite.data_ram.inst at time             67530000 ns: 
Reading from out-of-range address. Max address in tb_top.soc_lite.data_ram.inst is        1023
----[  68190 ns] Number 8'd02 Functional Test Point PASS!!!
WARNING in tb_top.soc_lite.data_ram.inst at time             68230000 ns: 
Reading from out-of-range address. Max address in tb_top.soc_lite.data_ram.inst is        1023
WARNING in tb_top.soc_lite.data_ram.inst at time             68270000 ns: 
Reading from out-of-range address. Max address in tb_top.soc_lite.data_ram.inst is        1023
WARNING in tb_top.soc_lite.data_ram.inst at time             68630000 ns: 
Reading from out-of-range address. Max address in tb_top.soc_lite.data_ram.inst is        1023
WARNING in tb_top.soc_lite.data_ram.inst at time             68670000 ns: 
Reading from out-of-range address. Max address in tb_top.soc_lite.data_ram.inst is        1023
WARNING in tb_top.soc_lite.data_ram.inst at time             68950000 ns: 
Reading from out-of-range address. Max address in tb_top.soc_lite.data_ram.inst is        1023
WARNING in tb_top.soc_lite.data_ram.inst at time             68990000 ns: 
Reading from out-of-range address. Max address in tb_top.soc_lite.data_ram.inst is        1023
WARNING in tb_top.soc_lite.data_ram.inst at time             69270000 ns: 
Reading from out-of-range address. Max address in tb_top.soc_lite.data_ram.inst is        1023
WARNING in tb_top.soc_lite.data_ram.inst at time             69310000 ns: 
Reading from out-of-range address. Max address in tb_top.soc_lite.data_ram.inst is        1023
WARNING in tb_top.soc_lite.data_ram.inst at time             69590000 ns: 
Reading from out-of-range address. Max address in tb_top.soc_lite.data_ram.inst is        1023
WARNING in tb_top.soc_lite.data_ram.inst at time             69630000 ns: 
Reading from out-of-range address. Max address in tb_top.soc_lite.data_ram.inst is        1023
WARNING in tb_top.soc_lite.data_ram.inst at time             69910000 ns: 
Reading from out-of-range address. Max address in tb_top.soc_lite.data_ram.inst is        1023
WARNING in tb_top.soc_lite.data_ram.inst at time             69950000 ns: 
Reading from out-of-range address. Max address in tb_top.soc_lite.data_ram.inst is        1023
WARNING in tb_top.soc_lite.data_ram.inst at time             70230000 ns: 
Reading from out-of-range address. Max address in tb_top.soc_lite.data_ram.inst is        1023
WARNING in tb_top.soc_lite.data_ram.inst at time             70550000 ns: 
Reading from out-of-range address. Max address in tb_top.soc_lite.data_ram.inst is        1023
WARNING in tb_top.soc_lite.data_ram.inst at time             70590000 ns: 
Reading from out-of-range address. Max address in tb_top.soc_lite.data_ram.inst is        1023
WARNING in tb_top.soc_lite.data_ram.inst at time             70870000 ns: 
Reading from out-of-range address. Max address in tb_top.soc_lite.data_ram.inst is        1023
WARNING in tb_top.soc_lite.data_ram.inst at time             70910000 ns: 
Reading from out-of-range address. Max address in tb_top.soc_lite.data_ram.inst is        1023
WARNING in tb_top.soc_lite.data_ram.inst at time             71230000 ns: 
Reading from out-of-range address. Max address in tb_top.soc_lite.data_ram.inst is        1023
WARNING in tb_top.soc_lite.data_ram.inst at time             71510000 ns: 
Reading from out-of-range address. Max address in tb_top.soc_lite.data_ram.inst is        1023
WARNING in tb_top.soc_lite.data_ram.inst at time             71830000 ns: 
Reading from out-of-range address. Max address in tb_top.soc_lite.data_ram.inst is        1023
WARNING in tb_top.soc_lite.data_ram.inst at time             71870000 ns: 
Reading from out-of-range address. Max address in tb_top.soc_lite.data_ram.inst is        1023
        [  72000 ns] Test is running, debug_wb_pc = 0x1c013b9c
WARNING in tb_top.soc_lite.data_ram.inst at time             72150000 ns: 
Reading from out-of-range address. Max address in tb_top.soc_lite.data_ram.inst is        1023
WARNING in tb_top.soc_lite.data_ram.inst at time             72190000 ns: 
Reading from out-of-range address. Max address in tb_top.soc_lite.data_ram.inst is        1023
WARNING in tb_top.soc_lite.data_ram.inst at time             72470000 ns: 
Reading from out-of-range address. Max address in tb_top.soc_lite.data_ram.inst is        1023
WARNING in tb_top.soc_lite.data_ram.inst at time             72790000 ns: 
Reading from out-of-range address. Max address in tb_top.soc_lite.data_ram.inst is        1023
WARNING in tb_top.soc_lite.data_ram.inst at time             72830000 ns: 
Reading from out-of-range address. Max address in tb_top.soc_lite.data_ram.inst is        1023
WARNING in tb_top.soc_lite.data_ram.inst at time             73110000 ns: 
Reading from out-of-range address. Max address in tb_top.soc_lite.data_ram.inst is        1023
WARNING in tb_top.soc_lite.data_ram.inst at time             73430000 ns: 
Reading from out-of-range address. Max address in tb_top.soc_lite.data_ram.inst is        1023
WARNING in tb_top.soc_lite.data_ram.inst at time             73470000 ns: 
Reading from out-of-range address. Max address in tb_top.soc_lite.data_ram.inst is        1023
WARNING in tb_top.soc_lite.data_ram.inst at time             73750000 ns: 
Reading from out-of-range address. Max address in tb_top.soc_lite.data_ram.inst is        1023
WARNING in tb_top.soc_lite.data_ram.inst at time             73790000 ns: 
Reading from out-of-range address. Max address in tb_top.soc_lite.data_ram.inst is        1023
WARNING in tb_top.soc_lite.data_ram.inst at time             74390000 ns: 
Reading from out-of-range address. Max address in tb_top.soc_lite.data_ram.inst is        1023
WARNING in tb_top.soc_lite.data_ram.inst at time             74430000 ns: 
Reading from out-of-range address. Max address in tb_top.soc_lite.data_ram.inst is        1023
WARNING in tb_top.soc_lite.data_ram.inst at time             74710000 ns: 
Reading from out-of-range address. Max address in tb_top.soc_lite.data_ram.inst is        1023
WARNING in tb_top.soc_lite.data_ram.inst at time             74750000 ns: 
Reading from out-of-range address. Max address in tb_top.soc_lite.data_ram.inst is        1023
WARNING in tb_top.soc_lite.data_ram.inst at time             75350000 ns: 
Reading from out-of-range address. Max address in tb_top.soc_lite.data_ram.inst is        1023
WARNING in tb_top.soc_lite.data_ram.inst at time             75390000 ns: 
Reading from out-of-range address. Max address in tb_top.soc_lite.data_ram.inst is        1023
WARNING in tb_top.soc_lite.data_ram.inst at time             75670000 ns: 
Reading from out-of-range address. Max address in tb_top.soc_lite.data_ram.inst is        1023
WARNING in tb_top.soc_lite.data_ram.inst at time             75990000 ns: 
Reading from out-of-range address. Max address in tb_top.soc_lite.data_ram.inst is        1023
WARNING in tb_top.soc_lite.data_ram.inst at time             76350000 ns: 
Reading from out-of-range address. Max address in tb_top.soc_lite.data_ram.inst is        1023
WARNING in tb_top.soc_lite.data_ram.inst at time             76630000 ns: 
Reading from out-of-range address. Max address in tb_top.soc_lite.data_ram.inst is        1023
WARNING in tb_top.soc_lite.data_ram.inst at time             76670000 ns: 
Reading from out-of-range address. Max address in tb_top.soc_lite.data_ram.inst is        1023
WARNING in tb_top.soc_lite.data_ram.inst at time             76950000 ns: 
Reading from out-of-range address. Max address in tb_top.soc_lite.data_ram.inst is        1023
WARNING in tb_top.soc_lite.data_ram.inst at time             76990000 ns: 
Reading from out-of-range address. Max address in tb_top.soc_lite.data_ram.inst is        1023
WARNING in tb_top.soc_lite.data_ram.inst at time             77270000 ns: 
Reading from out-of-range address. Max address in tb_top.soc_lite.data_ram.inst is        1023
WARNING in tb_top.soc_lite.data_ram.inst at time             77310000 ns: 
Reading from out-of-range address. Max address in tb_top.soc_lite.data_ram.inst is        1023
WARNING in tb_top.soc_lite.data_ram.inst at time             77590000 ns: 
Reading from out-of-range address. Max address in tb_top.soc_lite.data_ram.inst is        1023
WARNING in tb_top.soc_lite.data_ram.inst at time             77630000 ns: 
Reading from out-of-range address. Max address in tb_top.soc_lite.data_ram.inst is        1023
WARNING in tb_top.soc_lite.data_ram.inst at time             77910000 ns: 
Reading from out-of-range address. Max address in tb_top.soc_lite.data_ram.inst is        1023
WARNING in tb_top.soc_lite.data_ram.inst at time             77950000 ns: 
Reading from out-of-range address. Max address in tb_top.soc_lite.data_ram.inst is        1023
WARNING in tb_top.soc_lite.data_ram.inst at time             78230000 ns: 
Reading from out-of-range address. Max address in tb_top.soc_lite.data_ram.inst is        1023
WARNING in tb_top.soc_lite.data_ram.inst at time             78270000 ns: 
Reading from out-of-range address. Max address in tb_top.soc_lite.data_ram.inst is        1023
WARNING in tb_top.soc_lite.data_ram.inst at time             78550000 ns: 
Reading from out-of-range address. Max address in tb_top.soc_lite.data_ram.inst is        1023
WARNING in tb_top.soc_lite.data_ram.inst at time             78590000 ns: 
Reading from out-of-range address. Max address in tb_top.soc_lite.data_ram.inst is        1023
WARNING in tb_top.soc_lite.data_ram.inst at time             78870000 ns: 
Reading from out-of-range address. Max address in tb_top.soc_lite.data_ram.inst is        1023
WARNING in tb_top.soc_lite.data_ram.inst at time             78910000 ns: 
Reading from out-of-range address. Max address in tb_top.soc_lite.data_ram.inst is        1023
WARNING in tb_top.soc_lite.data_ram.inst at time             79190000 ns: 
Reading from out-of-range address. Max address in tb_top.soc_lite.data_ram.inst is        1023
WARNING in tb_top.soc_lite.data_ram.inst at time             79230000 ns: 
Reading from out-of-range address. Max address in tb_top.soc_lite.data_ram.inst is        1023
WARNING in tb_top.soc_lite.data_ram.inst at time             79550000 ns: 
Reading from out-of-range address. Max address in tb_top.soc_lite.data_ram.inst is        1023
WARNING in tb_top.soc_lite.data_ram.inst at time             79830000 ns: 
Reading from out-of-range address. Max address in tb_top.soc_lite.data_ram.inst is        1023
WARNING in tb_top.soc_lite.data_ram.inst at time             79870000 ns: 
Reading from out-of-range address. Max address in tb_top.soc_lite.data_ram.inst is        1023
WARNING in tb_top.soc_lite.data_ram.inst at time             80150000 ns: 
Reading from out-of-range address. Max address in tb_top.soc_lite.data_ram.inst is        1023
WARNING in tb_top.soc_lite.data_ram.inst at time             80190000 ns: 
Reading from out-of-range address. Max address in tb_top.soc_lite.data_ram.inst is        1023
WARNING in tb_top.soc_lite.data_ram.inst at time             80470000 ns: 
Reading from out-of-range address. Max address in tb_top.soc_lite.data_ram.inst is        1023
WARNING in tb_top.soc_lite.data_ram.inst at time             80510000 ns: 
Reading from out-of-range address. Max address in tb_top.soc_lite.data_ram.inst is        1023
WARNING in tb_top.soc_lite.data_ram.inst at time             80790000 ns: 
Reading from out-of-range address. Max address in tb_top.soc_lite.data_ram.inst is        1023
WARNING in tb_top.soc_lite.data_ram.inst at time             80830000 ns: 
Reading from out-of-range address. Max address in tb_top.soc_lite.data_ram.inst is        1023
WARNING in tb_top.soc_lite.data_ram.inst at time             81110000 ns: 
Reading from out-of-range address. Max address in tb_top.soc_lite.data_ram.inst is        1023
WARNING in tb_top.soc_lite.data_ram.inst at time             81430000 ns: 
Reading from out-of-range address. Max address in tb_top.soc_lite.data_ram.inst is        1023
WARNING in tb_top.soc_lite.data_ram.inst at time             81470000 ns: 
Reading from out-of-range address. Max address in tb_top.soc_lite.data_ram.inst is        1023
WARNING in tb_top.soc_lite.data_ram.inst at time             81750000 ns: 
Reading from out-of-range address. Max address in tb_top.soc_lite.data_ram.inst is        1023
WARNING in tb_top.soc_lite.data_ram.inst at time             81790000 ns: 
Reading from out-of-range address. Max address in tb_top.soc_lite.data_ram.inst is        1023
        [  82000 ns] Test is running, debug_wb_pc = 0x1c01436c
WARNING in tb_top.soc_lite.data_ram.inst at time             82070000 ns: 
Reading from out-of-range address. Max address in tb_top.soc_lite.data_ram.inst is        1023
WARNING in tb_top.soc_lite.data_ram.inst at time             82390000 ns: 
Reading from out-of-range address. Max address in tb_top.soc_lite.data_ram.inst is        1023
WARNING in tb_top.soc_lite.data_ram.inst at time             82430000 ns: 
Reading from out-of-range address. Max address in tb_top.soc_lite.data_ram.inst is        1023
WARNING in tb_top.soc_lite.data_ram.inst at time             82710000 ns: 
Reading from out-of-range address. Max address in tb_top.soc_lite.data_ram.inst is        1023
WARNING in tb_top.soc_lite.data_ram.inst at time             83030000 ns: 
Reading from out-of-range address. Max address in tb_top.soc_lite.data_ram.inst is        1023
WARNING in tb_top.soc_lite.data_ram.inst at time             83350000 ns: 
Reading from out-of-range address. Max address in tb_top.soc_lite.data_ram.inst is        1023
WARNING in tb_top.soc_lite.data_ram.inst at time             83390000 ns: 
Reading from out-of-range address. Max address in tb_top.soc_lite.data_ram.inst is        1023
WARNING in tb_top.soc_lite.data_ram.inst at time             83670000 ns: 
Reading from out-of-range address. Max address in tb_top.soc_lite.data_ram.inst is        1023
WARNING in tb_top.soc_lite.data_ram.inst at time             83710000 ns: 
Reading from out-of-range address. Max address in tb_top.soc_lite.data_ram.inst is        1023
WARNING in tb_top.soc_lite.data_ram.inst at time             83990000 ns: 
Reading from out-of-range address. Max address in tb_top.soc_lite.data_ram.inst is        1023
WARNING in tb_top.soc_lite.data_ram.inst at time             84030000 ns: 
Reading from out-of-range address. Max address in tb_top.soc_lite.data_ram.inst is        1023
WARNING in tb_top.soc_lite.data_ram.inst at time             84310000 ns: 
Reading from out-of-range address. Max address in tb_top.soc_lite.data_ram.inst is        1023
WARNING in tb_top.soc_lite.data_ram.inst at time             84350000 ns: 
Reading from out-of-range address. Max address in tb_top.soc_lite.data_ram.inst is        1023
WARNING in tb_top.soc_lite.data_ram.inst at time             84630000 ns: 
Reading from out-of-range address. Max address in tb_top.soc_lite.data_ram.inst is        1023
WARNING in tb_top.soc_lite.data_ram.inst at time             84670000 ns: 
Reading from out-of-range address. Max address in tb_top.soc_lite.data_ram.inst is        1023
WARNING in tb_top.soc_lite.data_ram.inst at time             84950000 ns: 
Reading from out-of-range address. Max address in tb_top.soc_lite.data_ram.inst is        1023
WARNING in tb_top.soc_lite.data_ram.inst at time             84990000 ns: 
Reading from out-of-range address. Max address in tb_top.soc_lite.data_ram.inst is        1023
WARNING in tb_top.soc_lite.data_ram.inst at time             85270000 ns: 
Reading from out-of-range address. Max address in tb_top.soc_lite.data_ram.inst is        1023
WARNING in tb_top.soc_lite.data_ram.inst at time             85310000 ns: 
Reading from out-of-range address. Max address in tb_top.soc_lite.data_ram.inst is        1023
WARNING in tb_top.soc_lite.data_ram.inst at time             86230000 ns: 
Reading from out-of-range address. Max address in tb_top.soc_lite.data_ram.inst is        1023
WARNING in tb_top.soc_lite.data_ram.inst at time             86550000 ns: 
Reading from out-of-range address. Max address in tb_top.soc_lite.data_ram.inst is        1023
WARNING in tb_top.soc_lite.data_ram.inst at time             86870000 ns: 
Reading from out-of-range address. Max address in tb_top.soc_lite.data_ram.inst is        1023
WARNING in tb_top.soc_lite.data_ram.inst at time             87190000 ns: 
Reading from out-of-range address. Max address in tb_top.soc_lite.data_ram.inst is        1023
WARNING in tb_top.soc_lite.data_ram.inst at time             87510000 ns: 
Reading from out-of-range address. Max address in tb_top.soc_lite.data_ram.inst is        1023
WARNING in tb_top.soc_lite.data_ram.inst at time             88150000 ns: 
Reading from out-of-range address. Max address in tb_top.soc_lite.data_ram.inst is        1023
WARNING in tb_top.soc_lite.data_ram.inst at time             88470000 ns: 
Reading from out-of-range address. Max address in tb_top.soc_lite.data_ram.inst is        1023
WARNING in tb_top.soc_lite.data_ram.inst at time             88790000 ns: 
Reading from out-of-range address. Max address in tb_top.soc_lite.data_ram.inst is        1023
WARNING in tb_top.soc_lite.data_ram.inst at time             89430000 ns: 
Reading from out-of-range address. Max address in tb_top.soc_lite.data_ram.inst is        1023
WARNING in tb_top.soc_lite.data_ram.inst at time             89750000 ns: 
Reading from out-of-range address. Max address in tb_top.soc_lite.data_ram.inst is        1023
WARNING in tb_top.soc_lite.data_ram.inst at time             90070000 ns: 
Reading from out-of-range address. Max address in tb_top.soc_lite.data_ram.inst is        1023
WARNING in tb_top.soc_lite.data_ram.inst at time             90390000 ns: 
Reading from out-of-range address. Max address in tb_top.soc_lite.data_ram.inst is        1023
WARNING in tb_top.soc_lite.data_ram.inst at time             90710000 ns: 
Reading from out-of-range address. Max address in tb_top.soc_lite.data_ram.inst is        1023
WARNING in tb_top.soc_lite.data_ram.inst at time             91030000 ns: 
Reading from out-of-range address. Max address in tb_top.soc_lite.data_ram.inst is        1023
WARNING in tb_top.soc_lite.data_ram.inst at time             91350000 ns: 
Reading from out-of-range address. Max address in tb_top.soc_lite.data_ram.inst is        1023
WARNING in tb_top.soc_lite.data_ram.inst at time             91990000 ns: 
Reading from out-of-range address. Max address in tb_top.soc_lite.data_ram.inst is        1023
        [  92000 ns] Test is running, debug_wb_pc = 0x1c014b3c
WARNING in tb_top.soc_lite.data_ram.inst at time             92630000 ns: 
Reading from out-of-range address. Max address in tb_top.soc_lite.data_ram.inst is        1023
WARNING in tb_top.soc_lite.data_ram.inst at time             92950000 ns: 
Reading from out-of-range address. Max address in tb_top.soc_lite.data_ram.inst is        1023
WARNING in tb_top.soc_lite.data_ram.inst at time             93270000 ns: 
Reading from out-of-range address. Max address in tb_top.soc_lite.data_ram.inst is        1023
WARNING in tb_top.soc_lite.data_ram.inst at time             93590000 ns: 
Reading from out-of-range address. Max address in tb_top.soc_lite.data_ram.inst is        1023
WARNING in tb_top.soc_lite.data_ram.inst at time             93910000 ns: 
Reading from out-of-range address. Max address in tb_top.soc_lite.data_ram.inst is        1023
WARNING in tb_top.soc_lite.data_ram.inst at time             94230000 ns: 
Reading from out-of-range address. Max address in tb_top.soc_lite.data_ram.inst is        1023
WARNING in tb_top.soc_lite.data_ram.inst at time             94550000 ns: 
Reading from out-of-range address. Max address in tb_top.soc_lite.data_ram.inst is        1023
WARNING in tb_top.soc_lite.data_ram.inst at time             94870000 ns: 
Reading from out-of-range address. Max address in tb_top.soc_lite.data_ram.inst is        1023
WARNING in tb_top.soc_lite.data_ram.inst at time             95190000 ns: 
Reading from out-of-range address. Max address in tb_top.soc_lite.data_ram.inst is        1023
WARNING in tb_top.soc_lite.data_ram.inst at time             95830000 ns: 
Reading from out-of-range address. Max address in tb_top.soc_lite.data_ram.inst is        1023
WARNING in tb_top.soc_lite.data_ram.inst at time             96150000 ns: 
Reading from out-of-range address. Max address in tb_top.soc_lite.data_ram.inst is        1023
WARNING in tb_top.soc_lite.data_ram.inst at time             96470000 ns: 
Reading from out-of-range address. Max address in tb_top.soc_lite.data_ram.inst is        1023
WARNING in tb_top.soc_lite.data_ram.inst at time             96790000 ns: 
Reading from out-of-range address. Max address in tb_top.soc_lite.data_ram.inst is        1023
WARNING in tb_top.soc_lite.data_ram.inst at time             97110000 ns: 
Reading from out-of-range address. Max address in tb_top.soc_lite.data_ram.inst is        1023
WARNING in tb_top.soc_lite.data_ram.inst at time             97430000 ns: 
Reading from out-of-range address. Max address in tb_top.soc_lite.data_ram.inst is        1023
WARNING in tb_top.soc_lite.data_ram.inst at time             97750000 ns: 
Reading from out-of-range address. Max address in tb_top.soc_lite.data_ram.inst is        1023
WARNING in tb_top.soc_lite.data_ram.inst at time             98070000 ns: 
Reading from out-of-range address. Max address in tb_top.soc_lite.data_ram.inst is        1023
WARNING in tb_top.soc_lite.data_ram.inst at time             98710000 ns: 
Reading from out-of-range address. Max address in tb_top.soc_lite.data_ram.inst is        1023
WARNING in tb_top.soc_lite.data_ram.inst at time             99030000 ns: 
Reading from out-of-range address. Max address in tb_top.soc_lite.data_ram.inst is        1023
WARNING in tb_top.soc_lite.data_ram.inst at time             99350000 ns: 
Reading from out-of-range address. Max address in tb_top.soc_lite.data_ram.inst is        1023
WARNING in tb_top.soc_lite.data_ram.inst at time             99670000 ns: 
Reading from out-of-range address. Max address in tb_top.soc_lite.data_ram.inst is        1023
WARNING in tb_top.soc_lite.data_ram.inst at time             99990000 ns: 
Reading from out-of-range address. Max address in tb_top.soc_lite.data_ram.inst is        1023
WARNING in tb_top.soc_lite.data_ram.inst at time            100310000 ns: 
Reading from out-of-range address. Max address in tb_top.soc_lite.data_ram.inst is        1023
WARNING in tb_top.soc_lite.data_ram.inst at time            100630000 ns: 
Reading from out-of-range address. Max address in tb_top.soc_lite.data_ram.inst is        1023
WARNING in tb_top.soc_lite.data_ram.inst at time            100950000 ns: 
Reading from out-of-range address. Max address in tb_top.soc_lite.data_ram.inst is        1023
WARNING in tb_top.soc_lite.data_ram.inst at time            101270000 ns: 
Reading from out-of-range address. Max address in tb_top.soc_lite.data_ram.inst is        1023
WARNING in tb_top.soc_lite.data_ram.inst at time            101590000 ns: 
Reading from out-of-range address. Max address in tb_top.soc_lite.data_ram.inst is        1023
WARNING in tb_top.soc_lite.data_ram.inst at time            101910000 ns: 
Reading from out-of-range address. Max address in tb_top.soc_lite.data_ram.inst is        1023
        [ 102000 ns] Test is running, debug_wb_pc = 0x1c01530c
WARNING in tb_top.soc_lite.data_ram.inst at time            102230000 ns: 
Reading from out-of-range address. Max address in tb_top.soc_lite.data_ram.inst is        1023
WARNING in tb_top.soc_lite.data_ram.inst at time            102870000 ns: 
Reading from out-of-range address. Max address in tb_top.soc_lite.data_ram.inst is        1023
WARNING in tb_top.soc_lite.data_ram.inst at time            103190000 ns: 
Reading from out-of-range address. Max address in tb_top.soc_lite.data_ram.inst is        1023
WARNING in tb_top.soc_lite.data_ram.inst at time            103510000 ns: 
Reading from out-of-range address. Max address in tb_top.soc_lite.data_ram.inst is        1023
WARNING in tb_top.soc_lite.data_ram.inst at time            103830000 ns: 
Reading from out-of-range address. Max address in tb_top.soc_lite.data_ram.inst is        1023
WARNING in tb_top.soc_lite.data_ram.inst at time            104150000 ns: 
Reading from out-of-range address. Max address in tb_top.soc_lite.data_ram.inst is        1023
WARNING in tb_top.soc_lite.data_ram.inst at time            104470000 ns: 
Reading from out-of-range address. Max address in tb_top.soc_lite.data_ram.inst is        1023
WARNING in tb_top.soc_lite.data_ram.inst at time            104790000 ns: 
Reading from out-of-range address. Max address in tb_top.soc_lite.data_ram.inst is        1023
WARNING in tb_top.soc_lite.data_ram.inst at time            105110000 ns: 
Reading from out-of-range address. Max address in tb_top.soc_lite.data_ram.inst is        1023
WARNING in tb_top.soc_lite.data_ram.inst at time            105430000 ns: 
Reading from out-of-range address. Max address in tb_top.soc_lite.data_ram.inst is        1023
WARNING in tb_top.soc_lite.data_ram.inst at time            105750000 ns: 
Reading from out-of-range address. Max address in tb_top.soc_lite.data_ram.inst is        1023
WARNING in tb_top.soc_lite.data_ram.inst at time            106070000 ns: 
Reading from out-of-range address. Max address in tb_top.soc_lite.data_ram.inst is        1023
WARNING in tb_top.soc_lite.data_ram.inst at time            106390000 ns: 
Reading from out-of-range address. Max address in tb_top.soc_lite.data_ram.inst is        1023
WARNING in tb_top.soc_lite.data_ram.inst at time            106710000 ns: 
Reading from out-of-range address. Max address in tb_top.soc_lite.data_ram.inst is        1023
WARNING in tb_top.soc_lite.data_ram.inst at time            107030000 ns: 
Reading from out-of-range address. Max address in tb_top.soc_lite.data_ram.inst is        1023
WARNING in tb_top.soc_lite.data_ram.inst at time            107350000 ns: 
Reading from out-of-range address. Max address in tb_top.soc_lite.data_ram.inst is        1023
WARNING in tb_top.soc_lite.data_ram.inst at time            107990000 ns: 
Reading from out-of-range address. Max address in tb_top.soc_lite.data_ram.inst is        1023
WARNING in tb_top.soc_lite.data_ram.inst at time            108310000 ns: 
Reading from out-of-range address. Max address in tb_top.soc_lite.data_ram.inst is        1023
----[ 109050 ns] Number 8'd03 Functional Test Point PASS!!!
WARNING in tb_top.soc_lite.data_ram.inst at time            109090000 ns: 
Reading from out-of-range address. Max address in tb_top.soc_lite.data_ram.inst is        1023
WARNING in tb_top.soc_lite.data_ram.inst at time            109130000 ns: 
Reading from out-of-range address. Max address in tb_top.soc_lite.data_ram.inst is        1023
WARNING in tb_top.soc_lite.data_ram.inst at time            109530000 ns: 
Reading from out-of-range address. Max address in tb_top.soc_lite.data_ram.inst is        1023
WARNING in tb_top.soc_lite.data_ram.inst at time            109810000 ns: 
Reading from out-of-range address. Max address in tb_top.soc_lite.data_ram.inst is        1023
WARNING in tb_top.soc_lite.data_ram.inst at time            109850000 ns: 
Reading from out-of-range address. Max address in tb_top.soc_lite.data_ram.inst is        1023
WARNING in tb_top.soc_lite.data_ram.inst at time            110130000 ns: 
Reading from out-of-range address. Max address in tb_top.soc_lite.data_ram.inst is        1023
WARNING in tb_top.soc_lite.data_ram.inst at time            110210000 ns: 
Reading from out-of-range address. Max address in tb_top.soc_lite.data_ram.inst is        1023
WARNING in tb_top.soc_lite.data_ram.inst at time            110450000 ns: 
Reading from out-of-range address. Max address in tb_top.soc_lite.data_ram.inst is        1023
WARNING in tb_top.soc_lite.data_ram.inst at time            110490000 ns: 
Reading from out-of-range address. Max address in tb_top.soc_lite.data_ram.inst is        1023
WARNING in tb_top.soc_lite.data_ram.inst at time            110530000 ns: 
Reading from out-of-range address. Max address in tb_top.soc_lite.data_ram.inst is        1023
WARNING in tb_top.soc_lite.data_ram.inst at time            110810000 ns: 
Reading from out-of-range address. Max address in tb_top.soc_lite.data_ram.inst is        1023
WARNING in tb_top.soc_lite.data_ram.inst at time            111410000 ns: 
Reading from out-of-range address. Max address in tb_top.soc_lite.data_ram.inst is        1023
WARNING in tb_top.soc_lite.data_ram.inst at time            111730000 ns: 
Reading from out-of-range address. Max address in tb_top.soc_lite.data_ram.inst is        1023
WARNING in tb_top.soc_lite.data_ram.inst at time            111770000 ns: 
Reading from out-of-range address. Max address in tb_top.soc_lite.data_ram.inst is        1023
WARNING in tb_top.soc_lite.data_ram.inst at time            111810000 ns: 
Reading from out-of-range address. Max address in tb_top.soc_lite.data_ram.inst is        1023
        [ 112000 ns] Test is running, debug_wb_pc = 0x1c015a90
WARNING in tb_top.soc_lite.data_ram.inst at time            112090000 ns: 
Reading from out-of-range address. Max address in tb_top.soc_lite.data_ram.inst is        1023
WARNING in tb_top.soc_lite.data_ram.inst at time            112370000 ns: 
Reading from out-of-range address. Max address in tb_top.soc_lite.data_ram.inst is        1023
WARNING in tb_top.soc_lite.data_ram.inst at time            112410000 ns: 
Reading from out-of-range address. Max address in tb_top.soc_lite.data_ram.inst is        1023
WARNING in tb_top.soc_lite.data_ram.inst at time            112450000 ns: 
Reading from out-of-range address. Max address in tb_top.soc_lite.data_ram.inst is        1023
WARNING in tb_top.soc_lite.data_ram.inst at time            112690000 ns: 
Reading from out-of-range address. Max address in tb_top.soc_lite.data_ram.inst is        1023
WARNING in tb_top.soc_lite.data_ram.inst at time            112730000 ns: 
Reading from out-of-range address. Max address in tb_top.soc_lite.data_ram.inst is        1023
WARNING in tb_top.soc_lite.data_ram.inst at time            113010000 ns: 
Reading from out-of-range address. Max address in tb_top.soc_lite.data_ram.inst is        1023
WARNING in tb_top.soc_lite.data_ram.inst at time            113330000 ns: 
Reading from out-of-range address. Max address in tb_top.soc_lite.data_ram.inst is        1023
WARNING in tb_top.soc_lite.data_ram.inst at time            113650000 ns: 
Reading from out-of-range address. Max address in tb_top.soc_lite.data_ram.inst is        1023
WARNING in tb_top.soc_lite.data_ram.inst at time            113690000 ns: 
Reading from out-of-range address. Max address in tb_top.soc_lite.data_ram.inst is        1023
WARNING in tb_top.soc_lite.data_ram.inst at time            113730000 ns: 
Reading from out-of-range address. Max address in tb_top.soc_lite.data_ram.inst is        1023
WARNING in tb_top.soc_lite.data_ram.inst at time            114010000 ns: 
Reading from out-of-range address. Max address in tb_top.soc_lite.data_ram.inst is        1023
WARNING in tb_top.soc_lite.data_ram.inst at time            114050000 ns: 
Reading from out-of-range address. Max address in tb_top.soc_lite.data_ram.inst is        1023
WARNING in tb_top.soc_lite.data_ram.inst at time            114290000 ns: 
Reading from out-of-range address. Max address in tb_top.soc_lite.data_ram.inst is        1023
WARNING in tb_top.soc_lite.data_ram.inst at time            114330000 ns: 
Reading from out-of-range address. Max address in tb_top.soc_lite.data_ram.inst is        1023
WARNING in tb_top.soc_lite.data_ram.inst at time            114650000 ns: 
Reading from out-of-range address. Max address in tb_top.soc_lite.data_ram.inst is        1023
WARNING in tb_top.soc_lite.data_ram.inst at time            114930000 ns: 
Reading from out-of-range address. Max address in tb_top.soc_lite.data_ram.inst is        1023
WARNING in tb_top.soc_lite.data_ram.inst at time            115570000 ns: 
Reading from out-of-range address. Max address in tb_top.soc_lite.data_ram.inst is        1023
WARNING in tb_top.soc_lite.data_ram.inst at time            115650000 ns: 
Reading from out-of-range address. Max address in tb_top.soc_lite.data_ram.inst is        1023
WARNING in tb_top.soc_lite.data_ram.inst at time            115890000 ns: 
Reading from out-of-range address. Max address in tb_top.soc_lite.data_ram.inst is        1023
WARNING in tb_top.soc_lite.data_ram.inst at time            115930000 ns: 
Reading from out-of-range address. Max address in tb_top.soc_lite.data_ram.inst is        1023
WARNING in tb_top.soc_lite.data_ram.inst at time            116210000 ns: 
Reading from out-of-range address. Max address in tb_top.soc_lite.data_ram.inst is        1023
WARNING in tb_top.soc_lite.data_ram.inst at time            116290000 ns: 
Reading from out-of-range address. Max address in tb_top.soc_lite.data_ram.inst is        1023
WARNING in tb_top.soc_lite.data_ram.inst at time            116530000 ns: 
Reading from out-of-range address. Max address in tb_top.soc_lite.data_ram.inst is        1023
WARNING in tb_top.soc_lite.data_ram.inst at time            116570000 ns: 
Reading from out-of-range address. Max address in tb_top.soc_lite.data_ram.inst is        1023
WARNING in tb_top.soc_lite.data_ram.inst at time            116610000 ns: 
Reading from out-of-range address. Max address in tb_top.soc_lite.data_ram.inst is        1023
WARNING in tb_top.soc_lite.data_ram.inst at time            116850000 ns: 
Reading from out-of-range address. Max address in tb_top.soc_lite.data_ram.inst is        1023
WARNING in tb_top.soc_lite.data_ram.inst at time            116890000 ns: 
Reading from out-of-range address. Max address in tb_top.soc_lite.data_ram.inst is        1023
WARNING in tb_top.soc_lite.data_ram.inst at time            117170000 ns: 
Reading from out-of-range address. Max address in tb_top.soc_lite.data_ram.inst is        1023
WARNING in tb_top.soc_lite.data_ram.inst at time            117490000 ns: 
Reading from out-of-range address. Max address in tb_top.soc_lite.data_ram.inst is        1023
WARNING in tb_top.soc_lite.data_ram.inst at time            117530000 ns: 
Reading from out-of-range address. Max address in tb_top.soc_lite.data_ram.inst is        1023
WARNING in tb_top.soc_lite.data_ram.inst at time            117810000 ns: 
Reading from out-of-range address. Max address in tb_top.soc_lite.data_ram.inst is        1023
WARNING in tb_top.soc_lite.data_ram.inst at time            117850000 ns: 
Reading from out-of-range address. Max address in tb_top.soc_lite.data_ram.inst is        1023
WARNING in tb_top.soc_lite.data_ram.inst at time            118130000 ns: 
Reading from out-of-range address. Max address in tb_top.soc_lite.data_ram.inst is        1023
WARNING in tb_top.soc_lite.data_ram.inst at time            118170000 ns: 
Reading from out-of-range address. Max address in tb_top.soc_lite.data_ram.inst is        1023
WARNING in tb_top.soc_lite.data_ram.inst at time            118210000 ns: 
Reading from out-of-range address. Max address in tb_top.soc_lite.data_ram.inst is        1023
WARNING in tb_top.soc_lite.data_ram.inst at time            118450000 ns: 
Reading from out-of-range address. Max address in tb_top.soc_lite.data_ram.inst is        1023
WARNING in tb_top.soc_lite.data_ram.inst at time            118490000 ns: 
Reading from out-of-range address. Max address in tb_top.soc_lite.data_ram.inst is        1023
WARNING in tb_top.soc_lite.data_ram.inst at time            118770000 ns: 
Reading from out-of-range address. Max address in tb_top.soc_lite.data_ram.inst is        1023
WARNING in tb_top.soc_lite.data_ram.inst at time            118810000 ns: 
Reading from out-of-range address. Max address in tb_top.soc_lite.data_ram.inst is        1023
WARNING in tb_top.soc_lite.data_ram.inst at time            118850000 ns: 
Reading from out-of-range address. Max address in tb_top.soc_lite.data_ram.inst is        1023
WARNING in tb_top.soc_lite.data_ram.inst at time            119130000 ns: 
Reading from out-of-range address. Max address in tb_top.soc_lite.data_ram.inst is        1023
WARNING in tb_top.soc_lite.data_ram.inst at time            119170000 ns: 
Reading from out-of-range address. Max address in tb_top.soc_lite.data_ram.inst is        1023
WARNING in tb_top.soc_lite.data_ram.inst at time            119410000 ns: 
Reading from out-of-range address. Max address in tb_top.soc_lite.data_ram.inst is        1023
WARNING in tb_top.soc_lite.data_ram.inst at time            119450000 ns: 
Reading from out-of-range address. Max address in tb_top.soc_lite.data_ram.inst is        1023
WARNING in tb_top.soc_lite.data_ram.inst at time            119730000 ns: 
Reading from out-of-range address. Max address in tb_top.soc_lite.data_ram.inst is        1023
WARNING in tb_top.soc_lite.data_ram.inst at time            119770000 ns: 
Reading from out-of-range address. Max address in tb_top.soc_lite.data_ram.inst is        1023
WARNING in tb_top.soc_lite.data_ram.inst at time            119810000 ns: 
Reading from out-of-range address. Max address in tb_top.soc_lite.data_ram.inst is        1023
WARNING in tb_top.soc_lite.data_ram.inst at time            120050000 ns: 
Reading from out-of-range address. Max address in tb_top.soc_lite.data_ram.inst is        1023
WARNING in tb_top.soc_lite.data_ram.inst at time            120370000 ns: 
Reading from out-of-range address. Max address in tb_top.soc_lite.data_ram.inst is        1023
WARNING in tb_top.soc_lite.data_ram.inst at time            120450000 ns: 
Reading from out-of-range address. Max address in tb_top.soc_lite.data_ram.inst is        1023
WARNING in tb_top.soc_lite.data_ram.inst at time            120690000 ns: 
Reading from out-of-range address. Max address in tb_top.soc_lite.data_ram.inst is        1023
WARNING in tb_top.soc_lite.data_ram.inst at time            121090000 ns: 
Reading from out-of-range address. Max address in tb_top.soc_lite.data_ram.inst is        1023
WARNING in tb_top.soc_lite.data_ram.inst at time            121330000 ns: 
Reading from out-of-range address. Max address in tb_top.soc_lite.data_ram.inst is        1023
WARNING in tb_top.soc_lite.data_ram.inst at time            121650000 ns: 
Reading from out-of-range address. Max address in tb_top.soc_lite.data_ram.inst is        1023
WARNING in tb_top.soc_lite.data_ram.inst at time            121970000 ns: 
Reading from out-of-range address. Max address in tb_top.soc_lite.data_ram.inst is        1023
        [ 122000 ns] Test is running, debug_wb_pc = 0x1c016260
WARNING in tb_top.soc_lite.data_ram.inst at time            122290000 ns: 
Reading from out-of-range address. Max address in tb_top.soc_lite.data_ram.inst is        1023
WARNING in tb_top.soc_lite.data_ram.inst at time            122930000 ns: 
Reading from out-of-range address. Max address in tb_top.soc_lite.data_ram.inst is        1023
WARNING in tb_top.soc_lite.data_ram.inst at time            123010000 ns: 
Reading from out-of-range address. Max address in tb_top.soc_lite.data_ram.inst is        1023
WARNING in tb_top.soc_lite.data_ram.inst at time            123250000 ns: 
Reading from out-of-range address. Max address in tb_top.soc_lite.data_ram.inst is        1023
WARNING in tb_top.soc_lite.data_ram.inst at time            123330000 ns: 
Reading from out-of-range address. Max address in tb_top.soc_lite.data_ram.inst is        1023
WARNING in tb_top.soc_lite.data_ram.inst at time            123570000 ns: 
Reading from out-of-range address. Max address in tb_top.soc_lite.data_ram.inst is        1023
WARNING in tb_top.soc_lite.data_ram.inst at time            123650000 ns: 
Reading from out-of-range address. Max address in tb_top.soc_lite.data_ram.inst is        1023
WARNING in tb_top.soc_lite.data_ram.inst at time            124210000 ns: 
Reading from out-of-range address. Max address in tb_top.soc_lite.data_ram.inst is        1023
WARNING in tb_top.soc_lite.data_ram.inst at time            124530000 ns: 
Reading from out-of-range address. Max address in tb_top.soc_lite.data_ram.inst is        1023
WARNING in tb_top.soc_lite.data_ram.inst at time            124850000 ns: 
Reading from out-of-range address. Max address in tb_top.soc_lite.data_ram.inst is        1023
WARNING in tb_top.soc_lite.data_ram.inst at time            124930000 ns: 
Reading from out-of-range address. Max address in tb_top.soc_lite.data_ram.inst is        1023
WARNING in tb_top.soc_lite.data_ram.inst at time            125490000 ns: 
Reading from out-of-range address. Max address in tb_top.soc_lite.data_ram.inst is        1023
WARNING in tb_top.soc_lite.data_ram.inst at time            125570000 ns: 
Reading from out-of-range address. Max address in tb_top.soc_lite.data_ram.inst is        1023
WARNING in tb_top.soc_lite.data_ram.inst at time            125810000 ns: 
Reading from out-of-range address. Max address in tb_top.soc_lite.data_ram.inst is        1023
WARNING in tb_top.soc_lite.data_ram.inst at time            126130000 ns: 
Reading from out-of-range address. Max address in tb_top.soc_lite.data_ram.inst is        1023
WARNING in tb_top.soc_lite.data_ram.inst at time            126450000 ns: 
Reading from out-of-range address. Max address in tb_top.soc_lite.data_ram.inst is        1023
WARNING in tb_top.soc_lite.data_ram.inst at time            126850000 ns: 
Reading from out-of-range address. Max address in tb_top.soc_lite.data_ram.inst is        1023
WARNING in tb_top.soc_lite.data_ram.inst at time            127090000 ns: 
Reading from out-of-range address. Max address in tb_top.soc_lite.data_ram.inst is        1023
WARNING in tb_top.soc_lite.data_ram.inst at time            127410000 ns: 
Reading from out-of-range address. Max address in tb_top.soc_lite.data_ram.inst is        1023
WARNING in tb_top.soc_lite.data_ram.inst at time            127730000 ns: 
Reading from out-of-range address. Max address in tb_top.soc_lite.data_ram.inst is        1023
WARNING in tb_top.soc_lite.data_ram.inst at time            128050000 ns: 
Reading from out-of-range address. Max address in tb_top.soc_lite.data_ram.inst is        1023
WARNING in tb_top.soc_lite.data_ram.inst at time            128370000 ns: 
Reading from out-of-range address. Max address in tb_top.soc_lite.data_ram.inst is        1023
WARNING in tb_top.soc_lite.data_ram.inst at time            128450000 ns: 
Reading from out-of-range address. Max address in tb_top.soc_lite.data_ram.inst is        1023
WARNING in tb_top.soc_lite.data_ram.inst at time            128690000 ns: 
Reading from out-of-range address. Max address in tb_top.soc_lite.data_ram.inst is        1023
WARNING in tb_top.soc_lite.data_ram.inst at time            129010000 ns: 
Reading from out-of-range address. Max address in tb_top.soc_lite.data_ram.inst is        1023
WARNING in tb_top.soc_lite.data_ram.inst at time            129090000 ns: 
Reading from out-of-range address. Max address in tb_top.soc_lite.data_ram.inst is        1023
WARNING in tb_top.soc_lite.data_ram.inst at time            129330000 ns: 
Reading from out-of-range address. Max address in tb_top.soc_lite.data_ram.inst is        1023
WARNING in tb_top.soc_lite.data_ram.inst at time            129970000 ns: 
Reading from out-of-range address. Max address in tb_top.soc_lite.data_ram.inst is        1023
WARNING in tb_top.soc_lite.data_ram.inst at time            130370000 ns: 
Reading from out-of-range address. Max address in tb_top.soc_lite.data_ram.inst is        1023
WARNING in tb_top.soc_lite.data_ram.inst at time            130610000 ns: 
Reading from out-of-range address. Max address in tb_top.soc_lite.data_ram.inst is        1023
WARNING in tb_top.soc_lite.data_ram.inst at time            130690000 ns: 
Reading from out-of-range address. Max address in tb_top.soc_lite.data_ram.inst is        1023
WARNING in tb_top.soc_lite.data_ram.inst at time            130930000 ns: 
Reading from out-of-range address. Max address in tb_top.soc_lite.data_ram.inst is        1023
WARNING in tb_top.soc_lite.data_ram.inst at time            131250000 ns: 
Reading from out-of-range address. Max address in tb_top.soc_lite.data_ram.inst is        1023
WARNING in tb_top.soc_lite.data_ram.inst at time            131330000 ns: 
Reading from out-of-range address. Max address in tb_top.soc_lite.data_ram.inst is        1023
WARNING in tb_top.soc_lite.data_ram.inst at time            131570000 ns: 
Reading from out-of-range address. Max address in tb_top.soc_lite.data_ram.inst is        1023
WARNING in tb_top.soc_lite.data_ram.inst at time            131650000 ns: 
Reading from out-of-range address. Max address in tb_top.soc_lite.data_ram.inst is        1023
WARNING in tb_top.soc_lite.data_ram.inst at time            131890000 ns: 
Reading from out-of-range address. Max address in tb_top.soc_lite.data_ram.inst is        1023
WARNING in tb_top.soc_lite.data_ram.inst at time            131970000 ns: 
Reading from out-of-range address. Max address in tb_top.soc_lite.data_ram.inst is        1023
        [ 132000 ns] Test is running, debug_wb_pc = 0x1c016a30
WARNING in tb_top.soc_lite.data_ram.inst at time            132530000 ns: 
Reading from out-of-range address. Max address in tb_top.soc_lite.data_ram.inst is        1023
WARNING in tb_top.soc_lite.data_ram.inst at time            132850000 ns: 
Reading from out-of-range address. Max address in tb_top.soc_lite.data_ram.inst is        1023
WARNING in tb_top.soc_lite.data_ram.inst at time            132930000 ns: 
Reading from out-of-range address. Max address in tb_top.soc_lite.data_ram.inst is        1023
WARNING in tb_top.soc_lite.data_ram.inst at time            133250000 ns: 
Reading from out-of-range address. Max address in tb_top.soc_lite.data_ram.inst is        1023
WARNING in tb_top.soc_lite.data_ram.inst at time            133810000 ns: 
Reading from out-of-range address. Max address in tb_top.soc_lite.data_ram.inst is        1023
WARNING in tb_top.soc_lite.data_ram.inst at time            134130000 ns: 
Reading from out-of-range address. Max address in tb_top.soc_lite.data_ram.inst is        1023
WARNING in tb_top.soc_lite.data_ram.inst at time            134450000 ns: 
Reading from out-of-range address. Max address in tb_top.soc_lite.data_ram.inst is        1023
WARNING in tb_top.soc_lite.data_ram.inst at time            134770000 ns: 
Reading from out-of-range address. Max address in tb_top.soc_lite.data_ram.inst is        1023
WARNING in tb_top.soc_lite.data_ram.inst at time            134850000 ns: 
Reading from out-of-range address. Max address in tb_top.soc_lite.data_ram.inst is        1023
WARNING in tb_top.soc_lite.data_ram.inst at time            135090000 ns: 
Reading from out-of-range address. Max address in tb_top.soc_lite.data_ram.inst is        1023
WARNING in tb_top.soc_lite.data_ram.inst at time            135410000 ns: 
Reading from out-of-range address. Max address in tb_top.soc_lite.data_ram.inst is        1023
WARNING in tb_top.soc_lite.data_ram.inst at time            135730000 ns: 
Reading from out-of-range address. Max address in tb_top.soc_lite.data_ram.inst is        1023
WARNING in tb_top.soc_lite.data_ram.inst at time            135810000 ns: 
Reading from out-of-range address. Max address in tb_top.soc_lite.data_ram.inst is        1023
WARNING in tb_top.soc_lite.data_ram.inst at time            136370000 ns: 
Reading from out-of-range address. Max address in tb_top.soc_lite.data_ram.inst is        1023
WARNING in tb_top.soc_lite.data_ram.inst at time            137010000 ns: 
Reading from out-of-range address. Max address in tb_top.soc_lite.data_ram.inst is        1023
WARNING in tb_top.soc_lite.data_ram.inst at time            137330000 ns: 
Reading from out-of-range address. Max address in tb_top.soc_lite.data_ram.inst is        1023
WARNING in tb_top.soc_lite.data_ram.inst at time            137650000 ns: 
Reading from out-of-range address. Max address in tb_top.soc_lite.data_ram.inst is        1023
WARNING in tb_top.soc_lite.data_ram.inst at time            137970000 ns: 
Reading from out-of-range address. Max address in tb_top.soc_lite.data_ram.inst is        1023
WARNING in tb_top.soc_lite.data_ram.inst at time            138050000 ns: 
Reading from out-of-range address. Max address in tb_top.soc_lite.data_ram.inst is        1023
WARNING in tb_top.soc_lite.data_ram.inst at time            138290000 ns: 
Reading from out-of-range address. Max address in tb_top.soc_lite.data_ram.inst is        1023
WARNING in tb_top.soc_lite.data_ram.inst at time            138610000 ns: 
Reading from out-of-range address. Max address in tb_top.soc_lite.data_ram.inst is        1023
WARNING in tb_top.soc_lite.data_ram.inst at time            138690000 ns: 
Reading from out-of-range address. Max address in tb_top.soc_lite.data_ram.inst is        1023
WARNING in tb_top.soc_lite.data_ram.inst at time            138930000 ns: 
Reading from out-of-range address. Max address in tb_top.soc_lite.data_ram.inst is        1023
WARNING in tb_top.soc_lite.data_ram.inst at time            139570000 ns: 
Reading from out-of-range address. Max address in tb_top.soc_lite.data_ram.inst is        1023
WARNING in tb_top.soc_lite.data_ram.inst at time            139650000 ns: 
Reading from out-of-range address. Max address in tb_top.soc_lite.data_ram.inst is        1023
WARNING in tb_top.soc_lite.data_ram.inst at time            140210000 ns: 
Reading from out-of-range address. Max address in tb_top.soc_lite.data_ram.inst is        1023
WARNING in tb_top.soc_lite.data_ram.inst at time            140290000 ns: 
Reading from out-of-range address. Max address in tb_top.soc_lite.data_ram.inst is        1023
WARNING in tb_top.soc_lite.data_ram.inst at time            140530000 ns: 
Reading from out-of-range address. Max address in tb_top.soc_lite.data_ram.inst is        1023
WARNING in tb_top.soc_lite.data_ram.inst at time            140610000 ns: 
Reading from out-of-range address. Max address in tb_top.soc_lite.data_ram.inst is        1023
WARNING in tb_top.soc_lite.data_ram.inst at time            140850000 ns: 
Reading from out-of-range address. Max address in tb_top.soc_lite.data_ram.inst is        1023
WARNING in tb_top.soc_lite.data_ram.inst at time            140930000 ns: 
Reading from out-of-range address. Max address in tb_top.soc_lite.data_ram.inst is        1023
WARNING in tb_top.soc_lite.data_ram.inst at time            141170000 ns: 
Reading from out-of-range address. Max address in tb_top.soc_lite.data_ram.inst is        1023
WARNING in tb_top.soc_lite.data_ram.inst at time            141250000 ns: 
Reading from out-of-range address. Max address in tb_top.soc_lite.data_ram.inst is        1023
WARNING in tb_top.soc_lite.data_ram.inst at time            141490000 ns: 
Reading from out-of-range address. Max address in tb_top.soc_lite.data_ram.inst is        1023
WARNING in tb_top.soc_lite.data_ram.inst at time            141570000 ns: 
Reading from out-of-range address. Max address in tb_top.soc_lite.data_ram.inst is        1023
WARNING in tb_top.soc_lite.data_ram.inst at time            141810000 ns: 
Reading from out-of-range address. Max address in tb_top.soc_lite.data_ram.inst is        1023
        [ 142000 ns] Test is running, debug_wb_pc = 0x1c017200
WARNING in tb_top.soc_lite.data_ram.inst at time            142130000 ns: 
Reading from out-of-range address. Max address in tb_top.soc_lite.data_ram.inst is        1023
WARNING in tb_top.soc_lite.data_ram.inst at time            142530000 ns: 
Reading from out-of-range address. Max address in tb_top.soc_lite.data_ram.inst is        1023
WARNING in tb_top.soc_lite.data_ram.inst at time            142770000 ns: 
Reading from out-of-range address. Max address in tb_top.soc_lite.data_ram.inst is        1023
WARNING in tb_top.soc_lite.data_ram.inst at time            143090000 ns: 
Reading from out-of-range address. Max address in tb_top.soc_lite.data_ram.inst is        1023
WARNING in tb_top.soc_lite.data_ram.inst at time            143410000 ns: 
Reading from out-of-range address. Max address in tb_top.soc_lite.data_ram.inst is        1023
WARNING in tb_top.soc_lite.data_ram.inst at time            143730000 ns: 
Reading from out-of-range address. Max address in tb_top.soc_lite.data_ram.inst is        1023
WARNING in tb_top.soc_lite.data_ram.inst at time            143810000 ns: 
Reading from out-of-range address. Max address in tb_top.soc_lite.data_ram.inst is        1023
WARNING in tb_top.soc_lite.data_ram.inst at time            144050000 ns: 
Reading from out-of-range address. Max address in tb_top.soc_lite.data_ram.inst is        1023
WARNING in tb_top.soc_lite.data_ram.inst at time            144130000 ns: 
Reading from out-of-range address. Max address in tb_top.soc_lite.data_ram.inst is        1023
----[ 144790 ns] Number 8'd04 Functional Test Point PASS!!!
WARNING in tb_top.soc_lite.data_ram.inst at time            144830000 ns: 
Reading from out-of-range address. Max address in tb_top.soc_lite.data_ram.inst is        1023
WARNING in tb_top.soc_lite.data_ram.inst at time            144870000 ns: 
Reading from out-of-range address. Max address in tb_top.soc_lite.data_ram.inst is        1023
WARNING in tb_top.soc_lite.data_ram.inst at time            145270000 ns: 
Reading from out-of-range address. Max address in tb_top.soc_lite.data_ram.inst is        1023
WARNING in tb_top.soc_lite.data_ram.inst at time            145310000 ns: 
Reading from out-of-range address. Max address in tb_top.soc_lite.data_ram.inst is        1023
WARNING in tb_top.soc_lite.data_ram.inst at time            145610000 ns: 
Reading from out-of-range address. Max address in tb_top.soc_lite.data_ram.inst is        1023
WARNING in tb_top.soc_lite.data_ram.inst at time            145650000 ns: 
Reading from out-of-range address. Max address in tb_top.soc_lite.data_ram.inst is        1023
WARNING in tb_top.soc_lite.data_ram.inst at time            145690000 ns: 
Reading from out-of-range address. Max address in tb_top.soc_lite.data_ram.inst is        1023
WARNING in tb_top.soc_lite.data_ram.inst at time            145730000 ns: 
Reading from out-of-range address. Max address in tb_top.soc_lite.data_ram.inst is        1023
WARNING in tb_top.soc_lite.data_ram.inst at time            145990000 ns: 
Reading from out-of-range address. Max address in tb_top.soc_lite.data_ram.inst is        1023
WARNING in tb_top.soc_lite.data_ram.inst at time            146030000 ns: 
Reading from out-of-range address. Max address in tb_top.soc_lite.data_ram.inst is        1023
WARNING in tb_top.soc_lite.data_ram.inst at time            146410000 ns: 
Reading from out-of-range address. Max address in tb_top.soc_lite.data_ram.inst is        1023
WARNING in tb_top.soc_lite.data_ram.inst at time            146750000 ns: 
Reading from out-of-range address. Max address in tb_top.soc_lite.data_ram.inst is        1023
WARNING in tb_top.soc_lite.data_ram.inst at time            146830000 ns: 
Reading from out-of-range address. Max address in tb_top.soc_lite.data_ram.inst is        1023
WARNING in tb_top.soc_lite.data_ram.inst at time            146870000 ns: 
Reading from out-of-range address. Max address in tb_top.soc_lite.data_ram.inst is        1023
WARNING in tb_top.soc_lite.data_ram.inst at time            147170000 ns: 
Reading from out-of-range address. Max address in tb_top.soc_lite.data_ram.inst is        1023
WARNING in tb_top.soc_lite.data_ram.inst at time            147210000 ns: 
Reading from out-of-range address. Max address in tb_top.soc_lite.data_ram.inst is        1023
WARNING in tb_top.soc_lite.data_ram.inst at time            147510000 ns: 
Reading from out-of-range address. Max address in tb_top.soc_lite.data_ram.inst is        1023
WARNING in tb_top.soc_lite.data_ram.inst at time            147550000 ns: 
Reading from out-of-range address. Max address in tb_top.soc_lite.data_ram.inst is        1023
WARNING in tb_top.soc_lite.data_ram.inst at time            147590000 ns: 
Reading from out-of-range address. Max address in tb_top.soc_lite.data_ram.inst is        1023
WARNING in tb_top.soc_lite.data_ram.inst at time            147890000 ns: 
Reading from out-of-range address. Max address in tb_top.soc_lite.data_ram.inst is        1023
WARNING in tb_top.soc_lite.data_ram.inst at time            147930000 ns: 
Reading from out-of-range address. Max address in tb_top.soc_lite.data_ram.inst is        1023
WARNING in tb_top.soc_lite.data_ram.inst at time            147970000 ns: 
Reading from out-of-range address. Max address in tb_top.soc_lite.data_ram.inst is        1023
WARNING in tb_top.soc_lite.data_ram.inst at time            148010000 ns: 
Reading from out-of-range address. Max address in tb_top.soc_lite.data_ram.inst is        1023
WARNING in tb_top.soc_lite.data_ram.inst at time            148270000 ns: 
Reading from out-of-range address. Max address in tb_top.soc_lite.data_ram.inst is        1023
WARNING in tb_top.soc_lite.data_ram.inst at time            148310000 ns: 
Reading from out-of-range address. Max address in tb_top.soc_lite.data_ram.inst is        1023
WARNING in tb_top.soc_lite.data_ram.inst at time            148390000 ns: 
Reading from out-of-range address. Max address in tb_top.soc_lite.data_ram.inst is        1023
WARNING in tb_top.soc_lite.data_ram.inst at time            148650000 ns: 
Reading from out-of-range address. Max address in tb_top.soc_lite.data_ram.inst is        1023
WARNING in tb_top.soc_lite.data_ram.inst at time            148690000 ns: 
Reading from out-of-range address. Max address in tb_top.soc_lite.data_ram.inst is        1023
WARNING in tb_top.soc_lite.data_ram.inst at time            148770000 ns: 
Reading from out-of-range address. Max address in tb_top.soc_lite.data_ram.inst is        1023
WARNING in tb_top.soc_lite.data_ram.inst at time            149030000 ns: 
Reading from out-of-range address. Max address in tb_top.soc_lite.data_ram.inst is        1023
WARNING in tb_top.soc_lite.data_ram.inst at time            149070000 ns: 
Reading from out-of-range address. Max address in tb_top.soc_lite.data_ram.inst is        1023
WARNING in tb_top.soc_lite.data_ram.inst at time            149150000 ns: 
Reading from out-of-range address. Max address in tb_top.soc_lite.data_ram.inst is        1023
WARNING in tb_top.soc_lite.data_ram.inst at time            149410000 ns: 
Reading from out-of-range address. Max address in tb_top.soc_lite.data_ram.inst is        1023
WARNING in tb_top.soc_lite.data_ram.inst at time            149450000 ns: 
Reading from out-of-range address. Max address in tb_top.soc_lite.data_ram.inst is        1023
WARNING in tb_top.soc_lite.data_ram.inst at time            149490000 ns: 
Reading from out-of-range address. Max address in tb_top.soc_lite.data_ram.inst is        1023
WARNING in tb_top.soc_lite.data_ram.inst at time            149530000 ns: 
Reading from out-of-range address. Max address in tb_top.soc_lite.data_ram.inst is        1023
WARNING in tb_top.soc_lite.data_ram.inst at time            149790000 ns: 
Reading from out-of-range address. Max address in tb_top.soc_lite.data_ram.inst is        1023
WARNING in tb_top.soc_lite.data_ram.inst at time            149910000 ns: 
Reading from out-of-range address. Max address in tb_top.soc_lite.data_ram.inst is        1023
WARNING in tb_top.soc_lite.data_ram.inst at time            150170000 ns: 
Reading from out-of-range address. Max address in tb_top.soc_lite.data_ram.inst is        1023
WARNING in tb_top.soc_lite.data_ram.inst at time            150210000 ns: 
Reading from out-of-range address. Max address in tb_top.soc_lite.data_ram.inst is        1023
WARNING in tb_top.soc_lite.data_ram.inst at time            150290000 ns: 
Reading from out-of-range address. Max address in tb_top.soc_lite.data_ram.inst is        1023
WARNING in tb_top.soc_lite.data_ram.inst at time            150550000 ns: 
Reading from out-of-range address. Max address in tb_top.soc_lite.data_ram.inst is        1023
WARNING in tb_top.soc_lite.data_ram.inst at time            150590000 ns: 
Reading from out-of-range address. Max address in tb_top.soc_lite.data_ram.inst is        1023
WARNING in tb_top.soc_lite.data_ram.inst at time            150630000 ns: 
Reading from out-of-range address. Max address in tb_top.soc_lite.data_ram.inst is        1023
WARNING in tb_top.soc_lite.data_ram.inst at time            150670000 ns: 
Reading from out-of-range address. Max address in tb_top.soc_lite.data_ram.inst is        1023
WARNING in tb_top.soc_lite.data_ram.inst at time            150930000 ns: 
Reading from out-of-range address. Max address in tb_top.soc_lite.data_ram.inst is        1023
WARNING in tb_top.soc_lite.data_ram.inst at time            150970000 ns: 
Reading from out-of-range address. Max address in tb_top.soc_lite.data_ram.inst is        1023
WARNING in tb_top.soc_lite.data_ram.inst at time            151010000 ns: 
Reading from out-of-range address. Max address in tb_top.soc_lite.data_ram.inst is        1023
WARNING in tb_top.soc_lite.data_ram.inst at time            151050000 ns: 
Reading from out-of-range address. Max address in tb_top.soc_lite.data_ram.inst is        1023
WARNING in tb_top.soc_lite.data_ram.inst at time            151310000 ns: 
Reading from out-of-range address. Max address in tb_top.soc_lite.data_ram.inst is        1023
WARNING in tb_top.soc_lite.data_ram.inst at time            151350000 ns: 
Reading from out-of-range address. Max address in tb_top.soc_lite.data_ram.inst is        1023
WARNING in tb_top.soc_lite.data_ram.inst at time            151390000 ns: 
Reading from out-of-range address. Max address in tb_top.soc_lite.data_ram.inst is        1023
WARNING in tb_top.soc_lite.data_ram.inst at time            151430000 ns: 
Reading from out-of-range address. Max address in tb_top.soc_lite.data_ram.inst is        1023
WARNING in tb_top.soc_lite.data_ram.inst at time            151690000 ns: 
Reading from out-of-range address. Max address in tb_top.soc_lite.data_ram.inst is        1023
WARNING in tb_top.soc_lite.data_ram.inst at time            151730000 ns: 
Reading from out-of-range address. Max address in tb_top.soc_lite.data_ram.inst is        1023
        [ 152000 ns] Test is running, debug_wb_pc = 0x1c017984
WARNING in tb_top.soc_lite.data_ram.inst at time            152070000 ns: 
Reading from out-of-range address. Max address in tb_top.soc_lite.data_ram.inst is        1023
WARNING in tb_top.soc_lite.data_ram.inst at time            152110000 ns: 
Reading from out-of-range address. Max address in tb_top.soc_lite.data_ram.inst is        1023
WARNING in tb_top.soc_lite.data_ram.inst at time            152150000 ns: 
Reading from out-of-range address. Max address in tb_top.soc_lite.data_ram.inst is        1023
WARNING in tb_top.soc_lite.data_ram.inst at time            152190000 ns: 
Reading from out-of-range address. Max address in tb_top.soc_lite.data_ram.inst is        1023
WARNING in tb_top.soc_lite.data_ram.inst at time            152450000 ns: 
Reading from out-of-range address. Max address in tb_top.soc_lite.data_ram.inst is        1023
WARNING in tb_top.soc_lite.data_ram.inst at time            152490000 ns: 
Reading from out-of-range address. Max address in tb_top.soc_lite.data_ram.inst is        1023
WARNING in tb_top.soc_lite.data_ram.inst at time            152530000 ns: 
Reading from out-of-range address. Max address in tb_top.soc_lite.data_ram.inst is        1023
WARNING in tb_top.soc_lite.data_ram.inst at time            152570000 ns: 
Reading from out-of-range address. Max address in tb_top.soc_lite.data_ram.inst is        1023
WARNING in tb_top.soc_lite.data_ram.inst at time            152830000 ns: 
Reading from out-of-range address. Max address in tb_top.soc_lite.data_ram.inst is        1023
WARNING in tb_top.soc_lite.data_ram.inst at time            152870000 ns: 
Reading from out-of-range address. Max address in tb_top.soc_lite.data_ram.inst is        1023
WARNING in tb_top.soc_lite.data_ram.inst at time            152910000 ns: 
Reading from out-of-range address. Max address in tb_top.soc_lite.data_ram.inst is        1023
WARNING in tb_top.soc_lite.data_ram.inst at time            152950000 ns: 
Reading from out-of-range address. Max address in tb_top.soc_lite.data_ram.inst is        1023
WARNING in tb_top.soc_lite.data_ram.inst at time            153210000 ns: 
Reading from out-of-range address. Max address in tb_top.soc_lite.data_ram.inst is        1023
WARNING in tb_top.soc_lite.data_ram.inst at time            153290000 ns: 
Reading from out-of-range address. Max address in tb_top.soc_lite.data_ram.inst is        1023
WARNING in tb_top.soc_lite.data_ram.inst at time            153330000 ns: 
Reading from out-of-range address. Max address in tb_top.soc_lite.data_ram.inst is        1023
WARNING in tb_top.soc_lite.data_ram.inst at time            153590000 ns: 
Reading from out-of-range address. Max address in tb_top.soc_lite.data_ram.inst is        1023
WARNING in tb_top.soc_lite.data_ram.inst at time            153630000 ns: 
Reading from out-of-range address. Max address in tb_top.soc_lite.data_ram.inst is        1023
WARNING in tb_top.soc_lite.data_ram.inst at time            153670000 ns: 
Reading from out-of-range address. Max address in tb_top.soc_lite.data_ram.inst is        1023
WARNING in tb_top.soc_lite.data_ram.inst at time            153710000 ns: 
Reading from out-of-range address. Max address in tb_top.soc_lite.data_ram.inst is        1023
WARNING in tb_top.soc_lite.data_ram.inst at time            153970000 ns: 
Reading from out-of-range address. Max address in tb_top.soc_lite.data_ram.inst is        1023
WARNING in tb_top.soc_lite.data_ram.inst at time            154010000 ns: 
Reading from out-of-range address. Max address in tb_top.soc_lite.data_ram.inst is        1023
WARNING in tb_top.soc_lite.data_ram.inst at time            154050000 ns: 
Reading from out-of-range address. Max address in tb_top.soc_lite.data_ram.inst is        1023
WARNING in tb_top.soc_lite.data_ram.inst at time            154090000 ns: 
Reading from out-of-range address. Max address in tb_top.soc_lite.data_ram.inst is        1023
WARNING in tb_top.soc_lite.data_ram.inst at time            154350000 ns: 
Reading from out-of-range address. Max address in tb_top.soc_lite.data_ram.inst is        1023
WARNING in tb_top.soc_lite.data_ram.inst at time            154390000 ns: 
Reading from out-of-range address. Max address in tb_top.soc_lite.data_ram.inst is        1023
WARNING in tb_top.soc_lite.data_ram.inst at time            154430000 ns: 
Reading from out-of-range address. Max address in tb_top.soc_lite.data_ram.inst is        1023
WARNING in tb_top.soc_lite.data_ram.inst at time            154470000 ns: 
Reading from out-of-range address. Max address in tb_top.soc_lite.data_ram.inst is        1023
WARNING in tb_top.soc_lite.data_ram.inst at time            154730000 ns: 
Reading from out-of-range address. Max address in tb_top.soc_lite.data_ram.inst is        1023
WARNING in tb_top.soc_lite.data_ram.inst at time            154770000 ns: 
Reading from out-of-range address. Max address in tb_top.soc_lite.data_ram.inst is        1023
WARNING in tb_top.soc_lite.data_ram.inst at time            154850000 ns: 
Reading from out-of-range address. Max address in tb_top.soc_lite.data_ram.inst is        1023
WARNING in tb_top.soc_lite.data_ram.inst at time            155110000 ns: 
Reading from out-of-range address. Max address in tb_top.soc_lite.data_ram.inst is        1023
WARNING in tb_top.soc_lite.data_ram.inst at time            155150000 ns: 
Reading from out-of-range address. Max address in tb_top.soc_lite.data_ram.inst is        1023
WARNING in tb_top.soc_lite.data_ram.inst at time            155190000 ns: 
Reading from out-of-range address. Max address in tb_top.soc_lite.data_ram.inst is        1023
WARNING in tb_top.soc_lite.data_ram.inst at time            155490000 ns: 
Reading from out-of-range address. Max address in tb_top.soc_lite.data_ram.inst is        1023
WARNING in tb_top.soc_lite.data_ram.inst at time            155530000 ns: 
Reading from out-of-range address. Max address in tb_top.soc_lite.data_ram.inst is        1023
WARNING in tb_top.soc_lite.data_ram.inst at time            155570000 ns: 
Reading from out-of-range address. Max address in tb_top.soc_lite.data_ram.inst is        1023
WARNING in tb_top.soc_lite.data_ram.inst at time            155910000 ns: 
Reading from out-of-range address. Max address in tb_top.soc_lite.data_ram.inst is        1023
WARNING in tb_top.soc_lite.data_ram.inst at time            156330000 ns: 
Reading from out-of-range address. Max address in tb_top.soc_lite.data_ram.inst is        1023
WARNING in tb_top.soc_lite.data_ram.inst at time            156630000 ns: 
Reading from out-of-range address. Max address in tb_top.soc_lite.data_ram.inst is        1023
WARNING in tb_top.soc_lite.data_ram.inst at time            156670000 ns: 
Reading from out-of-range address. Max address in tb_top.soc_lite.data_ram.inst is        1023
WARNING in tb_top.soc_lite.data_ram.inst at time            156710000 ns: 
Reading from out-of-range address. Max address in tb_top.soc_lite.data_ram.inst is        1023
WARNING in tb_top.soc_lite.data_ram.inst at time            156750000 ns: 
Reading from out-of-range address. Max address in tb_top.soc_lite.data_ram.inst is        1023
WARNING in tb_top.soc_lite.data_ram.inst at time            157010000 ns: 
Reading from out-of-range address. Max address in tb_top.soc_lite.data_ram.inst is        1023
WARNING in tb_top.soc_lite.data_ram.inst at time            157050000 ns: 
Reading from out-of-range address. Max address in tb_top.soc_lite.data_ram.inst is        1023
WARNING in tb_top.soc_lite.data_ram.inst at time            157090000 ns: 
Reading from out-of-range address. Max address in tb_top.soc_lite.data_ram.inst is        1023
WARNING in tb_top.soc_lite.data_ram.inst at time            157130000 ns: 
Reading from out-of-range address. Max address in tb_top.soc_lite.data_ram.inst is        1023
WARNING in tb_top.soc_lite.data_ram.inst at time            157390000 ns: 
Reading from out-of-range address. Max address in tb_top.soc_lite.data_ram.inst is        1023
WARNING in tb_top.soc_lite.data_ram.inst at time            157470000 ns: 
Reading from out-of-range address. Max address in tb_top.soc_lite.data_ram.inst is        1023
WARNING in tb_top.soc_lite.data_ram.inst at time            157510000 ns: 
Reading from out-of-range address. Max address in tb_top.soc_lite.data_ram.inst is        1023
WARNING in tb_top.soc_lite.data_ram.inst at time            157770000 ns: 
Reading from out-of-range address. Max address in tb_top.soc_lite.data_ram.inst is        1023
WARNING in tb_top.soc_lite.data_ram.inst at time            157850000 ns: 
Reading from out-of-range address. Max address in tb_top.soc_lite.data_ram.inst is        1023
WARNING in tb_top.soc_lite.data_ram.inst at time            157890000 ns: 
Reading from out-of-range address. Max address in tb_top.soc_lite.data_ram.inst is        1023
WARNING in tb_top.soc_lite.data_ram.inst at time            158150000 ns: 
Reading from out-of-range address. Max address in tb_top.soc_lite.data_ram.inst is        1023
WARNING in tb_top.soc_lite.data_ram.inst at time            158190000 ns: 
Reading from out-of-range address. Max address in tb_top.soc_lite.data_ram.inst is        1023
WARNING in tb_top.soc_lite.data_ram.inst at time            158230000 ns: 
Reading from out-of-range address. Max address in tb_top.soc_lite.data_ram.inst is        1023
WARNING in tb_top.soc_lite.data_ram.inst at time            158270000 ns: 
Reading from out-of-range address. Max address in tb_top.soc_lite.data_ram.inst is        1023
WARNING in tb_top.soc_lite.data_ram.inst at time            158530000 ns: 
Reading from out-of-range address. Max address in tb_top.soc_lite.data_ram.inst is        1023
WARNING in tb_top.soc_lite.data_ram.inst at time            158570000 ns: 
Reading from out-of-range address. Max address in tb_top.soc_lite.data_ram.inst is        1023
WARNING in tb_top.soc_lite.data_ram.inst at time            158610000 ns: 
Reading from out-of-range address. Max address in tb_top.soc_lite.data_ram.inst is        1023
WARNING in tb_top.soc_lite.data_ram.inst at time            158650000 ns: 
Reading from out-of-range address. Max address in tb_top.soc_lite.data_ram.inst is        1023
WARNING in tb_top.soc_lite.data_ram.inst at time            158910000 ns: 
Reading from out-of-range address. Max address in tb_top.soc_lite.data_ram.inst is        1023
WARNING in tb_top.soc_lite.data_ram.inst at time            158950000 ns: 
Reading from out-of-range address. Max address in tb_top.soc_lite.data_ram.inst is        1023
WARNING in tb_top.soc_lite.data_ram.inst at time            159030000 ns: 
Reading from out-of-range address. Max address in tb_top.soc_lite.data_ram.inst is        1023
WARNING in tb_top.soc_lite.data_ram.inst at time            159330000 ns: 
Reading from out-of-range address. Max address in tb_top.soc_lite.data_ram.inst is        1023
WARNING in tb_top.soc_lite.data_ram.inst at time            160050000 ns: 
Reading from out-of-range address. Max address in tb_top.soc_lite.data_ram.inst is        1023
WARNING in tb_top.soc_lite.data_ram.inst at time            160170000 ns: 
Reading from out-of-range address. Max address in tb_top.soc_lite.data_ram.inst is        1023
WARNING in tb_top.soc_lite.data_ram.inst at time            160430000 ns: 
Reading from out-of-range address. Max address in tb_top.soc_lite.data_ram.inst is        1023
WARNING in tb_top.soc_lite.data_ram.inst at time            160470000 ns: 
Reading from out-of-range address. Max address in tb_top.soc_lite.data_ram.inst is        1023
WARNING in tb_top.soc_lite.data_ram.inst at time            160550000 ns: 
Reading from out-of-range address. Max address in tb_top.soc_lite.data_ram.inst is        1023
WARNING in tb_top.soc_lite.data_ram.inst at time            160810000 ns: 
Reading from out-of-range address. Max address in tb_top.soc_lite.data_ram.inst is        1023
WARNING in tb_top.soc_lite.data_ram.inst at time            160930000 ns: 
Reading from out-of-range address. Max address in tb_top.soc_lite.data_ram.inst is        1023
WARNING in tb_top.soc_lite.data_ram.inst at time            161230000 ns: 
Reading from out-of-range address. Max address in tb_top.soc_lite.data_ram.inst is        1023
WARNING in tb_top.soc_lite.data_ram.inst at time            161570000 ns: 
Reading from out-of-range address. Max address in tb_top.soc_lite.data_ram.inst is        1023
WARNING in tb_top.soc_lite.data_ram.inst at time            161610000 ns: 
Reading from out-of-range address. Max address in tb_top.soc_lite.data_ram.inst is        1023
WARNING in tb_top.soc_lite.data_ram.inst at time            161690000 ns: 
Reading from out-of-range address. Max address in tb_top.soc_lite.data_ram.inst is        1023
WARNING in tb_top.soc_lite.data_ram.inst at time            161950000 ns: 
Reading from out-of-range address. Max address in tb_top.soc_lite.data_ram.inst is        1023
WARNING in tb_top.soc_lite.data_ram.inst at time            161990000 ns: 
Reading from out-of-range address. Max address in tb_top.soc_lite.data_ram.inst is        1023
        [ 162000 ns] Test is running, debug_wb_pc = 0x1c018154
WARNING in tb_top.soc_lite.data_ram.inst at time            162070000 ns: 
Reading from out-of-range address. Max address in tb_top.soc_lite.data_ram.inst is        1023
WARNING in tb_top.soc_lite.data_ram.inst at time            162330000 ns: 
Reading from out-of-range address. Max address in tb_top.soc_lite.data_ram.inst is        1023
WARNING in tb_top.soc_lite.data_ram.inst at time            162370000 ns: 
Reading from out-of-range address. Max address in tb_top.soc_lite.data_ram.inst is        1023
WARNING in tb_top.soc_lite.data_ram.inst at time            162450000 ns: 
Reading from out-of-range address. Max address in tb_top.soc_lite.data_ram.inst is        1023
WARNING in tb_top.soc_lite.data_ram.inst at time            162710000 ns: 
Reading from out-of-range address. Max address in tb_top.soc_lite.data_ram.inst is        1023
WARNING in tb_top.soc_lite.data_ram.inst at time            163090000 ns: 
Reading from out-of-range address. Max address in tb_top.soc_lite.data_ram.inst is        1023
WARNING in tb_top.soc_lite.data_ram.inst at time            163130000 ns: 
Reading from out-of-range address. Max address in tb_top.soc_lite.data_ram.inst is        1023
WARNING in tb_top.soc_lite.data_ram.inst at time            163210000 ns: 
Reading from out-of-range address. Max address in tb_top.soc_lite.data_ram.inst is        1023
WARNING in tb_top.soc_lite.data_ram.inst at time            163470000 ns: 
Reading from out-of-range address. Max address in tb_top.soc_lite.data_ram.inst is        1023
WARNING in tb_top.soc_lite.data_ram.inst at time            163510000 ns: 
Reading from out-of-range address. Max address in tb_top.soc_lite.data_ram.inst is        1023
WARNING in tb_top.soc_lite.data_ram.inst at time            163590000 ns: 
Reading from out-of-range address. Max address in tb_top.soc_lite.data_ram.inst is        1023
WARNING in tb_top.soc_lite.data_ram.inst at time            163850000 ns: 
Reading from out-of-range address. Max address in tb_top.soc_lite.data_ram.inst is        1023
WARNING in tb_top.soc_lite.data_ram.inst at time            163890000 ns: 
Reading from out-of-range address. Max address in tb_top.soc_lite.data_ram.inst is        1023
WARNING in tb_top.soc_lite.data_ram.inst at time            163970000 ns: 
Reading from out-of-range address. Max address in tb_top.soc_lite.data_ram.inst is        1023
WARNING in tb_top.soc_lite.data_ram.inst at time            164230000 ns: 
Reading from out-of-range address. Max address in tb_top.soc_lite.data_ram.inst is        1023
WARNING in tb_top.soc_lite.data_ram.inst at time            164350000 ns: 
Reading from out-of-range address. Max address in tb_top.soc_lite.data_ram.inst is        1023
WARNING in tb_top.soc_lite.data_ram.inst at time            164610000 ns: 
Reading from out-of-range address. Max address in tb_top.soc_lite.data_ram.inst is        1023
WARNING in tb_top.soc_lite.data_ram.inst at time            164650000 ns: 
Reading from out-of-range address. Max address in tb_top.soc_lite.data_ram.inst is        1023
WARNING in tb_top.soc_lite.data_ram.inst at time            164730000 ns: 
Reading from out-of-range address. Max address in tb_top.soc_lite.data_ram.inst is        1023
WARNING in tb_top.soc_lite.data_ram.inst at time            164990000 ns: 
Reading from out-of-range address. Max address in tb_top.soc_lite.data_ram.inst is        1023
WARNING in tb_top.soc_lite.data_ram.inst at time            165030000 ns: 
Reading from out-of-range address. Max address in tb_top.soc_lite.data_ram.inst is        1023
WARNING in tb_top.soc_lite.data_ram.inst at time            165110000 ns: 
Reading from out-of-range address. Max address in tb_top.soc_lite.data_ram.inst is        1023
WARNING in tb_top.soc_lite.data_ram.inst at time            165750000 ns: 
Reading from out-of-range address. Max address in tb_top.soc_lite.data_ram.inst is        1023
WARNING in tb_top.soc_lite.data_ram.inst at time            165790000 ns: 
Reading from out-of-range address. Max address in tb_top.soc_lite.data_ram.inst is        1023
WARNING in tb_top.soc_lite.data_ram.inst at time            165870000 ns: 
Reading from out-of-range address. Max address in tb_top.soc_lite.data_ram.inst is        1023
WARNING in tb_top.soc_lite.data_ram.inst at time            166130000 ns: 
Reading from out-of-range address. Max address in tb_top.soc_lite.data_ram.inst is        1023
WARNING in tb_top.soc_lite.data_ram.inst at time            166170000 ns: 
Reading from out-of-range address. Max address in tb_top.soc_lite.data_ram.inst is        1023
WARNING in tb_top.soc_lite.data_ram.inst at time            166250000 ns: 
Reading from out-of-range address. Max address in tb_top.soc_lite.data_ram.inst is        1023
WARNING in tb_top.soc_lite.data_ram.inst at time            166510000 ns: 
Reading from out-of-range address. Max address in tb_top.soc_lite.data_ram.inst is        1023
WARNING in tb_top.soc_lite.data_ram.inst at time            166550000 ns: 
Reading from out-of-range address. Max address in tb_top.soc_lite.data_ram.inst is        1023
WARNING in tb_top.soc_lite.data_ram.inst at time            166630000 ns: 
Reading from out-of-range address. Max address in tb_top.soc_lite.data_ram.inst is        1023
WARNING in tb_top.soc_lite.data_ram.inst at time            166890000 ns: 
Reading from out-of-range address. Max address in tb_top.soc_lite.data_ram.inst is        1023
WARNING in tb_top.soc_lite.data_ram.inst at time            166930000 ns: 
Reading from out-of-range address. Max address in tb_top.soc_lite.data_ram.inst is        1023
WARNING in tb_top.soc_lite.data_ram.inst at time            167010000 ns: 
Reading from out-of-range address. Max address in tb_top.soc_lite.data_ram.inst is        1023
WARNING in tb_top.soc_lite.data_ram.inst at time            167270000 ns: 
Reading from out-of-range address. Max address in tb_top.soc_lite.data_ram.inst is        1023
WARNING in tb_top.soc_lite.data_ram.inst at time            167390000 ns: 
Reading from out-of-range address. Max address in tb_top.soc_lite.data_ram.inst is        1023
WARNING in tb_top.soc_lite.data_ram.inst at time            167690000 ns: 
Reading from out-of-range address. Max address in tb_top.soc_lite.data_ram.inst is        1023
WARNING in tb_top.soc_lite.data_ram.inst at time            168030000 ns: 
Reading from out-of-range address. Max address in tb_top.soc_lite.data_ram.inst is        1023
WARNING in tb_top.soc_lite.data_ram.inst at time            168070000 ns: 
Reading from out-of-range address. Max address in tb_top.soc_lite.data_ram.inst is        1023
WARNING in tb_top.soc_lite.data_ram.inst at time            168150000 ns: 
Reading from out-of-range address. Max address in tb_top.soc_lite.data_ram.inst is        1023
WARNING in tb_top.soc_lite.data_ram.inst at time            168410000 ns: 
Reading from out-of-range address. Max address in tb_top.soc_lite.data_ram.inst is        1023
WARNING in tb_top.soc_lite.data_ram.inst at time            168450000 ns: 
Reading from out-of-range address. Max address in tb_top.soc_lite.data_ram.inst is        1023
WARNING in tb_top.soc_lite.data_ram.inst at time            168530000 ns: 
Reading from out-of-range address. Max address in tb_top.soc_lite.data_ram.inst is        1023
WARNING in tb_top.soc_lite.data_ram.inst at time            168790000 ns: 
Reading from out-of-range address. Max address in tb_top.soc_lite.data_ram.inst is        1023
WARNING in tb_top.soc_lite.data_ram.inst at time            168830000 ns: 
Reading from out-of-range address. Max address in tb_top.soc_lite.data_ram.inst is        1023
WARNING in tb_top.soc_lite.data_ram.inst at time            168910000 ns: 
Reading from out-of-range address. Max address in tb_top.soc_lite.data_ram.inst is        1023
WARNING in tb_top.soc_lite.data_ram.inst at time            169170000 ns: 
Reading from out-of-range address. Max address in tb_top.soc_lite.data_ram.inst is        1023
WARNING in tb_top.soc_lite.data_ram.inst at time            169210000 ns: 
Reading from out-of-range address. Max address in tb_top.soc_lite.data_ram.inst is        1023
WARNING in tb_top.soc_lite.data_ram.inst at time            169290000 ns: 
Reading from out-of-range address. Max address in tb_top.soc_lite.data_ram.inst is        1023
WARNING in tb_top.soc_lite.data_ram.inst at time            169550000 ns: 
Reading from out-of-range address. Max address in tb_top.soc_lite.data_ram.inst is        1023
WARNING in tb_top.soc_lite.data_ram.inst at time            169590000 ns: 
Reading from out-of-range address. Max address in tb_top.soc_lite.data_ram.inst is        1023
WARNING in tb_top.soc_lite.data_ram.inst at time            169670000 ns: 
Reading from out-of-range address. Max address in tb_top.soc_lite.data_ram.inst is        1023
WARNING in tb_top.soc_lite.data_ram.inst at time            169930000 ns: 
Reading from out-of-range address. Max address in tb_top.soc_lite.data_ram.inst is        1023
WARNING in tb_top.soc_lite.data_ram.inst at time            169970000 ns: 
Reading from out-of-range address. Max address in tb_top.soc_lite.data_ram.inst is        1023
WARNING in tb_top.soc_lite.data_ram.inst at time            170310000 ns: 
Reading from out-of-range address. Max address in tb_top.soc_lite.data_ram.inst is        1023
WARNING in tb_top.soc_lite.data_ram.inst at time            170350000 ns: 
Reading from out-of-range address. Max address in tb_top.soc_lite.data_ram.inst is        1023
WARNING in tb_top.soc_lite.data_ram.inst at time            170430000 ns: 
Reading from out-of-range address. Max address in tb_top.soc_lite.data_ram.inst is        1023
WARNING in tb_top.soc_lite.data_ram.inst at time            170690000 ns: 
Reading from out-of-range address. Max address in tb_top.soc_lite.data_ram.inst is        1023
WARNING in tb_top.soc_lite.data_ram.inst at time            170730000 ns: 
Reading from out-of-range address. Max address in tb_top.soc_lite.data_ram.inst is        1023
WARNING in tb_top.soc_lite.data_ram.inst at time            170810000 ns: 
Reading from out-of-range address. Max address in tb_top.soc_lite.data_ram.inst is        1023
WARNING in tb_top.soc_lite.data_ram.inst at time            171110000 ns: 
Reading from out-of-range address. Max address in tb_top.soc_lite.data_ram.inst is        1023
WARNING in tb_top.soc_lite.data_ram.inst at time            171450000 ns: 
Reading from out-of-range address. Max address in tb_top.soc_lite.data_ram.inst is        1023
WARNING in tb_top.soc_lite.data_ram.inst at time            171490000 ns: 
Reading from out-of-range address. Max address in tb_top.soc_lite.data_ram.inst is        1023
WARNING in tb_top.soc_lite.data_ram.inst at time            171570000 ns: 
Reading from out-of-range address. Max address in tb_top.soc_lite.data_ram.inst is        1023
WARNING in tb_top.soc_lite.data_ram.inst at time            171830000 ns: 
Reading from out-of-range address. Max address in tb_top.soc_lite.data_ram.inst is        1023
WARNING in tb_top.soc_lite.data_ram.inst at time            171870000 ns: 
Reading from out-of-range address. Max address in tb_top.soc_lite.data_ram.inst is        1023
WARNING in tb_top.soc_lite.data_ram.inst at time            171950000 ns: 
Reading from out-of-range address. Max address in tb_top.soc_lite.data_ram.inst is        1023
        [ 172000 ns] Test is running, debug_wb_pc = 0x1c018924
WARNING in tb_top.soc_lite.data_ram.inst at time            172250000 ns: 
Reading from out-of-range address. Max address in tb_top.soc_lite.data_ram.inst is        1023
WARNING in tb_top.soc_lite.data_ram.inst at time            172330000 ns: 
Reading from out-of-range address. Max address in tb_top.soc_lite.data_ram.inst is        1023
WARNING in tb_top.soc_lite.data_ram.inst at time            172630000 ns: 
Reading from out-of-range address. Max address in tb_top.soc_lite.data_ram.inst is        1023
WARNING in tb_top.soc_lite.data_ram.inst at time            172710000 ns: 
Reading from out-of-range address. Max address in tb_top.soc_lite.data_ram.inst is        1023
WARNING in tb_top.soc_lite.data_ram.inst at time            172970000 ns: 
Reading from out-of-range address. Max address in tb_top.soc_lite.data_ram.inst is        1023
WARNING in tb_top.soc_lite.data_ram.inst at time            173010000 ns: 
Reading from out-of-range address. Max address in tb_top.soc_lite.data_ram.inst is        1023
WARNING in tb_top.soc_lite.data_ram.inst at time            173090000 ns: 
Reading from out-of-range address. Max address in tb_top.soc_lite.data_ram.inst is        1023
WARNING in tb_top.soc_lite.data_ram.inst at time            173350000 ns: 
Reading from out-of-range address. Max address in tb_top.soc_lite.data_ram.inst is        1023
WARNING in tb_top.soc_lite.data_ram.inst at time            173390000 ns: 
Reading from out-of-range address. Max address in tb_top.soc_lite.data_ram.inst is        1023
WARNING in tb_top.soc_lite.data_ram.inst at time            173470000 ns: 
Reading from out-of-range address. Max address in tb_top.soc_lite.data_ram.inst is        1023
WARNING in tb_top.soc_lite.data_ram.inst at time            173730000 ns: 
Reading from out-of-range address. Max address in tb_top.soc_lite.data_ram.inst is        1023
WARNING in tb_top.soc_lite.data_ram.inst at time            173770000 ns: 
Reading from out-of-range address. Max address in tb_top.soc_lite.data_ram.inst is        1023
WARNING in tb_top.soc_lite.data_ram.inst at time            173850000 ns: 
Reading from out-of-range address. Max address in tb_top.soc_lite.data_ram.inst is        1023
WARNING in tb_top.soc_lite.data_ram.inst at time            174110000 ns: 
Reading from out-of-range address. Max address in tb_top.soc_lite.data_ram.inst is        1023
WARNING in tb_top.soc_lite.data_ram.inst at time            174230000 ns: 
Reading from out-of-range address. Max address in tb_top.soc_lite.data_ram.inst is        1023
WARNING in tb_top.soc_lite.data_ram.inst at time            174490000 ns: 
Reading from out-of-range address. Max address in tb_top.soc_lite.data_ram.inst is        1023
WARNING in tb_top.soc_lite.data_ram.inst at time            174530000 ns: 
Reading from out-of-range address. Max address in tb_top.soc_lite.data_ram.inst is        1023
WARNING in tb_top.soc_lite.data_ram.inst at time            174610000 ns: 
Reading from out-of-range address. Max address in tb_top.soc_lite.data_ram.inst is        1023
WARNING in tb_top.soc_lite.data_ram.inst at time            174870000 ns: 
Reading from out-of-range address. Max address in tb_top.soc_lite.data_ram.inst is        1023
WARNING in tb_top.soc_lite.data_ram.inst at time            174990000 ns: 
Reading from out-of-range address. Max address in tb_top.soc_lite.data_ram.inst is        1023
WARNING in tb_top.soc_lite.data_ram.inst at time            175290000 ns: 
Reading from out-of-range address. Max address in tb_top.soc_lite.data_ram.inst is        1023
WARNING in tb_top.soc_lite.data_ram.inst at time            175630000 ns: 
Reading from out-of-range address. Max address in tb_top.soc_lite.data_ram.inst is        1023
WARNING in tb_top.soc_lite.data_ram.inst at time            175670000 ns: 
Reading from out-of-range address. Max address in tb_top.soc_lite.data_ram.inst is        1023
WARNING in tb_top.soc_lite.data_ram.inst at time            175750000 ns: 
Reading from out-of-range address. Max address in tb_top.soc_lite.data_ram.inst is        1023
WARNING in tb_top.soc_lite.data_ram.inst at time            176010000 ns: 
Reading from out-of-range address. Max address in tb_top.soc_lite.data_ram.inst is        1023
WARNING in tb_top.soc_lite.data_ram.inst at time            176050000 ns: 
Reading from out-of-range address. Max address in tb_top.soc_lite.data_ram.inst is        1023
WARNING in tb_top.soc_lite.data_ram.inst at time            176130000 ns: 
Reading from out-of-range address. Max address in tb_top.soc_lite.data_ram.inst is        1023
WARNING in tb_top.soc_lite.data_ram.inst at time            176390000 ns: 
Reading from out-of-range address. Max address in tb_top.soc_lite.data_ram.inst is        1023
WARNING in tb_top.soc_lite.data_ram.inst at time            176430000 ns: 
Reading from out-of-range address. Max address in tb_top.soc_lite.data_ram.inst is        1023
WARNING in tb_top.soc_lite.data_ram.inst at time            176510000 ns: 
Reading from out-of-range address. Max address in tb_top.soc_lite.data_ram.inst is        1023
WARNING in tb_top.soc_lite.data_ram.inst at time            176770000 ns: 
Reading from out-of-range address. Max address in tb_top.soc_lite.data_ram.inst is        1023
WARNING in tb_top.soc_lite.data_ram.inst at time            176810000 ns: 
Reading from out-of-range address. Max address in tb_top.soc_lite.data_ram.inst is        1023
WARNING in tb_top.soc_lite.data_ram.inst at time            176890000 ns: 
Reading from out-of-range address. Max address in tb_top.soc_lite.data_ram.inst is        1023
WARNING in tb_top.soc_lite.data_ram.inst at time            177150000 ns: 
Reading from out-of-range address. Max address in tb_top.soc_lite.data_ram.inst is        1023
WARNING in tb_top.soc_lite.data_ram.inst at time            177190000 ns: 
Reading from out-of-range address. Max address in tb_top.soc_lite.data_ram.inst is        1023
WARNING in tb_top.soc_lite.data_ram.inst at time            177270000 ns: 
Reading from out-of-range address. Max address in tb_top.soc_lite.data_ram.inst is        1023
WARNING in tb_top.soc_lite.data_ram.inst at time            177530000 ns: 
Reading from out-of-range address. Max address in tb_top.soc_lite.data_ram.inst is        1023
WARNING in tb_top.soc_lite.data_ram.inst at time            177570000 ns: 
Reading from out-of-range address. Max address in tb_top.soc_lite.data_ram.inst is        1023
WARNING in tb_top.soc_lite.data_ram.inst at time            177650000 ns: 
Reading from out-of-range address. Max address in tb_top.soc_lite.data_ram.inst is        1023
WARNING in tb_top.soc_lite.data_ram.inst at time            177910000 ns: 
Reading from out-of-range address. Max address in tb_top.soc_lite.data_ram.inst is        1023
WARNING in tb_top.soc_lite.data_ram.inst at time            177950000 ns: 
Reading from out-of-range address. Max address in tb_top.soc_lite.data_ram.inst is        1023
WARNING in tb_top.soc_lite.data_ram.inst at time            178030000 ns: 
Reading from out-of-range address. Max address in tb_top.soc_lite.data_ram.inst is        1023
WARNING in tb_top.soc_lite.data_ram.inst at time            178290000 ns: 
Reading from out-of-range address. Max address in tb_top.soc_lite.data_ram.inst is        1023
WARNING in tb_top.soc_lite.data_ram.inst at time            178330000 ns: 
Reading from out-of-range address. Max address in tb_top.soc_lite.data_ram.inst is        1023
WARNING in tb_top.soc_lite.data_ram.inst at time            178410000 ns: 
Reading from out-of-range address. Max address in tb_top.soc_lite.data_ram.inst is        1023
WARNING in tb_top.soc_lite.data_ram.inst at time            178670000 ns: 
Reading from out-of-range address. Max address in tb_top.soc_lite.data_ram.inst is        1023
WARNING in tb_top.soc_lite.data_ram.inst at time            178710000 ns: 
Reading from out-of-range address. Max address in tb_top.soc_lite.data_ram.inst is        1023
WARNING in tb_top.soc_lite.data_ram.inst at time            179430000 ns: 
Reading from out-of-range address. Max address in tb_top.soc_lite.data_ram.inst is        1023
WARNING in tb_top.soc_lite.data_ram.inst at time            179470000 ns: 
Reading from out-of-range address. Max address in tb_top.soc_lite.data_ram.inst is        1023
WARNING in tb_top.soc_lite.data_ram.inst at time            179550000 ns: 
Reading from out-of-range address. Max address in tb_top.soc_lite.data_ram.inst is        1023
WARNING in tb_top.soc_lite.data_ram.inst at time            179810000 ns: 
Reading from out-of-range address. Max address in tb_top.soc_lite.data_ram.inst is        1023
WARNING in tb_top.soc_lite.data_ram.inst at time            179850000 ns: 
Reading from out-of-range address. Max address in tb_top.soc_lite.data_ram.inst is        1023
WARNING in tb_top.soc_lite.data_ram.inst at time            179930000 ns: 
Reading from out-of-range address. Max address in tb_top.soc_lite.data_ram.inst is        1023
WARNING in tb_top.soc_lite.data_ram.inst at time            180190000 ns: 
Reading from out-of-range address. Max address in tb_top.soc_lite.data_ram.inst is        1023
WARNING in tb_top.soc_lite.data_ram.inst at time            180230000 ns: 
Reading from out-of-range address. Max address in tb_top.soc_lite.data_ram.inst is        1023
WARNING in tb_top.soc_lite.data_ram.inst at time            180310000 ns: 
Reading from out-of-range address. Max address in tb_top.soc_lite.data_ram.inst is        1023
WARNING in tb_top.soc_lite.data_ram.inst at time            180570000 ns: 
Reading from out-of-range address. Max address in tb_top.soc_lite.data_ram.inst is        1023
WARNING in tb_top.soc_lite.data_ram.inst at time            180610000 ns: 
Reading from out-of-range address. Max address in tb_top.soc_lite.data_ram.inst is        1023
WARNING in tb_top.soc_lite.data_ram.inst at time            180690000 ns: 
Reading from out-of-range address. Max address in tb_top.soc_lite.data_ram.inst is        1023
WARNING in tb_top.soc_lite.data_ram.inst at time            180950000 ns: 
Reading from out-of-range address. Max address in tb_top.soc_lite.data_ram.inst is        1023
WARNING in tb_top.soc_lite.data_ram.inst at time            180990000 ns: 
Reading from out-of-range address. Max address in tb_top.soc_lite.data_ram.inst is        1023
WARNING in tb_top.soc_lite.data_ram.inst at time            181070000 ns: 
Reading from out-of-range address. Max address in tb_top.soc_lite.data_ram.inst is        1023
WARNING in tb_top.soc_lite.data_ram.inst at time            181330000 ns: 
Reading from out-of-range address. Max address in tb_top.soc_lite.data_ram.inst is        1023
WARNING in tb_top.soc_lite.data_ram.inst at time            181450000 ns: 
Reading from out-of-range address. Max address in tb_top.soc_lite.data_ram.inst is        1023
WARNING in tb_top.soc_lite.data_ram.inst at time            181710000 ns: 
Reading from out-of-range address. Max address in tb_top.soc_lite.data_ram.inst is        1023
WARNING in tb_top.soc_lite.data_ram.inst at time            181750000 ns: 
Reading from out-of-range address. Max address in tb_top.soc_lite.data_ram.inst is        1023
WARNING in tb_top.soc_lite.data_ram.inst at time            181830000 ns: 
Reading from out-of-range address. Max address in tb_top.soc_lite.data_ram.inst is        1023
        [ 182000 ns] Test is running, debug_wb_pc = 0x1c0190f4
WARNING in tb_top.soc_lite.data_ram.inst at time            182090000 ns: 
Reading from out-of-range address. Max address in tb_top.soc_lite.data_ram.inst is        1023
WARNING in tb_top.soc_lite.data_ram.inst at time            182210000 ns: 
Reading from out-of-range address. Max address in tb_top.soc_lite.data_ram.inst is        1023
WARNING in tb_top.soc_lite.data_ram.inst at time            182470000 ns: 
Reading from out-of-range address. Max address in tb_top.soc_lite.data_ram.inst is        1023
WARNING in tb_top.soc_lite.data_ram.inst at time            182510000 ns: 
Reading from out-of-range address. Max address in tb_top.soc_lite.data_ram.inst is        1023
WARNING in tb_top.soc_lite.data_ram.inst at time            182590000 ns: 
Reading from out-of-range address. Max address in tb_top.soc_lite.data_ram.inst is        1023
WARNING in tb_top.soc_lite.data_ram.inst at time            182850000 ns: 
Reading from out-of-range address. Max address in tb_top.soc_lite.data_ram.inst is        1023
WARNING in tb_top.soc_lite.data_ram.inst at time            182890000 ns: 
Reading from out-of-range address. Max address in tb_top.soc_lite.data_ram.inst is        1023
WARNING in tb_top.soc_lite.data_ram.inst at time            182970000 ns: 
Reading from out-of-range address. Max address in tb_top.soc_lite.data_ram.inst is        1023
WARNING in tb_top.soc_lite.data_ram.inst at time            183230000 ns: 
Reading from out-of-range address. Max address in tb_top.soc_lite.data_ram.inst is        1023
WARNING in tb_top.soc_lite.data_ram.inst at time            183270000 ns: 
Reading from out-of-range address. Max address in tb_top.soc_lite.data_ram.inst is        1023
WARNING in tb_top.soc_lite.data_ram.inst at time            183610000 ns: 
Reading from out-of-range address. Max address in tb_top.soc_lite.data_ram.inst is        1023
WARNING in tb_top.soc_lite.data_ram.inst at time            183650000 ns: 
Reading from out-of-range address. Max address in tb_top.soc_lite.data_ram.inst is        1023
WARNING in tb_top.soc_lite.data_ram.inst at time            183730000 ns: 
Reading from out-of-range address. Max address in tb_top.soc_lite.data_ram.inst is        1023
WARNING in tb_top.soc_lite.data_ram.inst at time            183990000 ns: 
Reading from out-of-range address. Max address in tb_top.soc_lite.data_ram.inst is        1023
WARNING in tb_top.soc_lite.data_ram.inst at time            184030000 ns: 
Reading from out-of-range address. Max address in tb_top.soc_lite.data_ram.inst is        1023
WARNING in tb_top.soc_lite.data_ram.inst at time            184110000 ns: 
Reading from out-of-range address. Max address in tb_top.soc_lite.data_ram.inst is        1023
WARNING in tb_top.soc_lite.data_ram.inst at time            184370000 ns: 
Reading from out-of-range address. Max address in tb_top.soc_lite.data_ram.inst is        1023
WARNING in tb_top.soc_lite.data_ram.inst at time            184490000 ns: 
Reading from out-of-range address. Max address in tb_top.soc_lite.data_ram.inst is        1023
WARNING in tb_top.soc_lite.data_ram.inst at time            184750000 ns: 
Reading from out-of-range address. Max address in tb_top.soc_lite.data_ram.inst is        1023
WARNING in tb_top.soc_lite.data_ram.inst at time            184790000 ns: 
Reading from out-of-range address. Max address in tb_top.soc_lite.data_ram.inst is        1023
WARNING in tb_top.soc_lite.data_ram.inst at time            184870000 ns: 
Reading from out-of-range address. Max address in tb_top.soc_lite.data_ram.inst is        1023
WARNING in tb_top.soc_lite.data_ram.inst at time            185130000 ns: 
Reading from out-of-range address. Max address in tb_top.soc_lite.data_ram.inst is        1023
WARNING in tb_top.soc_lite.data_ram.inst at time            185170000 ns: 
Reading from out-of-range address. Max address in tb_top.soc_lite.data_ram.inst is        1023
WARNING in tb_top.soc_lite.data_ram.inst at time            185250000 ns: 
Reading from out-of-range address. Max address in tb_top.soc_lite.data_ram.inst is        1023
WARNING in tb_top.soc_lite.data_ram.inst at time            185890000 ns: 
Reading from out-of-range address. Max address in tb_top.soc_lite.data_ram.inst is        1023
WARNING in tb_top.soc_lite.data_ram.inst at time            185930000 ns: 
Reading from out-of-range address. Max address in tb_top.soc_lite.data_ram.inst is        1023
WARNING in tb_top.soc_lite.data_ram.inst at time            186010000 ns: 
Reading from out-of-range address. Max address in tb_top.soc_lite.data_ram.inst is        1023
WARNING in tb_top.soc_lite.data_ram.inst at time            186270000 ns: 
Reading from out-of-range address. Max address in tb_top.soc_lite.data_ram.inst is        1023
WARNING in tb_top.soc_lite.data_ram.inst at time            186310000 ns: 
Reading from out-of-range address. Max address in tb_top.soc_lite.data_ram.inst is        1023
WARNING in tb_top.soc_lite.data_ram.inst at time            186390000 ns: 
Reading from out-of-range address. Max address in tb_top.soc_lite.data_ram.inst is        1023
WARNING in tb_top.soc_lite.data_ram.inst at time            186650000 ns: 
Reading from out-of-range address. Max address in tb_top.soc_lite.data_ram.inst is        1023
WARNING in tb_top.soc_lite.data_ram.inst at time            186690000 ns: 
Reading from out-of-range address. Max address in tb_top.soc_lite.data_ram.inst is        1023
WARNING in tb_top.soc_lite.data_ram.inst at time            186770000 ns: 
Reading from out-of-range address. Max address in tb_top.soc_lite.data_ram.inst is        1023
WARNING in tb_top.soc_lite.data_ram.inst at time            187030000 ns: 
Reading from out-of-range address. Max address in tb_top.soc_lite.data_ram.inst is        1023
WARNING in tb_top.soc_lite.data_ram.inst at time            187070000 ns: 
Reading from out-of-range address. Max address in tb_top.soc_lite.data_ram.inst is        1023
WARNING in tb_top.soc_lite.data_ram.inst at time            187150000 ns: 
Reading from out-of-range address. Max address in tb_top.soc_lite.data_ram.inst is        1023
WARNING in tb_top.soc_lite.data_ram.inst at time            187410000 ns: 
Reading from out-of-range address. Max address in tb_top.soc_lite.data_ram.inst is        1023
WARNING in tb_top.soc_lite.data_ram.inst at time            187450000 ns: 
Reading from out-of-range address. Max address in tb_top.soc_lite.data_ram.inst is        1023
WARNING in tb_top.soc_lite.data_ram.inst at time            187530000 ns: 
Reading from out-of-range address. Max address in tb_top.soc_lite.data_ram.inst is        1023
----[ 188270 ns] Number 8'd05 Functional Test Point PASS!!!
WARNING in tb_top.soc_lite.data_ram.inst at time            188310000 ns: 
Reading from out-of-range address. Max address in tb_top.soc_lite.data_ram.inst is        1023
WARNING in tb_top.soc_lite.data_ram.inst at time            188350000 ns: 
Reading from out-of-range address. Max address in tb_top.soc_lite.data_ram.inst is        1023
WARNING in tb_top.soc_lite.data_ram.inst at time            188750000 ns: 
Reading from out-of-range address. Max address in tb_top.soc_lite.data_ram.inst is        1023
WARNING in tb_top.soc_lite.data_ram.inst at time            188790000 ns: 
Reading from out-of-range address. Max address in tb_top.soc_lite.data_ram.inst is        1023
WARNING in tb_top.soc_lite.data_ram.inst at time            188830000 ns: 
Reading from out-of-range address. Max address in tb_top.soc_lite.data_ram.inst is        1023
WARNING in tb_top.soc_lite.data_ram.inst at time            189090000 ns: 
Reading from out-of-range address. Max address in tb_top.soc_lite.data_ram.inst is        1023
WARNING in tb_top.soc_lite.data_ram.inst at time            189130000 ns: 
Reading from out-of-range address. Max address in tb_top.soc_lite.data_ram.inst is        1023
WARNING in tb_top.soc_lite.data_ram.inst at time            189170000 ns: 
Reading from out-of-range address. Max address in tb_top.soc_lite.data_ram.inst is        1023
WARNING in tb_top.soc_lite.data_ram.inst at time            189470000 ns: 
Reading from out-of-range address. Max address in tb_top.soc_lite.data_ram.inst is        1023
WARNING in tb_top.soc_lite.data_ram.inst at time            189510000 ns: 
Reading from out-of-range address. Max address in tb_top.soc_lite.data_ram.inst is        1023
WARNING in tb_top.soc_lite.data_ram.inst at time            189550000 ns: 
Reading from out-of-range address. Max address in tb_top.soc_lite.data_ram.inst is        1023
WARNING in tb_top.soc_lite.data_ram.inst at time            189590000 ns: 
Reading from out-of-range address. Max address in tb_top.soc_lite.data_ram.inst is        1023
WARNING in tb_top.soc_lite.data_ram.inst at time            189850000 ns: 
Reading from out-of-range address. Max address in tb_top.soc_lite.data_ram.inst is        1023
WARNING in tb_top.soc_lite.data_ram.inst at time            189930000 ns: 
Reading from out-of-range address. Max address in tb_top.soc_lite.data_ram.inst is        1023
WARNING in tb_top.soc_lite.data_ram.inst at time            189970000 ns: 
Reading from out-of-range address. Max address in tb_top.soc_lite.data_ram.inst is        1023
WARNING in tb_top.soc_lite.data_ram.inst at time            190230000 ns: 
Reading from out-of-range address. Max address in tb_top.soc_lite.data_ram.inst is        1023
WARNING in tb_top.soc_lite.data_ram.inst at time            190270000 ns: 
Reading from out-of-range address. Max address in tb_top.soc_lite.data_ram.inst is        1023
WARNING in tb_top.soc_lite.data_ram.inst at time            190350000 ns: 
Reading from out-of-range address. Max address in tb_top.soc_lite.data_ram.inst is        1023
WARNING in tb_top.soc_lite.data_ram.inst at time            190730000 ns: 
Reading from out-of-range address. Max address in tb_top.soc_lite.data_ram.inst is        1023
WARNING in tb_top.soc_lite.data_ram.inst at time            190990000 ns: 
Reading from out-of-range address. Max address in tb_top.soc_lite.data_ram.inst is        1023
WARNING in tb_top.soc_lite.data_ram.inst at time            191030000 ns: 
Reading from out-of-range address. Max address in tb_top.soc_lite.data_ram.inst is        1023
WARNING in tb_top.soc_lite.data_ram.inst at time            191070000 ns: 
Reading from out-of-range address. Max address in tb_top.soc_lite.data_ram.inst is        1023
WARNING in tb_top.soc_lite.data_ram.inst at time            191370000 ns: 
Reading from out-of-range address. Max address in tb_top.soc_lite.data_ram.inst is        1023
WARNING in tb_top.soc_lite.data_ram.inst at time            191410000 ns: 
Reading from out-of-range address. Max address in tb_top.soc_lite.data_ram.inst is        1023
WARNING in tb_top.soc_lite.data_ram.inst at time            191450000 ns: 
Reading from out-of-range address. Max address in tb_top.soc_lite.data_ram.inst is        1023
WARNING in tb_top.soc_lite.data_ram.inst at time            191490000 ns: 
Reading from out-of-range address. Max address in tb_top.soc_lite.data_ram.inst is        1023
WARNING in tb_top.soc_lite.data_ram.inst at time            191750000 ns: 
Reading from out-of-range address. Max address in tb_top.soc_lite.data_ram.inst is        1023
WARNING in tb_top.soc_lite.data_ram.inst at time            191790000 ns: 
Reading from out-of-range address. Max address in tb_top.soc_lite.data_ram.inst is        1023
WARNING in tb_top.soc_lite.data_ram.inst at time            191830000 ns: 
Reading from out-of-range address. Max address in tb_top.soc_lite.data_ram.inst is        1023
WARNING in tb_top.soc_lite.data_ram.inst at time            191870000 ns: 
Reading from out-of-range address. Max address in tb_top.soc_lite.data_ram.inst is        1023
        [ 192000 ns] Test is running, debug_wb_pc = 0x1c01987c
WARNING in tb_top.soc_lite.data_ram.inst at time            192130000 ns: 
Reading from out-of-range address. Max address in tb_top.soc_lite.data_ram.inst is        1023
WARNING in tb_top.soc_lite.data_ram.inst at time            192170000 ns: 
Reading from out-of-range address. Max address in tb_top.soc_lite.data_ram.inst is        1023
WARNING in tb_top.soc_lite.data_ram.inst at time            192210000 ns: 
Reading from out-of-range address. Max address in tb_top.soc_lite.data_ram.inst is        1023
WARNING in tb_top.soc_lite.data_ram.inst at time            192250000 ns: 
Reading from out-of-range address. Max address in tb_top.soc_lite.data_ram.inst is        1023
WARNING in tb_top.soc_lite.data_ram.inst at time            192510000 ns: 
Reading from out-of-range address. Max address in tb_top.soc_lite.data_ram.inst is        1023
WARNING in tb_top.soc_lite.data_ram.inst at time            192550000 ns: 
Reading from out-of-range address. Max address in tb_top.soc_lite.data_ram.inst is        1023
WARNING in tb_top.soc_lite.data_ram.inst at time            192590000 ns: 
Reading from out-of-range address. Max address in tb_top.soc_lite.data_ram.inst is        1023
WARNING in tb_top.soc_lite.data_ram.inst at time            192890000 ns: 
Reading from out-of-range address. Max address in tb_top.soc_lite.data_ram.inst is        1023
WARNING in tb_top.soc_lite.data_ram.inst at time            192930000 ns: 
Reading from out-of-range address. Max address in tb_top.soc_lite.data_ram.inst is        1023
WARNING in tb_top.soc_lite.data_ram.inst at time            192970000 ns: 
Reading from out-of-range address. Max address in tb_top.soc_lite.data_ram.inst is        1023
WARNING in tb_top.soc_lite.data_ram.inst at time            193010000 ns: 
Reading from out-of-range address. Max address in tb_top.soc_lite.data_ram.inst is        1023
WARNING in tb_top.soc_lite.data_ram.inst at time            193270000 ns: 
Reading from out-of-range address. Max address in tb_top.soc_lite.data_ram.inst is        1023
WARNING in tb_top.soc_lite.data_ram.inst at time            193310000 ns: 
Reading from out-of-range address. Max address in tb_top.soc_lite.data_ram.inst is        1023
WARNING in tb_top.soc_lite.data_ram.inst at time            193350000 ns: 
Reading from out-of-range address. Max address in tb_top.soc_lite.data_ram.inst is        1023
WARNING in tb_top.soc_lite.data_ram.inst at time            193390000 ns: 
Reading from out-of-range address. Max address in tb_top.soc_lite.data_ram.inst is        1023
WARNING in tb_top.soc_lite.data_ram.inst at time            193650000 ns: 
Reading from out-of-range address. Max address in tb_top.soc_lite.data_ram.inst is        1023
WARNING in tb_top.soc_lite.data_ram.inst at time            193690000 ns: 
Reading from out-of-range address. Max address in tb_top.soc_lite.data_ram.inst is        1023
WARNING in tb_top.soc_lite.data_ram.inst at time            193730000 ns: 
Reading from out-of-range address. Max address in tb_top.soc_lite.data_ram.inst is        1023
WARNING in tb_top.soc_lite.data_ram.inst at time            193770000 ns: 
Reading from out-of-range address. Max address in tb_top.soc_lite.data_ram.inst is        1023
WARNING in tb_top.soc_lite.data_ram.inst at time            194030000 ns: 
Reading from out-of-range address. Max address in tb_top.soc_lite.data_ram.inst is        1023
WARNING in tb_top.soc_lite.data_ram.inst at time            194070000 ns: 
Reading from out-of-range address. Max address in tb_top.soc_lite.data_ram.inst is        1023
WARNING in tb_top.soc_lite.data_ram.inst at time            194110000 ns: 
Reading from out-of-range address. Max address in tb_top.soc_lite.data_ram.inst is        1023
WARNING in tb_top.soc_lite.data_ram.inst at time            194150000 ns: 
Reading from out-of-range address. Max address in tb_top.soc_lite.data_ram.inst is        1023
WARNING in tb_top.soc_lite.data_ram.inst at time            194410000 ns: 
Reading from out-of-range address. Max address in tb_top.soc_lite.data_ram.inst is        1023
WARNING in tb_top.soc_lite.data_ram.inst at time            194450000 ns: 
Reading from out-of-range address. Max address in tb_top.soc_lite.data_ram.inst is        1023
WARNING in tb_top.soc_lite.data_ram.inst at time            194490000 ns: 
Reading from out-of-range address. Max address in tb_top.soc_lite.data_ram.inst is        1023
WARNING in tb_top.soc_lite.data_ram.inst at time            194530000 ns: 
Reading from out-of-range address. Max address in tb_top.soc_lite.data_ram.inst is        1023
WARNING in tb_top.soc_lite.data_ram.inst at time            194790000 ns: 
Reading from out-of-range address. Max address in tb_top.soc_lite.data_ram.inst is        1023
WARNING in tb_top.soc_lite.data_ram.inst at time            194830000 ns: 
Reading from out-of-range address. Max address in tb_top.soc_lite.data_ram.inst is        1023
WARNING in tb_top.soc_lite.data_ram.inst at time            194870000 ns: 
Reading from out-of-range address. Max address in tb_top.soc_lite.data_ram.inst is        1023
WARNING in tb_top.soc_lite.data_ram.inst at time            194910000 ns: 
Reading from out-of-range address. Max address in tb_top.soc_lite.data_ram.inst is        1023
WARNING in tb_top.soc_lite.data_ram.inst at time            195170000 ns: 
Reading from out-of-range address. Max address in tb_top.soc_lite.data_ram.inst is        1023
WARNING in tb_top.soc_lite.data_ram.inst at time            195210000 ns: 
Reading from out-of-range address. Max address in tb_top.soc_lite.data_ram.inst is        1023
WARNING in tb_top.soc_lite.data_ram.inst at time            195550000 ns: 
Reading from out-of-range address. Max address in tb_top.soc_lite.data_ram.inst is        1023
WARNING in tb_top.soc_lite.data_ram.inst at time            195590000 ns: 
Reading from out-of-range address. Max address in tb_top.soc_lite.data_ram.inst is        1023
WARNING in tb_top.soc_lite.data_ram.inst at time            195630000 ns: 
Reading from out-of-range address. Max address in tb_top.soc_lite.data_ram.inst is        1023
WARNING in tb_top.soc_lite.data_ram.inst at time            195670000 ns: 
Reading from out-of-range address. Max address in tb_top.soc_lite.data_ram.inst is        1023
WARNING in tb_top.soc_lite.data_ram.inst at time            195930000 ns: 
Reading from out-of-range address. Max address in tb_top.soc_lite.data_ram.inst is        1023
WARNING in tb_top.soc_lite.data_ram.inst at time            195970000 ns: 
Reading from out-of-range address. Max address in tb_top.soc_lite.data_ram.inst is        1023
WARNING in tb_top.soc_lite.data_ram.inst at time            196050000 ns: 
Reading from out-of-range address. Max address in tb_top.soc_lite.data_ram.inst is        1023
WARNING in tb_top.soc_lite.data_ram.inst at time            196310000 ns: 
Reading from out-of-range address. Max address in tb_top.soc_lite.data_ram.inst is        1023
WARNING in tb_top.soc_lite.data_ram.inst at time            196390000 ns: 
Reading from out-of-range address. Max address in tb_top.soc_lite.data_ram.inst is        1023
WARNING in tb_top.soc_lite.data_ram.inst at time            196430000 ns: 
Reading from out-of-range address. Max address in tb_top.soc_lite.data_ram.inst is        1023
WARNING in tb_top.soc_lite.data_ram.inst at time            196770000 ns: 
Reading from out-of-range address. Max address in tb_top.soc_lite.data_ram.inst is        1023
WARNING in tb_top.soc_lite.data_ram.inst at time            197070000 ns: 
Reading from out-of-range address. Max address in tb_top.soc_lite.data_ram.inst is        1023
WARNING in tb_top.soc_lite.data_ram.inst at time            197110000 ns: 
Reading from out-of-range address. Max address in tb_top.soc_lite.data_ram.inst is        1023
WARNING in tb_top.soc_lite.data_ram.inst at time            197490000 ns: 
Reading from out-of-range address. Max address in tb_top.soc_lite.data_ram.inst is        1023
WARNING in tb_top.soc_lite.data_ram.inst at time            197530000 ns: 
Reading from out-of-range address. Max address in tb_top.soc_lite.data_ram.inst is        1023
WARNING in tb_top.soc_lite.data_ram.inst at time            197570000 ns: 
Reading from out-of-range address. Max address in tb_top.soc_lite.data_ram.inst is        1023
WARNING in tb_top.soc_lite.data_ram.inst at time            197830000 ns: 
Reading from out-of-range address. Max address in tb_top.soc_lite.data_ram.inst is        1023
WARNING in tb_top.soc_lite.data_ram.inst at time            197870000 ns: 
Reading from out-of-range address. Max address in tb_top.soc_lite.data_ram.inst is        1023
WARNING in tb_top.soc_lite.data_ram.inst at time            198250000 ns: 
Reading from out-of-range address. Max address in tb_top.soc_lite.data_ram.inst is        1023
WARNING in tb_top.soc_lite.data_ram.inst at time            198290000 ns: 
Reading from out-of-range address. Max address in tb_top.soc_lite.data_ram.inst is        1023
WARNING in tb_top.soc_lite.data_ram.inst at time            198330000 ns: 
Reading from out-of-range address. Max address in tb_top.soc_lite.data_ram.inst is        1023
WARNING in tb_top.soc_lite.data_ram.inst at time            198590000 ns: 
Reading from out-of-range address. Max address in tb_top.soc_lite.data_ram.inst is        1023
WARNING in tb_top.soc_lite.data_ram.inst at time            198670000 ns: 
Reading from out-of-range address. Max address in tb_top.soc_lite.data_ram.inst is        1023
WARNING in tb_top.soc_lite.data_ram.inst at time            198710000 ns: 
Reading from out-of-range address. Max address in tb_top.soc_lite.data_ram.inst is        1023
WARNING in tb_top.soc_lite.data_ram.inst at time            198970000 ns: 
Reading from out-of-range address. Max address in tb_top.soc_lite.data_ram.inst is        1023
WARNING in tb_top.soc_lite.data_ram.inst at time            199010000 ns: 
Reading from out-of-range address. Max address in tb_top.soc_lite.data_ram.inst is        1023
WARNING in tb_top.soc_lite.data_ram.inst at time            199050000 ns: 
Reading from out-of-range address. Max address in tb_top.soc_lite.data_ram.inst is        1023
WARNING in tb_top.soc_lite.data_ram.inst at time            199350000 ns: 
Reading from out-of-range address. Max address in tb_top.soc_lite.data_ram.inst is        1023
WARNING in tb_top.soc_lite.data_ram.inst at time            199390000 ns: 
Reading from out-of-range address. Max address in tb_top.soc_lite.data_ram.inst is        1023
WARNING in tb_top.soc_lite.data_ram.inst at time            199430000 ns: 
Reading from out-of-range address. Max address in tb_top.soc_lite.data_ram.inst is        1023
WARNING in tb_top.soc_lite.data_ram.inst at time            199470000 ns: 
Reading from out-of-range address. Max address in tb_top.soc_lite.data_ram.inst is        1023
WARNING in tb_top.soc_lite.data_ram.inst at time            199730000 ns: 
Reading from out-of-range address. Max address in tb_top.soc_lite.data_ram.inst is        1023
WARNING in tb_top.soc_lite.data_ram.inst at time            199770000 ns: 
Reading from out-of-range address. Max address in tb_top.soc_lite.data_ram.inst is        1023
WARNING in tb_top.soc_lite.data_ram.inst at time            199810000 ns: 
Reading from out-of-range address. Max address in tb_top.soc_lite.data_ram.inst is        1023
WARNING in tb_top.soc_lite.data_ram.inst at time            199850000 ns: 
Reading from out-of-range address. Max address in tb_top.soc_lite.data_ram.inst is        1023
WARNING in tb_top.soc_lite.data_ram.inst at time            200110000 ns: 
Reading from out-of-range address. Max address in tb_top.soc_lite.data_ram.inst is        1023
WARNING in tb_top.soc_lite.data_ram.inst at time            200150000 ns: 
Reading from out-of-range address. Max address in tb_top.soc_lite.data_ram.inst is        1023
WARNING in tb_top.soc_lite.data_ram.inst at time            200190000 ns: 
Reading from out-of-range address. Max address in tb_top.soc_lite.data_ram.inst is        1023
WARNING in tb_top.soc_lite.data_ram.inst at time            200230000 ns: 
Reading from out-of-range address. Max address in tb_top.soc_lite.data_ram.inst is        1023
WARNING in tb_top.soc_lite.data_ram.inst at time            200490000 ns: 
Reading from out-of-range address. Max address in tb_top.soc_lite.data_ram.inst is        1023
WARNING in tb_top.soc_lite.data_ram.inst at time            200530000 ns: 
Reading from out-of-range address. Max address in tb_top.soc_lite.data_ram.inst is        1023
WARNING in tb_top.soc_lite.data_ram.inst at time            200570000 ns: 
Reading from out-of-range address. Max address in tb_top.soc_lite.data_ram.inst is        1023
WARNING in tb_top.soc_lite.data_ram.inst at time            200870000 ns: 
Reading from out-of-range address. Max address in tb_top.soc_lite.data_ram.inst is        1023
WARNING in tb_top.soc_lite.data_ram.inst at time            200910000 ns: 
Reading from out-of-range address. Max address in tb_top.soc_lite.data_ram.inst is        1023
WARNING in tb_top.soc_lite.data_ram.inst at time            200950000 ns: 
Reading from out-of-range address. Max address in tb_top.soc_lite.data_ram.inst is        1023
WARNING in tb_top.soc_lite.data_ram.inst at time            200990000 ns: 
Reading from out-of-range address. Max address in tb_top.soc_lite.data_ram.inst is        1023
WARNING in tb_top.soc_lite.data_ram.inst at time            201250000 ns: 
Reading from out-of-range address. Max address in tb_top.soc_lite.data_ram.inst is        1023
WARNING in tb_top.soc_lite.data_ram.inst at time            201290000 ns: 
Reading from out-of-range address. Max address in tb_top.soc_lite.data_ram.inst is        1023
WARNING in tb_top.soc_lite.data_ram.inst at time            201330000 ns: 
Reading from out-of-range address. Max address in tb_top.soc_lite.data_ram.inst is        1023
WARNING in tb_top.soc_lite.data_ram.inst at time            201370000 ns: 
Reading from out-of-range address. Max address in tb_top.soc_lite.data_ram.inst is        1023
WARNING in tb_top.soc_lite.data_ram.inst at time            201630000 ns: 
Reading from out-of-range address. Max address in tb_top.soc_lite.data_ram.inst is        1023
WARNING in tb_top.soc_lite.data_ram.inst at time            201670000 ns: 
Reading from out-of-range address. Max address in tb_top.soc_lite.data_ram.inst is        1023
WARNING in tb_top.soc_lite.data_ram.inst at time            201710000 ns: 
Reading from out-of-range address. Max address in tb_top.soc_lite.data_ram.inst is        1023
WARNING in tb_top.soc_lite.data_ram.inst at time            201750000 ns: 
Reading from out-of-range address. Max address in tb_top.soc_lite.data_ram.inst is        1023
        [ 202000 ns] Test is running, debug_wb_pc = 0x1c01a04c
WARNING in tb_top.soc_lite.data_ram.inst at time            202010000 ns: 
Reading from out-of-range address. Max address in tb_top.soc_lite.data_ram.inst is        1023
WARNING in tb_top.soc_lite.data_ram.inst at time            202050000 ns: 
Reading from out-of-range address. Max address in tb_top.soc_lite.data_ram.inst is        1023
WARNING in tb_top.soc_lite.data_ram.inst at time            202130000 ns: 
Reading from out-of-range address. Max address in tb_top.soc_lite.data_ram.inst is        1023
WARNING in tb_top.soc_lite.data_ram.inst at time            202390000 ns: 
Reading from out-of-range address. Max address in tb_top.soc_lite.data_ram.inst is        1023
WARNING in tb_top.soc_lite.data_ram.inst at time            202430000 ns: 
Reading from out-of-range address. Max address in tb_top.soc_lite.data_ram.inst is        1023
WARNING in tb_top.soc_lite.data_ram.inst at time            202510000 ns: 
Reading from out-of-range address. Max address in tb_top.soc_lite.data_ram.inst is        1023
WARNING in tb_top.soc_lite.data_ram.inst at time            202770000 ns: 
Reading from out-of-range address. Max address in tb_top.soc_lite.data_ram.inst is        1023
WARNING in tb_top.soc_lite.data_ram.inst at time            202810000 ns: 
Reading from out-of-range address. Max address in tb_top.soc_lite.data_ram.inst is        1023
WARNING in tb_top.soc_lite.data_ram.inst at time            202850000 ns: 
Reading from out-of-range address. Max address in tb_top.soc_lite.data_ram.inst is        1023
WARNING in tb_top.soc_lite.data_ram.inst at time            202890000 ns: 
Reading from out-of-range address. Max address in tb_top.soc_lite.data_ram.inst is        1023
WARNING in tb_top.soc_lite.data_ram.inst at time            203150000 ns: 
Reading from out-of-range address. Max address in tb_top.soc_lite.data_ram.inst is        1023
WARNING in tb_top.soc_lite.data_ram.inst at time            203230000 ns: 
Reading from out-of-range address. Max address in tb_top.soc_lite.data_ram.inst is        1023
WARNING in tb_top.soc_lite.data_ram.inst at time            203270000 ns: 
Reading from out-of-range address. Max address in tb_top.soc_lite.data_ram.inst is        1023
WARNING in tb_top.soc_lite.data_ram.inst at time            203530000 ns: 
Reading from out-of-range address. Max address in tb_top.soc_lite.data_ram.inst is        1023
WARNING in tb_top.soc_lite.data_ram.inst at time            203570000 ns: 
Reading from out-of-range address. Max address in tb_top.soc_lite.data_ram.inst is        1023
WARNING in tb_top.soc_lite.data_ram.inst at time            203610000 ns: 
Reading from out-of-range address. Max address in tb_top.soc_lite.data_ram.inst is        1023
WARNING in tb_top.soc_lite.data_ram.inst at time            203650000 ns: 
Reading from out-of-range address. Max address in tb_top.soc_lite.data_ram.inst is        1023
WARNING in tb_top.soc_lite.data_ram.inst at time            203910000 ns: 
Reading from out-of-range address. Max address in tb_top.soc_lite.data_ram.inst is        1023
WARNING in tb_top.soc_lite.data_ram.inst at time            203950000 ns: 
Reading from out-of-range address. Max address in tb_top.soc_lite.data_ram.inst is        1023
WARNING in tb_top.soc_lite.data_ram.inst at time            204030000 ns: 
Reading from out-of-range address. Max address in tb_top.soc_lite.data_ram.inst is        1023
WARNING in tb_top.soc_lite.data_ram.inst at time            204290000 ns: 
Reading from out-of-range address. Max address in tb_top.soc_lite.data_ram.inst is        1023
WARNING in tb_top.soc_lite.data_ram.inst at time            204330000 ns: 
Reading from out-of-range address. Max address in tb_top.soc_lite.data_ram.inst is        1023
WARNING in tb_top.soc_lite.data_ram.inst at time            204410000 ns: 
Reading from out-of-range address. Max address in tb_top.soc_lite.data_ram.inst is        1023
WARNING in tb_top.soc_lite.data_ram.inst at time            204670000 ns: 
Reading from out-of-range address. Max address in tb_top.soc_lite.data_ram.inst is        1023
WARNING in tb_top.soc_lite.data_ram.inst at time            204790000 ns: 
Reading from out-of-range address. Max address in tb_top.soc_lite.data_ram.inst is        1023
WARNING in tb_top.soc_lite.data_ram.inst at time            205090000 ns: 
Reading from out-of-range address. Max address in tb_top.soc_lite.data_ram.inst is        1023
WARNING in tb_top.soc_lite.data_ram.inst at time            205170000 ns: 
Reading from out-of-range address. Max address in tb_top.soc_lite.data_ram.inst is        1023
WARNING in tb_top.soc_lite.data_ram.inst at time            205430000 ns: 
Reading from out-of-range address. Max address in tb_top.soc_lite.data_ram.inst is        1023
WARNING in tb_top.soc_lite.data_ram.inst at time            205470000 ns: 
Reading from out-of-range address. Max address in tb_top.soc_lite.data_ram.inst is        1023
WARNING in tb_top.soc_lite.data_ram.inst at time            205550000 ns: 
Reading from out-of-range address. Max address in tb_top.soc_lite.data_ram.inst is        1023
WARNING in tb_top.soc_lite.data_ram.inst at time            205850000 ns: 
Reading from out-of-range address. Max address in tb_top.soc_lite.data_ram.inst is        1023
WARNING in tb_top.soc_lite.data_ram.inst at time            205930000 ns: 
Reading from out-of-range address. Max address in tb_top.soc_lite.data_ram.inst is        1023
WARNING in tb_top.soc_lite.data_ram.inst at time            206230000 ns: 
Reading from out-of-range address. Max address in tb_top.soc_lite.data_ram.inst is        1023
WARNING in tb_top.soc_lite.data_ram.inst at time            206310000 ns: 
Reading from out-of-range address. Max address in tb_top.soc_lite.data_ram.inst is        1023
WARNING in tb_top.soc_lite.data_ram.inst at time            206570000 ns: 
Reading from out-of-range address. Max address in tb_top.soc_lite.data_ram.inst is        1023
WARNING in tb_top.soc_lite.data_ram.inst at time            206610000 ns: 
Reading from out-of-range address. Max address in tb_top.soc_lite.data_ram.inst is        1023
WARNING in tb_top.soc_lite.data_ram.inst at time            206690000 ns: 
Reading from out-of-range address. Max address in tb_top.soc_lite.data_ram.inst is        1023
WARNING in tb_top.soc_lite.data_ram.inst at time            206950000 ns: 
Reading from out-of-range address. Max address in tb_top.soc_lite.data_ram.inst is        1023
WARNING in tb_top.soc_lite.data_ram.inst at time            207370000 ns: 
Reading from out-of-range address. Max address in tb_top.soc_lite.data_ram.inst is        1023
WARNING in tb_top.soc_lite.data_ram.inst at time            207710000 ns: 
Reading from out-of-range address. Max address in tb_top.soc_lite.data_ram.inst is        1023
WARNING in tb_top.soc_lite.data_ram.inst at time            207750000 ns: 
Reading from out-of-range address. Max address in tb_top.soc_lite.data_ram.inst is        1023
WARNING in tb_top.soc_lite.data_ram.inst at time            207830000 ns: 
Reading from out-of-range address. Max address in tb_top.soc_lite.data_ram.inst is        1023
WARNING in tb_top.soc_lite.data_ram.inst at time            208090000 ns: 
Reading from out-of-range address. Max address in tb_top.soc_lite.data_ram.inst is        1023
WARNING in tb_top.soc_lite.data_ram.inst at time            208130000 ns: 
Reading from out-of-range address. Max address in tb_top.soc_lite.data_ram.inst is        1023
WARNING in tb_top.soc_lite.data_ram.inst at time            208210000 ns: 
Reading from out-of-range address. Max address in tb_top.soc_lite.data_ram.inst is        1023
WARNING in tb_top.soc_lite.data_ram.inst at time            208470000 ns: 
Reading from out-of-range address. Max address in tb_top.soc_lite.data_ram.inst is        1023
WARNING in tb_top.soc_lite.data_ram.inst at time            208510000 ns: 
Reading from out-of-range address. Max address in tb_top.soc_lite.data_ram.inst is        1023
WARNING in tb_top.soc_lite.data_ram.inst at time            208850000 ns: 
Reading from out-of-range address. Max address in tb_top.soc_lite.data_ram.inst is        1023
WARNING in tb_top.soc_lite.data_ram.inst at time            208890000 ns: 
Reading from out-of-range address. Max address in tb_top.soc_lite.data_ram.inst is        1023
WARNING in tb_top.soc_lite.data_ram.inst at time            208970000 ns: 
Reading from out-of-range address. Max address in tb_top.soc_lite.data_ram.inst is        1023
WARNING in tb_top.soc_lite.data_ram.inst at time            209230000 ns: 
Reading from out-of-range address. Max address in tb_top.soc_lite.data_ram.inst is        1023
WARNING in tb_top.soc_lite.data_ram.inst at time            209610000 ns: 
Reading from out-of-range address. Max address in tb_top.soc_lite.data_ram.inst is        1023
WARNING in tb_top.soc_lite.data_ram.inst at time            209730000 ns: 
Reading from out-of-range address. Max address in tb_top.soc_lite.data_ram.inst is        1023
WARNING in tb_top.soc_lite.data_ram.inst at time            209990000 ns: 
Reading from out-of-range address. Max address in tb_top.soc_lite.data_ram.inst is        1023
WARNING in tb_top.soc_lite.data_ram.inst at time            210030000 ns: 
Reading from out-of-range address. Max address in tb_top.soc_lite.data_ram.inst is        1023
WARNING in tb_top.soc_lite.data_ram.inst at time            210110000 ns: 
Reading from out-of-range address. Max address in tb_top.soc_lite.data_ram.inst is        1023
WARNING in tb_top.soc_lite.data_ram.inst at time            210370000 ns: 
Reading from out-of-range address. Max address in tb_top.soc_lite.data_ram.inst is        1023
WARNING in tb_top.soc_lite.data_ram.inst at time            210410000 ns: 
Reading from out-of-range address. Max address in tb_top.soc_lite.data_ram.inst is        1023
WARNING in tb_top.soc_lite.data_ram.inst at time            210490000 ns: 
Reading from out-of-range address. Max address in tb_top.soc_lite.data_ram.inst is        1023
WARNING in tb_top.soc_lite.data_ram.inst at time            210750000 ns: 
Reading from out-of-range address. Max address in tb_top.soc_lite.data_ram.inst is        1023
WARNING in tb_top.soc_lite.data_ram.inst at time            210790000 ns: 
Reading from out-of-range address. Max address in tb_top.soc_lite.data_ram.inst is        1023
WARNING in tb_top.soc_lite.data_ram.inst at time            210870000 ns: 
Reading from out-of-range address. Max address in tb_top.soc_lite.data_ram.inst is        1023
WARNING in tb_top.soc_lite.data_ram.inst at time            211170000 ns: 
Reading from out-of-range address. Max address in tb_top.soc_lite.data_ram.inst is        1023
WARNING in tb_top.soc_lite.data_ram.inst at time            211550000 ns: 
Reading from out-of-range address. Max address in tb_top.soc_lite.data_ram.inst is        1023
WARNING in tb_top.soc_lite.data_ram.inst at time            211930000 ns: 
Reading from out-of-range address. Max address in tb_top.soc_lite.data_ram.inst is        1023
        [ 212000 ns] Test is running, debug_wb_pc = 0x1c01a81c
WARNING in tb_top.soc_lite.data_ram.inst at time            212010000 ns: 
Reading from out-of-range address. Max address in tb_top.soc_lite.data_ram.inst is        1023
WARNING in tb_top.soc_lite.data_ram.inst at time            212270000 ns: 
Reading from out-of-range address. Max address in tb_top.soc_lite.data_ram.inst is        1023
WARNING in tb_top.soc_lite.data_ram.inst at time            212310000 ns: 
Reading from out-of-range address. Max address in tb_top.soc_lite.data_ram.inst is        1023
WARNING in tb_top.soc_lite.data_ram.inst at time            212390000 ns: 
Reading from out-of-range address. Max address in tb_top.soc_lite.data_ram.inst is        1023
WARNING in tb_top.soc_lite.data_ram.inst at time            212690000 ns: 
Reading from out-of-range address. Max address in tb_top.soc_lite.data_ram.inst is        1023
WARNING in tb_top.soc_lite.data_ram.inst at time            212770000 ns: 
Reading from out-of-range address. Max address in tb_top.soc_lite.data_ram.inst is        1023
WARNING in tb_top.soc_lite.data_ram.inst at time            213030000 ns: 
Reading from out-of-range address. Max address in tb_top.soc_lite.data_ram.inst is        1023
WARNING in tb_top.soc_lite.data_ram.inst at time            213070000 ns: 
Reading from out-of-range address. Max address in tb_top.soc_lite.data_ram.inst is        1023
WARNING in tb_top.soc_lite.data_ram.inst at time            213150000 ns: 
Reading from out-of-range address. Max address in tb_top.soc_lite.data_ram.inst is        1023
WARNING in tb_top.soc_lite.data_ram.inst at time            213450000 ns: 
Reading from out-of-range address. Max address in tb_top.soc_lite.data_ram.inst is        1023
WARNING in tb_top.soc_lite.data_ram.inst at time            213530000 ns: 
Reading from out-of-range address. Max address in tb_top.soc_lite.data_ram.inst is        1023
WARNING in tb_top.soc_lite.data_ram.inst at time            213790000 ns: 
Reading from out-of-range address. Max address in tb_top.soc_lite.data_ram.inst is        1023
WARNING in tb_top.soc_lite.data_ram.inst at time            213910000 ns: 
Reading from out-of-range address. Max address in tb_top.soc_lite.data_ram.inst is        1023
WARNING in tb_top.soc_lite.data_ram.inst at time            214170000 ns: 
Reading from out-of-range address. Max address in tb_top.soc_lite.data_ram.inst is        1023
WARNING in tb_top.soc_lite.data_ram.inst at time            214290000 ns: 
Reading from out-of-range address. Max address in tb_top.soc_lite.data_ram.inst is        1023
WARNING in tb_top.soc_lite.data_ram.inst at time            214930000 ns: 
Reading from out-of-range address. Max address in tb_top.soc_lite.data_ram.inst is        1023
WARNING in tb_top.soc_lite.data_ram.inst at time            214970000 ns: 
Reading from out-of-range address. Max address in tb_top.soc_lite.data_ram.inst is        1023
WARNING in tb_top.soc_lite.data_ram.inst at time            215050000 ns: 
Reading from out-of-range address. Max address in tb_top.soc_lite.data_ram.inst is        1023
WARNING in tb_top.soc_lite.data_ram.inst at time            215310000 ns: 
Reading from out-of-range address. Max address in tb_top.soc_lite.data_ram.inst is        1023
WARNING in tb_top.soc_lite.data_ram.inst at time            215350000 ns: 
Reading from out-of-range address. Max address in tb_top.soc_lite.data_ram.inst is        1023
WARNING in tb_top.soc_lite.data_ram.inst at time            215430000 ns: 
Reading from out-of-range address. Max address in tb_top.soc_lite.data_ram.inst is        1023
WARNING in tb_top.soc_lite.data_ram.inst at time            215690000 ns: 
Reading from out-of-range address. Max address in tb_top.soc_lite.data_ram.inst is        1023
WARNING in tb_top.soc_lite.data_ram.inst at time            215730000 ns: 
Reading from out-of-range address. Max address in tb_top.soc_lite.data_ram.inst is        1023
WARNING in tb_top.soc_lite.data_ram.inst at time            216070000 ns: 
Reading from out-of-range address. Max address in tb_top.soc_lite.data_ram.inst is        1023
WARNING in tb_top.soc_lite.data_ram.inst at time            216190000 ns: 
Reading from out-of-range address. Max address in tb_top.soc_lite.data_ram.inst is        1023
WARNING in tb_top.soc_lite.data_ram.inst at time            216450000 ns: 
Reading from out-of-range address. Max address in tb_top.soc_lite.data_ram.inst is        1023
WARNING in tb_top.soc_lite.data_ram.inst at time            216570000 ns: 
Reading from out-of-range address. Max address in tb_top.soc_lite.data_ram.inst is        1023
WARNING in tb_top.soc_lite.data_ram.inst at time            216830000 ns: 
Reading from out-of-range address. Max address in tb_top.soc_lite.data_ram.inst is        1023
WARNING in tb_top.soc_lite.data_ram.inst at time            216870000 ns: 
Reading from out-of-range address. Max address in tb_top.soc_lite.data_ram.inst is        1023
WARNING in tb_top.soc_lite.data_ram.inst at time            216950000 ns: 
Reading from out-of-range address. Max address in tb_top.soc_lite.data_ram.inst is        1023
WARNING in tb_top.soc_lite.data_ram.inst at time            217250000 ns: 
Reading from out-of-range address. Max address in tb_top.soc_lite.data_ram.inst is        1023
WARNING in tb_top.soc_lite.data_ram.inst at time            217330000 ns: 
Reading from out-of-range address. Max address in tb_top.soc_lite.data_ram.inst is        1023
WARNING in tb_top.soc_lite.data_ram.inst at time            217590000 ns: 
Reading from out-of-range address. Max address in tb_top.soc_lite.data_ram.inst is        1023
WARNING in tb_top.soc_lite.data_ram.inst at time            217630000 ns: 
Reading from out-of-range address. Max address in tb_top.soc_lite.data_ram.inst is        1023
WARNING in tb_top.soc_lite.data_ram.inst at time            217710000 ns: 
Reading from out-of-range address. Max address in tb_top.soc_lite.data_ram.inst is        1023
WARNING in tb_top.soc_lite.data_ram.inst at time            217970000 ns: 
Reading from out-of-range address. Max address in tb_top.soc_lite.data_ram.inst is        1023
WARNING in tb_top.soc_lite.data_ram.inst at time            218010000 ns: 
Reading from out-of-range address. Max address in tb_top.soc_lite.data_ram.inst is        1023
WARNING in tb_top.soc_lite.data_ram.inst at time            218090000 ns: 
Reading from out-of-range address. Max address in tb_top.soc_lite.data_ram.inst is        1023
WARNING in tb_top.soc_lite.data_ram.inst at time            218350000 ns: 
Reading from out-of-range address. Max address in tb_top.soc_lite.data_ram.inst is        1023
WARNING in tb_top.soc_lite.data_ram.inst at time            218470000 ns: 
Reading from out-of-range address. Max address in tb_top.soc_lite.data_ram.inst is        1023
WARNING in tb_top.soc_lite.data_ram.inst at time            218730000 ns: 
Reading from out-of-range address. Max address in tb_top.soc_lite.data_ram.inst is        1023
WARNING in tb_top.soc_lite.data_ram.inst at time            218770000 ns: 
Reading from out-of-range address. Max address in tb_top.soc_lite.data_ram.inst is        1023
WARNING in tb_top.soc_lite.data_ram.inst at time            218850000 ns: 
Reading from out-of-range address. Max address in tb_top.soc_lite.data_ram.inst is        1023
WARNING in tb_top.soc_lite.data_ram.inst at time            219110000 ns: 
Reading from out-of-range address. Max address in tb_top.soc_lite.data_ram.inst is        1023
WARNING in tb_top.soc_lite.data_ram.inst at time            219230000 ns: 
Reading from out-of-range address. Max address in tb_top.soc_lite.data_ram.inst is        1023
WARNING in tb_top.soc_lite.data_ram.inst at time            219490000 ns: 
Reading from out-of-range address. Max address in tb_top.soc_lite.data_ram.inst is        1023
WARNING in tb_top.soc_lite.data_ram.inst at time            219530000 ns: 
Reading from out-of-range address. Max address in tb_top.soc_lite.data_ram.inst is        1023
WARNING in tb_top.soc_lite.data_ram.inst at time            219610000 ns: 
Reading from out-of-range address. Max address in tb_top.soc_lite.data_ram.inst is        1023
WARNING in tb_top.soc_lite.data_ram.inst at time            219910000 ns: 
Reading from out-of-range address. Max address in tb_top.soc_lite.data_ram.inst is        1023
WARNING in tb_top.soc_lite.data_ram.inst at time            220250000 ns: 
Reading from out-of-range address. Max address in tb_top.soc_lite.data_ram.inst is        1023
WARNING in tb_top.soc_lite.data_ram.inst at time            220290000 ns: 
Reading from out-of-range address. Max address in tb_top.soc_lite.data_ram.inst is        1023
WARNING in tb_top.soc_lite.data_ram.inst at time            220370000 ns: 
Reading from out-of-range address. Max address in tb_top.soc_lite.data_ram.inst is        1023
WARNING in tb_top.soc_lite.data_ram.inst at time            220630000 ns: 
Reading from out-of-range address. Max address in tb_top.soc_lite.data_ram.inst is        1023
WARNING in tb_top.soc_lite.data_ram.inst at time            220670000 ns: 
Reading from out-of-range address. Max address in tb_top.soc_lite.data_ram.inst is        1023
WARNING in tb_top.soc_lite.data_ram.inst at time            221010000 ns: 
Reading from out-of-range address. Max address in tb_top.soc_lite.data_ram.inst is        1023
WARNING in tb_top.soc_lite.data_ram.inst at time            221050000 ns: 
Reading from out-of-range address. Max address in tb_top.soc_lite.data_ram.inst is        1023
WARNING in tb_top.soc_lite.data_ram.inst at time            221130000 ns: 
Reading from out-of-range address. Max address in tb_top.soc_lite.data_ram.inst is        1023
WARNING in tb_top.soc_lite.data_ram.inst at time            221390000 ns: 
Reading from out-of-range address. Max address in tb_top.soc_lite.data_ram.inst is        1023
WARNING in tb_top.soc_lite.data_ram.inst at time            221430000 ns: 
Reading from out-of-range address. Max address in tb_top.soc_lite.data_ram.inst is        1023
WARNING in tb_top.soc_lite.data_ram.inst at time            221510000 ns: 
Reading from out-of-range address. Max address in tb_top.soc_lite.data_ram.inst is        1023
WARNING in tb_top.soc_lite.data_ram.inst at time            221770000 ns: 
Reading from out-of-range address. Max address in tb_top.soc_lite.data_ram.inst is        1023
WARNING in tb_top.soc_lite.data_ram.inst at time            221890000 ns: 
Reading from out-of-range address. Max address in tb_top.soc_lite.data_ram.inst is        1023
        [ 222000 ns] Test is running, debug_wb_pc = 0x1c01afec
WARNING in tb_top.soc_lite.data_ram.inst at time            222150000 ns: 
Reading from out-of-range address. Max address in tb_top.soc_lite.data_ram.inst is        1023
WARNING in tb_top.soc_lite.data_ram.inst at time            222190000 ns: 
Reading from out-of-range address. Max address in tb_top.soc_lite.data_ram.inst is        1023
WARNING in tb_top.soc_lite.data_ram.inst at time            222270000 ns: 
Reading from out-of-range address. Max address in tb_top.soc_lite.data_ram.inst is        1023
WARNING in tb_top.soc_lite.data_ram.inst at time            222530000 ns: 
Reading from out-of-range address. Max address in tb_top.soc_lite.data_ram.inst is        1023
WARNING in tb_top.soc_lite.data_ram.inst at time            222570000 ns: 
Reading from out-of-range address. Max address in tb_top.soc_lite.data_ram.inst is        1023
WARNING in tb_top.soc_lite.data_ram.inst at time            222910000 ns: 
Reading from out-of-range address. Max address in tb_top.soc_lite.data_ram.inst is        1023
WARNING in tb_top.soc_lite.data_ram.inst at time            222950000 ns: 
Reading from out-of-range address. Max address in tb_top.soc_lite.data_ram.inst is        1023
WARNING in tb_top.soc_lite.data_ram.inst at time            223030000 ns: 
Reading from out-of-range address. Max address in tb_top.soc_lite.data_ram.inst is        1023
WARNING in tb_top.soc_lite.data_ram.inst at time            223330000 ns: 
Reading from out-of-range address. Max address in tb_top.soc_lite.data_ram.inst is        1023
WARNING in tb_top.soc_lite.data_ram.inst at time            223410000 ns: 
Reading from out-of-range address. Max address in tb_top.soc_lite.data_ram.inst is        1023
WARNING in tb_top.soc_lite.data_ram.inst at time            223670000 ns: 
Reading from out-of-range address. Max address in tb_top.soc_lite.data_ram.inst is        1023
WARNING in tb_top.soc_lite.data_ram.inst at time            223710000 ns: 
Reading from out-of-range address. Max address in tb_top.soc_lite.data_ram.inst is        1023
WARNING in tb_top.soc_lite.data_ram.inst at time            223790000 ns: 
Reading from out-of-range address. Max address in tb_top.soc_lite.data_ram.inst is        1023
WARNING in tb_top.soc_lite.data_ram.inst at time            224050000 ns: 
Reading from out-of-range address. Max address in tb_top.soc_lite.data_ram.inst is        1023
WARNING in tb_top.soc_lite.data_ram.inst at time            224090000 ns: 
Reading from out-of-range address. Max address in tb_top.soc_lite.data_ram.inst is        1023
WARNING in tb_top.soc_lite.data_ram.inst at time            224170000 ns: 
Reading from out-of-range address. Max address in tb_top.soc_lite.data_ram.inst is        1023
WARNING in tb_top.soc_lite.data_ram.inst at time            224430000 ns: 
Reading from out-of-range address. Max address in tb_top.soc_lite.data_ram.inst is        1023
WARNING in tb_top.soc_lite.data_ram.inst at time            224470000 ns: 
Reading from out-of-range address. Max address in tb_top.soc_lite.data_ram.inst is        1023
WARNING in tb_top.soc_lite.data_ram.inst at time            224810000 ns: 
Reading from out-of-range address. Max address in tb_top.soc_lite.data_ram.inst is        1023
WARNING in tb_top.soc_lite.data_ram.inst at time            224850000 ns: 
Reading from out-of-range address. Max address in tb_top.soc_lite.data_ram.inst is        1023
WARNING in tb_top.soc_lite.data_ram.inst at time            224930000 ns: 
Reading from out-of-range address. Max address in tb_top.soc_lite.data_ram.inst is        1023
WARNING in tb_top.soc_lite.data_ram.inst at time            225190000 ns: 
Reading from out-of-range address. Max address in tb_top.soc_lite.data_ram.inst is        1023
WARNING in tb_top.soc_lite.data_ram.inst at time            225310000 ns: 
Reading from out-of-range address. Max address in tb_top.soc_lite.data_ram.inst is        1023
WARNING in tb_top.soc_lite.data_ram.inst at time            225570000 ns: 
Reading from out-of-range address. Max address in tb_top.soc_lite.data_ram.inst is        1023
WARNING in tb_top.soc_lite.data_ram.inst at time            225610000 ns: 
Reading from out-of-range address. Max address in tb_top.soc_lite.data_ram.inst is        1023
WARNING in tb_top.soc_lite.data_ram.inst at time            225950000 ns: 
Reading from out-of-range address. Max address in tb_top.soc_lite.data_ram.inst is        1023
WARNING in tb_top.soc_lite.data_ram.inst at time            225990000 ns: 
Reading from out-of-range address. Max address in tb_top.soc_lite.data_ram.inst is        1023
WARNING in tb_top.soc_lite.data_ram.inst at time            226330000 ns: 
Reading from out-of-range address. Max address in tb_top.soc_lite.data_ram.inst is        1023
WARNING in tb_top.soc_lite.data_ram.inst at time            226370000 ns: 
Reading from out-of-range address. Max address in tb_top.soc_lite.data_ram.inst is        1023
WARNING in tb_top.soc_lite.data_ram.inst at time            226450000 ns: 
Reading from out-of-range address. Max address in tb_top.soc_lite.data_ram.inst is        1023
WARNING in tb_top.soc_lite.data_ram.inst at time            226710000 ns: 
Reading from out-of-range address. Max address in tb_top.soc_lite.data_ram.inst is        1023
WARNING in tb_top.soc_lite.data_ram.inst at time            226830000 ns: 
Reading from out-of-range address. Max address in tb_top.soc_lite.data_ram.inst is        1023
WARNING in tb_top.soc_lite.data_ram.inst at time            227090000 ns: 
Reading from out-of-range address. Max address in tb_top.soc_lite.data_ram.inst is        1023
WARNING in tb_top.soc_lite.data_ram.inst at time            227130000 ns: 
Reading from out-of-range address. Max address in tb_top.soc_lite.data_ram.inst is        1023
WARNING in tb_top.soc_lite.data_ram.inst at time            227210000 ns: 
Reading from out-of-range address. Max address in tb_top.soc_lite.data_ram.inst is        1023
----[ 227950 ns] Number 8'd06 Functional Test Point PASS!!!
WARNING in tb_top.soc_lite.data_ram.inst at time            227990000 ns: 
Reading from out-of-range address. Max address in tb_top.soc_lite.data_ram.inst is        1023
WARNING in tb_top.soc_lite.data_ram.inst at time            228030000 ns: 
Reading from out-of-range address. Max address in tb_top.soc_lite.data_ram.inst is        1023
WARNING in tb_top.soc_lite.data_ram.inst at time            228390000 ns: 
Reading from out-of-range address. Max address in tb_top.soc_lite.data_ram.inst is        1023
WARNING in tb_top.soc_lite.data_ram.inst at time            228430000 ns: 
Reading from out-of-range address. Max address in tb_top.soc_lite.data_ram.inst is        1023
WARNING in tb_top.soc_lite.data_ram.inst at time            228470000 ns: 
Reading from out-of-range address. Max address in tb_top.soc_lite.data_ram.inst is        1023
WARNING in tb_top.soc_lite.data_ram.inst at time            228630000 ns: 
Reading from out-of-range address. Max address in tb_top.soc_lite.data_ram.inst is        1023
==============================================================
Test end!
----PASS!!!
$finish called at time : 228710 ns : File "D:/nscscc/cdp_ede_local-master/mycpu_env/soc_verify/soc_dram/testbench/mycpu_tb.v" Line 269
