memory_initialization_radix = 16;
memory_initialization_vector =
02bffc0c
02bffc0c
50fff800
1500000c
028005ad
0015018e
00104a2f
28800190
00000000
00000000
00000000
00000000
00000000
00000000
00000000
00000000
00000000
00000000
00000000
00000000
00000000
00000000
00000000
00000000
00000000
00000000
00000000
00000000
00000000
00000000
00000000
00000000
00000000
00000000
00000000
00000000
00000000
00000000
00000000
00000000
00000000
00000000
00000000
00000000
00000000
00000000
00000000
00000000
00000000
00000000
00000000
00000000
00000000
00000000
00000000
00000000
00000000
00000000
00000000
1500000c
028005ad
0015018e
00104a2f
28800190
0280058c
157f600e
02bc41ce
298001c0
50000000
1500000c
028005ad
0015018e
00104a2f
28800190
00000000
00000000
00000000
00000000
00000000
00000000
00000000
00000000
00000000
00000000
00000000
00000000
00000000
00000000
00000000
00000000
00000000
00000000
00000000
00000000
00000000
00000000
00000000
00000000
00000000
00000000
00000000
00000000
00000000
00000000
00000000
00000000
00000000
00000000
00000000
00000000
00000000
00000000
00000000
00000000
00000000
00000000
00000000
00000000
00000000
00000000
00000000
00000000
00000000
00000000
00000000
00000000
00000000
00000000
00000000
00000000
00000000
00000000
00000000
00000000
00000000
00000000
00000000
00000000
00000000
00000000
00000000
00000000
00000000
00000000
00000000
00000000
00000000
00000000
00000000
00000000
00000000
00000000
00000000
00000000
00000000
00000000
00000000
00000000
00000000
00000000
00000000
00000000
00000000
00000000
00000000
00000000
00000000
00000000
00000000
00000000
00000000
00000000
00000000
00000000
00000000
00000000
00000000
00000000
00000000
00000000
00000000
00000000
00000000
00000000
00000000
00000000
00000000
00000000
00000000
00000000
00000000
00000000
00000000
00000000
00000000
00000000
00000000
00000000
00000000
00000000
00000000
00000000
00000000
00000000
00000000
00000000
00000000
00000000
00000000
00000000
00000000
00000000
00000000
00000000
00000000
00000000
00000000
00000000
00000000
00000000
00000000
00000000
00000000
00000000
00000000
00000000
00000000
00000000
00000000
00000000
00000000
00000000
00000000
00000000
00000000
00000000
00000000
00000000
00000000
00000000
00000000
00000000
00000000
00000000
00000000
00000000
00000000
00000000
00000000
00000000
00000000
00000000
00000000
00000000
00000000
00000000
00000000
00000000
00000000
00000000
00000000
00000000
00000000
00000000
00000000
00000000
00000000
00000000
00000000
00000000
00000000
00000000
00000000
00000000
00000000
00000000
00000000
00000000
00000000
00000000
00000000
00000000
00000000
00000000
00000000
00000000
00000000
00000000
00000000
00000000
00000000
00000000
00000000
00000000
00000000
00000000
00000000
00000000
00000000
00000000
00000000
00000000
00000000
00000000
00000000
00000000
00000000
00000000
00000000
00000000
00000000
00000000
00000000
00000000
00000000
00000000
00000000
00000000
00000000
00000000
00000000
00000000
00000000
00000000
00000000
00000000
00000000
00000000
00000000
00000000
00000000
00000000
00000000
00000000
00000000
00000000
00000000
00000000
00000000
00000000
00000000
00000000
00000000
00000000
00000000
00000000
00000000
00000000
00000000
00000000
00000000
00000000
00000000
00000000
00000000
00000000
00000000
00000000
00000000
00000000
00000000
00000000
00000000
00000000
00000000
00000000
00000000
00000000
00000000
00000000
00000000
00000000
00000000
00000000
00000000
00000000
00000000
00000000
00000000
00000000
00000000
00000000
00000000
00000000
00000000
00000000
00000000
00000000
00000000
00000000
00000000
00000000
00000000
00000000
00000000
00000000
00000000
00000000
00000000
00000000
00000000
00000000
00000000
00000000
00000000
00000000
00000000
00000000
00000000
00000000
00000000
00000000
00000000
00000000
00000000
00000000
00000000
00000000
00000000
00000000
00000000
00000000
00000000
00000000
00000000
00000000
00000000
00000000
00000000
00000000
00000000
00000000
00000000
00000000
00000000
00000000
00000000
00000000
00000000
00000000
00000000
00000000
00000000
00000000
00000000
00000000
00000000
00000000
00000000
00000000
00000000
00000000
00000000
00000000
00000000
00000000
00000000
00000000
00000000
00000000
00000000
00000000
00000000
00000000
00000000
00000000
00000000
00000000
00000000
00000000
00000000
00000000
00000000
00000000
00000000
00000000
00000000
00000000
00000000
00000000
00000000
00000000
00000000
00000000
00000000
00000000
00000000
00000000
00000000
00000000
00000000
00000000
00000000
00000000
00000000
00000000
00000000
00000000
00000000
00000000
00000000
00000000
00000000
00000000
00000000
00000000
00000000
00000000
00000000
00000000
00000000
00000000
00000000
00000000
00000000
00000000
00000000
00000000
00000000
00000000
00000000
00000000
00000000
00000000
00000000
00000000
00000000
00000000
00000000
00000000
00000000
00000000
00000000
00000000
00000000
00000000
00000000
00000000
00000000
00000000
00000000
00000000
00000000
00000000
00000000
00000000
00000000
00000000
00000000
00000000
00000000
00000000
00000000
00000000
00000000
00000000
00000000
00000000
00000000
00000000
00000000
00000000
00000000
00000000
00000000
00000000
00000000
00000000
00000000
00000000
00000000
00000000
00000000
00000000
00000000
00000000
00000000
00000000
00000000
00000000
00000000
00000000
00000000
00000000
00000000
00000000
00000000
00000000
00000000
00000000
00000000
00000000
00000000
00000000
00000000
00000000
00000000
00000000
00000000
00000000
00000000
00000000
00000000
00000000
00000000
00000000
00000000
00000000
00000000
00000000
00000000
00000000
00000000
00000000
00000000
00000000
00000000
00000000
00000000
00000000
00000000
00000000
00000000
00000000
00000000
00000000
00000000
00000000
00000000
00000000
00000000
00000000
00000000
00000000
00000000
00000000
00000000
00000000
00000000
00000000
00000000
00000000
00000000
00000000
00000000
00000000
00000000
00000000
00000000
00000000
00000000
00000000
00000000
00000000
00000000
00000000
00000000
00000000
00000000
00000000
00000000
00000000
00000000
00000000
00000000
00000000
00000000
00000000
00000000
00000000
00000000
00000000
00000000
00000000
00000000
00000000
00000000
00000000
00000000
00000000
00000000
00000000
00000000
00000000
00000000
00000000
00000000
00000000
00000000
00000000
00000000
00000000
00000000
00000000
00000000
00000000
00000000
00000000
00000000
00000000
00000000
00000000
00000000
00000000
00000000
00000000
00000000
00000000
00000000
00000000
00000000
00000000
00000000
00000000
00000000
00000000
00000000
00000000
00000000
00000000
00000000
00000000
00000000
00000000
00000000
00000000
00000000
00000000
00000000
00000000
00000000
00000000
00000000
00000000
00000000
00000000
00000000
00000000
00000000
00000000
00000000
00000000
00000000
00000000
00000000
00000000
00000000
00000000
00000000
00000000
00000000
00000000
00000000
00000000
00000000
00000000
00000000
00000000
00000000
00000000
00000000
00000000
00000000
00000000
00000000
00000000
00000000
00000000
00000000
00000000
00000000
00000000
00000000
00000000
00000000
00000000
00000000
00000000
00000000
00000000
00000000
00000000
00000000
00000000
00000000
00000000
00000000
00000000
00000000
00000000
00000000
00000000
00000000
00000000
00000000
00000000
00000000
00000000
00000000
00000000
00000000
00000000
00000000
00000000
00000000
00000000
00000000
00000000
00000000
00000000
00000000
00000000
00000000
00000000
00000000
00000000
00000000
00000000
00000000
00000000
00000000
00000000
00000000
00000000
00000000
00000000
00000000
00000000
00000000
00000000
00000000
00000000
00000000
00000000
00000000
00000000
00000000
00000000
00000000
00000000
00000000
00000000
00000000
00000000
00000000
00000000
00000000
00000000
00000000
00000000
00000000
00000000
00000000
00000000
00000000
00000000
00000000
00000000
00000000
00000000
00000000
00000000
00000000
00000000
00000000
00000000
00000000
00000000
00000000
00000000
00000000
00000000
00000000
00000000
00000000
00000000
00000000
00000000
00000000
00000000
00000000
00000000
00000000
00000000
00000000
00000000
00000000
00000000
00000000
00000000
00000000
00000000
00000000
00000000
00000000
00000000
00000000
00000000
00000000
00000000
00000000
00000000
00000000
00000000
00000000
00000000
00000000
00000000
00000000
00000000
00000000
00000000
00000000
00000000
00000000
00000000
00000000
00000000
00000000
00000000
00000000
00000000
00000000
00000000
00000000
00000000
00000000
00000000
00000000
00000000
00000000
00000000
00000000
00000000
00000000
00000000
00000000
00000000
00000000
00000000
00000000
00000000
00000000
00000000
00000000
00000000
00000000
00000000
00000000
00000000
00000000
00000000
00000000
00000000
00000000
00000000
00000000
00000000
00000000
00000000
00000000
00000000
00000000
00000000
00000000
00000000
00000000
00000000
00000000
00000000
00000000
00000000
00000000
00000000
00000000
00000000
00000000
00000000
00000000
00000000
00000000
00000000
00000000
00000000
00000000
00000000
00000000
00000000
00000000
00000000
00000000
00000000
00000000
00000000
00000000
00000000
00000000
00000000
00000000
00000000
00000000
00000000
00000000
00000000
00000000
00000000
00000000
00000000
00000000
00000000
00000000
00000000
00000000
00000000
00000000
00000000
00000000
00000000
00000000
00000000
00000000
00000000
00000000
00000000
00000000
00000000
00000000
00000000
00000000
00000000
00000000
00000000
00000000
00000000
00000000
00000000
00000000
00000000
00000000
00000000
00000000
00000000
00000000
00000000
00000000
00000000
00000000
00000000
00000000
00000000
00000000
00000000
00000000
00000000
00000000
00000000
00000000
00000000
00000000
00000000
00000000
00000000
00000000
00000000
00000000
00000000
00000000
00000000
00000000
00000000
00000000
00000000
00000000
00000000
00000000
00000000
00000000
00000000
00000000
00000000
00000000
00000000
00000000
00000000
00000000
00000000
00000000
00000000
00000000
00000000
00000000
00000000
00000000
00000000
00000000
00000000
00000000
00000000
00000000
00000000
00000000
00000000
00000000
00000000
00000000
00000000
00000000
00000000
00000000
00000000
00000000
00000000
00000000
00000000
00000000
00000000
00000000
00000000
00000000
00000000
00000000
00000000
00000000
00000000
00000000
00000000
00000000
00000000
00000000
00000000
00000000
00000000
00000000
00000000
00000000
00000000
00000000
00000000
00000000
00000000
00000000
00000000
00000000
00000000
00000000
00000000
00000000
00000000
00000000
00000000
00000000
00000000
00000000
00000000
00000000
00000000
00000000
00000000
00000000
00000000
00000000
00000000
00000000
00000000
00000000
00000000
00000000
00000000
00000000
00000000
00000000
00000000
00000000
00000000
00000000
00000000
00000000
00000000
00000000
00000000
00000000
00000000
00000000
00000000
00000000
00000000
00000000
00000000
00000000
00000000
00000000
00000000
00000000
00000000
00000000
00000000
00000000
00000000
00000000
00000000
00000000
00000000
00000000
00000000
00000000
00000000
00000000
00000000
00000000
00000000
00000000
00000000
00000000
00000000
00000000
00000000
00000000
00000000
00000000
00000000
00000000
00000000
00000000
00000000
00000000
00000000
00000000
00000000
00000000
00000000
00000000
00000000
00000000
00000000
00000000
00000000
00000000
00000000
00000000
00000000
00000000
00000000
00000000
00000000
00000000
00000000
00000000
00000000
00000000
00000000
00000000
00000000
00000000
00000000
00000000
00000000
00000000
00000000
00000000
00000000
00000000
00000000
00000000
00000000
00000000
00000000
00000000
00000000
00000000
00000000
00000000
00000000
00000000
00000000
00000000
00000000
00000000
00000000
00000000
00000000
00000000
00000000
00000000
00000000
00000000
00000000
00000000
00000000
00000000
00000000
00000000
00000000
00000000
00000000
00000000
00000000
00000000
00000000
00000000
00000000
00000000
00000000
00000000
00000000
00000000
00000000
00000000
00000000
00000000
00000000
00000000
00000000
00000000
00000000
00000000
00000000
00000000
00000000
00000000
00000000
00000000
00000000
00000000
00000000
00000000
00000000
00000000
00000000
00000000
00000000
00000000
00000000
00000000
00000000
00000000
00000000
00000000
00000000
00000000
00000000
00000000
00000000
00000000
00000000
00000000
00000000
00000000
00000000
00000000
00000000
00000000
00000000
00000000
00000000
00000000
00000000
00000000
00000000
00000000
00000000
00000000
00000000
00000000
00000000
00000000
00000000
00000000
00000000
00000000
00000000
00000000
00000000
00000000
00000000
00000000
00000000
00000000
00000000
00000000
00000000
00000000
00000000
00000000
00000000
00000000
00000000
00000000
00000000
00000000
00000000
00000000
00000000
00000000
00000000
00000000
00000000
00000000
00000000
00000000
00000000
00000000
00000000
00000000
00000000
00000000
00000000
00000000
00000000
00000000
00000000
00000000
00000000
00000000
00000000
00000000
00000000
00000000
00000000
00000000
00000000
00000000
00000000
00000000
00000000
00000000
00000000
00000000
00000000
00000000
00000000
00000000
00000000
00000000
00000000
00000000
00000000
00000000
00000000
00000000
00000000
00000000
00000000
00000000
00000000
00000000
00000000
00000000
00000000
00000000
00000000
00000000
00000000
00000000
00000000
00000000
00000000
00000000
00000000
00000000
00000000
00000000
00000000
00000000
00000000
00000000
00000000
00000000
00000000
00000000
00000000
00000000
00000000
00000000
00000000
00000000
00000000
00000000
00000000
00000000
00000000
00000000
00000000
00000000
00000000
00000000
00000000
00000000
00000000
00000000
00000000
00000000
00000000
00000000
00000000
00000000
00000000
00000000
00000000
00000000
00000000
00000000
00000000
00000000
00000000
00000000
00000000
00000000
00000000
00000000
00000000
00000000
00000000
00000000
00000000
00000000
00000000
00000000
00000000
00000000
00000000
00000000
00000000
00000000
00000000
00000000
00000000
00000000
00000000
00000000
00000000
00000000
00000000
00000000
00000000
00000000
00000000
00000000
00000000
00000000
00000000
00000000
00000000
00000000
00000000
00000000
00000000
00000000
00000000
00000000
00000000
00000000
00000000
00000000
00000000
00000000
00000000
00000000
00000000
00000000
00000000
00000000
00000000
00000000
00000000
00000000
00000000
00000000
00000000
00000000
00000000
00000000
00000000
00000000
00000000
00000000
00000000
00000000
00000000
00000000
00000000
00000000
00000000
00000000
00000000
00000000
00000000
00000000
00000000
00000000
00000000
00000000
00000000
00000000
00000000
00000000
00000000
00000000
00000000
00000000
00000000
00000000
00000000
00000000
00000000
00000000
00000000
00000000
00000000
00000000
00000000
00000000
00000000
00000000
00000000
00000000
00000000
00000000
00000000
00000000
00000000
00000000
00000000
00000000
00000000
00000000
00000000
00000000
00000000
00000000
00000000
00000000
00000000
00000000
00000000
00000000
00000000
00000000
00000000
00000000
00000000
00000000
00000000
00000000
00000000
00000000
00000000
00000000
00000000
00000000
00000000
00000000
00000000
00000000
00000000
00000000
00000000
00000000
00000000
00000000
00000000
00000000
00000000
00000000
00000000
00000000
00000000
00000000
00000000
00000000
00000000
00000000
00000000
00000000
00000000
00000000
00000000
00000000
00000000
00000000
00000000
00000000
00000000
00000000
00000000
00000000
00000000
00000000
00000000
00000000
00000000
00000000
00000000
00000000
00000000
00000000
00000000
00000000
00000000
00000000
00000000
00000000
00000000
00000000
00000000
00000000
00000000
00000000
00000000
00000000
00000000
00000000
00000000
00000000
00000000
00000000
00000000
00000000
00000000
00000000
00000000
00000000
00000000
00000000
00000000
00000000
00000000
00000000
00000000
00000000
00000000
00000000
00000000
00000000
00000000
00000000
00000000
00000000
00000000
00000000
00000000
00000000
00000000
00000000
00000000
00000000
00000000
00000000
00000000
00000000
00000000
00000000
00000000
00000000
00000000
00000000
00000000
00000000
00000000
00000000
00000000
00000000
00000000
00000000
00000000
00000000
00000000
00000000
00000000
00000000
00000000
00000000
00000000
00000000
00000000
00000000
00000000
00000000
00000000
00000000
00000000
00000000
00000000
00000000
00000000
00000000
00000000
00000000
00000000
00000000
00000000
00000000
00000000
00000000
00000000
00000000
00000000
00000000
00000000
00000000
00000000
00000000
00000000
00000000
00000000
00000000
00000000
00000000
00000000
00000000
00000000
00000000
00000000
00000000
00000000
00000000
00000000
00000000
00000000
00000000
00000000
00000000
00000000
00000000
00000000
00000000
00000000
00000000
00000000
00000000
00000000
00000000
00000000
00000000
00000000
00000000
00000000
00000000
00000000
00000000
00000000
00000000
00000000
00000000
00000000
00000000
00000000
00000000
00000000
00000000
00000000
00000000
00000000
00000000
00000000
00000000
00000000
00000000
00000000
00000000
00000000
00000000
00000000
00000000
00000000
00000000
00000000
00000000
00000000
00000000
00000000
00000000
00000000
00000000
00000000
00000000
00000000
00000000
00000000
00000000
00000000
00000000
00000000
00000000
00000000
00000000
00000000
00000000
00000000
00000000
00000000
00000000
00000000
00000000
00000000
00000000
00000000
00000000
00000000
00000000
00000000
00000000
00000000
00000000
00000000
00000000
00000000
00000000
00000000
00000000
00000000
00000000
00000000
00000000
00000000
00000000
00000000
00000000
00000000
00000000
00000000
00000000
00000000
00000000
00000000
00000000
00000000
00000000
00000000
00000000
00000000
00000000
00000000
00000000
00000000
00000000
00000000
00000000
00000000
00000000
00000000
00000000
00000000
00000000
00000000
00000000
00000000
00000000
00000000
00000000
00000000
00000000
00000000
00000000
00000000
00000000
00000000
00000000
00000000
00000000
00000000
00000000
00000000
00000000
00000000
00000000
00000000
00000000
00000000
00000000
00000000
00000000
00000000
00000000
00000000
00000000
00000000
00000000
00000000
00000000
00000000
00000000
00000000
00000000
00000000
00000000
00000000
00000000
00000000
00000000
00000000
00000000
00000000
00000000
00000000
00000000
00000000
00000000
00000000
00000000
00000000
00000000
00000000
00000000
00000000
00000000
00000000
00000000
00000000
00000000
00000000
00000000
00000000
00000000
00000000
00000000
00000000
00000000
00000000
00000000
00000000
00000000
00000000
00000000
00000000
00000000
00000000
00000000
00000000
00000000
00000000
00000000
00000000
00000000
00000000
00000000
00000000
00000000
00000000
00000000
00000000
00000000
00000000
00000000
00000000
00000000
00000000
00000000
00000000
00000000
00000000
00000000
00000000
00000000
00000000
00000000
00000000
00000000
00000000
00000000
00000000
00000000
00000000
00000000
00000000
00000000
00000000
00000000
00000000
00000000
00000000
00000000
00000000
00000000
00000000
00000000
00000000
00000000
00000000
00000000
00000000
00000000
00000000
00000000
00000000
00000000
00000000
00000000
00000000
00000000
00000000
00000000
00000000
00000000
00000000
00000000
00000000
00000000
00000000
00000000
00000000
00000000
00000000
00000000
00000000
00000000
00000000
00000000
00000000
00000000
00000000
00000000
00000000
00000000
00000000
00000000
00000000
00000000
00000000
00000000
00000000
00000000
00000000
00000000
00000000
00000000
00000000
00000000
00000000
00000000
00000000
00000000
00000000
00000000
00000000
00000000
00000000
00000000
00000000
00000000
00000000
00000000
00000000
00000000
00000000
00000000
00000000
00000000
00000000
00000000
00000000
00000000
00000000
00000000
00000000
00000000
00000000
00000000
00000000
00000000
00000000
00000000
00000000
00000000
00000000
00000000
00000000
00000000
00000000
00000000
00000000
00000000
00000000
00000000
00000000
00000000
00000000
00000000
00000000
00000000
00000000
00000000
00000000
00000000
00000000
00000000
00000000
00000000
00000000
00000000
00000000
00000000
00000000
00000000
00000000
00000000
00000000
00000000
00000000
00000000
00000000
00000000
00000000
00000000
00000000
00000000
00000000
00000000
00000000
00000000
00000000
00000000
00000000
00000000
00000000
00000000
00000000
00000000
00000000
00000000
00000000
00000000
00000000
00000000
00000000
00000000
00000000
00000000
00000000
00000000
00000000
00000000
00000000
00000000
00000000
00000000
00000000
00000000
00000000
00000000
00000000
00000000
00000000
00000000
00000000
00000000
00000000
00000000
00000000
00000000
00000000
00000000
00000000
00000000
00000000
00000000
00000000
00000000
00000000
00000000
00000000
00000000
00000000
00000000
00000000
00000000
00000000
00000000
00000000
00000000
00000000
00000000
00000000
00000000
00000000
00000000
00000000
00000000
00000000
00000000
00000000
00000000
00000000
00000000
00000000
00000000
00000000
00000000
00000000
00000000
00000000
00000000
00000000
00000000
00000000
00000000
00000000
00000000
00000000
00000000
00000000
00000000
00000000
00000000
00000000
00000000
00000000
00000000
00000000
00000000
00000000
00000000
00000000
00000000
00000000
00000000
00000000
00000000
00000000
00000000
00000000
00000000
00000000
00000000
00000000
00000000
00000000
00000000
00000000
00000000
00000000
00000000
00000000
00000000
00000000
00000000
00000000
00000000
00000000
00000000
00000000
00000000
00000000
00000000
00000000
00000000
00000000
00000000
00000000
00000000
00000000
00000000
00000000
00000000
00000000
00000000
00000000
00000000
00000000
00000000
00000000
00000000
00000000
00000000
00000000
00000000
00000000
00000000
00000000
00000000
00000000
00000000
00000000
00000000
00000000
00000000
00000000
00000000
00000000
00000000
00000000
00000000
00000000
00000000
00000000
00000000
00000000
00000000
00000000
00000000
00000000
00000000
00000000
00000000
00000000
00000000
00000000
00000000
00000000
00000000
00000000
00000000
00000000
00000000
00000000
00000000
00000000
00000000
00000000
00000000
00000000
00000000
00000000
00000000
00000000
00000000
00000000
00000000
00000000
00000000
00000000
00000000
00000000
00000000
00000000
00000000
00000000
00000000
00000000
00000000
00000000
00000000
00000000
00000000
00000000
00000000
00000000
00000000
00000000
00000000
00000000
00000000
00000000
00000000
00000000
00000000
00000000
00000000
00000000
00000000
00000000
00000000
00000000
00000000
00000000
00000000
00000000
00000000
00000000
00000000
00000000
00000000
00000000
00000000
00000000
00000000
00000000
00000000
00000000
00000000
00000000
00000000
00000000
00000000
00000000
00000000
00000000
00000000
00000000
00000000
00000000
00000000
00000000
00000000
00000000
00000000
00000000
00000000
00000000
00000000
00000000
00000000
00000000
00000000
00000000
00000000
00000000
00000000
00000000
00000000
00000000
00000000
00000000
00000000
00000000
00000000
00000000
00000000
00000000
00000000
00000000
00000000
00000000
00000000
00000000
00000000
00000000
00000000
00000000
00000000
00000000
00000000
00000000
00000000
00000000
00000000
00000000
00000000
00000000
00000000
00000000
00000000
00000000
00000000
00000000
00000000
00000000
00000000
00000000
00000000
00000000
00000000
00000000
00000000
00000000
00000000
00000000
00000000
00000000
00000000
00000000
00000000
00000000
00000000
00000000
00000000
00000000
00000000
00000000
00000000
00000000
00000000
00000000
00000000
00000000
00000000
00000000
00000000
00000000
00000000
00000000
00000000
00000000
00000000
00000000
00000000
00000000
00000000
00000000
00000000
00000000
00000000
00000000
00000000
00000000
00000000
00000000
00000000
00000000
00000000
00000000
00000000
00000000
00000000
00000000
00000000
00000000
00000000
00000000
00000000
00000000
00000000
00000000
00000000
00000000
00000000
00000000
00000000
00000000
00000000
00000000
00000000
00000000
00000000
00000000
00000000
00000000
00000000
00000000
00000000
00000000
00000000
00000000
00000000
00000000
00000000
00000000
00000000
00000000
00000000
00000000
00000000
00000000
00000000
00000000
00000000
00000000
00000000
00000000
00000000
00000000
00000000
00000000
00000000
00000000
00000000
00000000
00000000
00000000
00000000
00000000
00000000
00000000
00000000
00000000
00000000
00000000
00000000
00000000
00000000
00000000
00000000
00000000
00000000
00000000
00000000
00000000
00000000
00000000
00000000
00000000
00000000
00000000
00000000
00000000
00000000
00000000
00000000
00000000
00000000
00000000
00000000
00000000
00000000
00000000
00000000
00000000
00000000
00000000
00000000
00000000
00000000
00000000
00000000
00000000
00000000
00000000
00000000
00000000
00000000
00000000
00000000
00000000
00000000
00000000
00000000
00000000
00000000
00000000
00000000
00000000
00000000
00000000
00000000
00000000
00000000
00000000
00000000
00000000
00000000
00000000
00000000
00000000
00000000
00000000
00000000
00000000
00000000
00000000
00000000
00000000
00000000
00000000
00000000
00000000
00000000
00000000
00000000
00000000
00000000
00000000
00000000
00000000
00000000
00000000
00000000
00000000
00000000
00000000
00000000
00000000
00000000
00000000
00000000
00000000
00000000
00000000
00000000
00000000
00000000
00000000
00000000
00000000
00000000
00000000
00000000
00000000
00000000
00000000
00000000
00000000
00000000
00000000
00000000
00000000
00000000
00000000
00000000
00000000
00000000
00000000
00000000
00000000
00000000
00000000
00000000
00000000
00000000
00000000
00000000
00000000
00000000
00000000
00000000
00000000
00000000
00000000
00000000
00000000
00000000
00000000
00000000
00000000
00000000
00000000
00000000
00000000
00000000
00000000
00000000
00000000
00000000
00000000
00000000
00000000
00000000
00000000
00000000
00000000
00000000
00000000
00000000
00000000
00000000
00000000
00000000
00000000
00000000
00000000
00000000
00000000
00000000
00000000
00000000
00000000
00000000
00000000
00000000
00000000
00000000
00000000
00000000
00000000
00000000
00000000
00000000
00000000
00000000
00000000
00000000
00000000
00000000
00000000
00000000
00000000
00000000
00000000
00000000
00000000
00000000
00000000
00000000
00000000
00000000
00000000
00000000
00000000
00000000
00000000
00000000
00000000
00000000
00000000
00000000
00000000
00000000
00000000
00000000
00000000
00000000
00000000
00000000
00000000
00000000
00000000
00000000
00000000
00000000
00000000
00000000
00000000
00000000
00000000
00000000
00000000
00000000
00000000
00000000
00000000
00000000
00000000
00000000
00000000
00000000
00000000
00000000
00000000
00000000
00000000
00000000
00000000
00000000
00000000
00000000
00000000
00000000
00000000
00000000
00000000
00000000
00000000
00000000
00000000
00000000
00000000
00000000
00000000
00000000
00000000
00000000
00000000
00000000
00000000
00000000
00000000
00000000
00000000
00000000
00000000
00000000
00000000
00000000
00000000
00000000
00000000
00000000
00000000
00000000
00000000
00000000
00000000
00000000
00000000
00000000
00000000
00000000
00000000
00000000
00000000
00000000
00000000
00000000
00000000
00000000
00000000
00000000
00000000
00000000
00000000
00000000
00000000
00000000
00000000
00000000
00000000
00000000
00000000
00000000
00000000
00000000
00000000
00000000
00000000
00000000
00000000
00000000
00000000
00000000
00000000
00000000
00000000
00000000
00000000
00000000
00000000
00000000
00000000
00000000
00000000
00000000
00000000
00000000
00000000
00000000
00000000
00000000
00000000
00000000
00000000
00000000
00000000
00000000
00000000
00000000
00000000
00000000
00000000
00000000
00000000
00000000
00000000
00000000
00000000
00000000
00000000
00000000
00000000
00000000
00000000
00000000
00000000
00000000
00000000
00000000
00000000
00000000
00000000
00000000
00000000
00000000
00000000
00000000
00000000
00000000
00000000
00000000
00000000
00000000
00000000
00000000
00000000
00000000
00000000
00000000
00000000
00000000
00000000
00000000
00000000
00000000
00000000
00000000
00000000
00000000
00000000
00000000
00000000
00000000
00000000
00000000
00000000
00000000
00000000
00000000
00000000
00000000
00000000
00000000
00000000
00000000
00000000
00000000
00000000
00000000
00000000
00000000
00000000
00000000
00000000
00000000
00000000
00000000
00000000
00000000
00000000
00000000
00000000
00000000
00000000
00000000
00000000
00000000
00000000
00000000
00000000
00000000
00000000
00000000
00000000
00000000
00000000
00000000
00000000
00000000
00000000
00000000
00000000
00000000
00000000
00000000
00000000
00000000
00000000
00000000
00000000
00000000
00000000
00000000
00000000
00000000
00000000
00000000
00000000
00000000
00000000
00000000
00000000
00000000
00000000
00000000
00000000
00000000
00000000
00000000
00000000
00000000
00000000
00000000
00000000
00000000
00000000
00000000
00000000
00000000
00000000
00000000
00000000
00000000
00000000
00000000
00000000
00000000
00000000
00000000
00000000
00000000
00000000
00000000
00000000
00000000
00000000
00000000
00000000
00000000
00000000
00000000
00000000
00000000
00000000
00000000
00000000
00000000
00000000
00000000
00000000
00000000
00000000
00000000
00000000
00000000
00000000
00000000
00000000
00000000
00000000
00000000
00000000
00000000
00000000
00000000
00000000
00000000
00000000
00000000
00000000
00000000
00000000
00000000
00000000
00000000
00000000
00000000
00000000
00000000
00000000
00000000
00000000
00000000
00000000
00000000
00000000
00000000
00000000
00000000
00000000
00000000
00000000
00000000
00000000
00000000
00000000
00000000
00000000
00000000
00000000
00000000
00000000
00000000
00000000
00000000
00000000
00000000
00000000
00000000
00000000
00000000
00000000
00000000
00000000
00000000
00000000
00000000
00000000
00000000
00000000
00000000
00000000
00000000
00000000
00000000
00000000
00000000
00000000
00000000
00000000
00000000
00000000
00000000
00000000
00000000
00000000
00000000
00000000
00000000
00000000
00000000
00000000
00000000
00000000
00000000
00000000
00000000
00000000
00000000
00000000
00000000
00000000
00000000
00000000
00000000
00000000
00000000
00000000
00000000
00000000
00000000
00000000
00000000
00000000
00000000
00000000
00000000
00000000
00000000
00000000
00000000
00000000
00000000
00000000
00000000
00000000
00000000
00000000
00000000
00000000
00000000
00000000
00000000
00000000
00000000
00000000
00000000
00000000
00000000
00000000
00000000
00000000
00000000
00000000
00000000
00000000
00000000
00000000
00000000
00000000
00000000
00000000
00000000
00000000
00000000
00000000
00000000
00000000
00000000
00000000
00000000
00000000
00000000
00000000
00000000
00000000
00000000
00000000
00000000
00000000
00000000
00000000
00000000
00000000
00000000
00000000
00000000
00000000
00000000
00000000
00000000
00000000
00000000
00000000
00000000
00000000
00000000
00000000
00000000
00000000
00000000
00000000
00000000
00000000
00000000
00000000
00000000
00000000
00000000
00000000
00000000
00000000
00000000
00000000
00000000
00000000
00000000
00000000
00000000
00000000
00000000
00000000
00000000
00000000
00000000
00000000
00000000
00000000
00000000
00000000
00000000
00000000
00000000
00000000
00000000
00000000
00000000
00000000
00000000
00000000
00000000
00000000
00000000
00000000
00000000
00000000
00000000
00000000
00000000
00000000
00000000
00000000
00000000
00000000
00000000
00000000
00000000
00000000
00000000
00000000
00000000
00000000
00000000
00000000
00000000
00000000
00000000
00000000
00000000
00000000
00000000
00000000
00000000
00000000
00000000
00000000
00000000
00000000
00000000
00000000
00000000
00000000
00000000
00000000
00000000
00000000
00000000
00000000
00000000
00000000
00000000
00000000
00000000
00000000
00000000
00000000
00000000
00000000
00000000
00000000
00000000
00000000
00000000
00000000
00000000
00000000
00000000
00000000
00000000
00000000
00000000
00000000
00000000
00000000
00000000
00000000
00000000
00000000
00000000
00000000
00000000
00000000
00000000
00000000
00000000
00000000
00000000
00000000
00000000
00000000
00000000
00000000
00000000
00000000
00000000
00000000
00000000
00000000
00000000
00000000
00000000
00000000
00000000
00000000
00000000
00000000
00000000
00000000
00000000
00000000
00000000
00000000
00000000
00000000
00000000
00000000
00000000
00000000
00000000
00000000
00000000
00000000
00000000
00000000
00000000
00000000
00000000
00000000
00000000
00000000
00000000
00000000
00000000
00000000
00000000
00000000
00000000
00000000
00000000
00000000
00000000
00000000
00000000
00000000
00000000
00000000
00000000
00000000
00000000
00000000
00000000
00000000
00000000
00000000
00000000
00000000
00000000
00000000
00000000
00000000
00000000
00000000
00000000
00000000
00000000
00000000
00000000
00000000
00000000
00000000
00000000
00000000
00000000
00000000
00000000
00000000
00000000
00000000
00000000
00000000
00000000
00000000
00000000
00000000
00000000
00000000
00000000
00000000
00000000
00000000
00000000
00000000
00000000
00000000
00000000
00000000
00000000
00000000
00000000
00000000
00000000
00000000
00000000
00000000
00000000
00000000
00000000
00000000
00000000
00000000
00000000
00000000
00000000
00000000
00000000
00000000
00000000
00000000
00000000
00000000
00000000
00000000
00000000
00000000
00000000
00000000
00000000
00000000
00000000
00000000
00000000
00000000
00000000
00000000
00000000
00000000
00000000
00000000
00000000
00000000
00000000
00000000
00000000
00000000
00000000
00000000
00000000
00000000
00000000
00000000
00000000
00000000
00000000
00000000
00000000
00000000
00000000
00000000
00000000
00000000
00000000
00000000
00000000
00000000
00000000
00000000
00000000
00000000
00000000
00000000
00000000
00000000
00000000
00000000
00000000
00000000
00000000
00000000
00000000
00000000
00000000
00000000
00000000
00000000
00000000
00000000
00000000
00000000
00000000
00000000
00000000
00000000
00000000
00000000
00000000
00000000
00000000
00000000
00000000
00000000
00000000
00000000
00000000
00000000
00000000
00000000
00000000
00000000
00000000
00000000
00000000
00000000
00000000
00000000
00000000
00000000
00000000
00000000
00000000
00000000
00000000
00000000
00000000
00000000
00000000
00000000
00000000
00000000
00000000
00000000
00000000
00000000
00000000
00000000
00000000
00000000
00000000
00000000
00000000
00000000
00000000
00000000
00000000
00000000
00000000
00000000
00000000
00000000
00000000
00000000
00000000
00000000
00000000
00000000
00000000
00000000
00000000
00000000
00000000
00000000
00000000
00000000
00000000
00000000
00000000
00000000
00000000
00000000
00000000
00000000
00000000
00000000
00000000
00000000
00000000
00000000
00000000
00000000
00000000
00000000
00000000
00000000
00000000
00000000
00000000
00000000
00000000
00000000
00000000
00000000
00000000
00000000
00000000
00000000
00000000
00000000
00000000
00000000
00000000
00000000
00000000
00000000
00000000
00000000
00000000
00000000
00000000
00000000
00000000
00000000
00000000
00000000
00000000
00000000
00000000
00000000
00000000
00000000
00000000
00000000
00000000
00000000
00000000
00000000
00000000
00000000
00000000
00000000
00000000
00000000
00000000
00000000
00000000
00000000
00000000
00000000
00000000
00000000
00000000
00000000
00000000
00000000
00000000
00000000
00000000
00000000
00000000
00000000
00000000
00000000
00000000
00000000
00000000
00000000
00000000
00000000
00000000
00000000
00000000
00000000
00000000
00000000
00000000
00000000
00000000
00000000
00000000
00000000
00000000
00000000
00000000
00000000
00000000
00000000
00000000
00000000
00000000
00000000
00000000
00000000
00000000
00000000
00000000
00000000
00000000
00000000
00000000
00000000
00000000
00000000
00000000
00000000
00000000
00000000
00000000
00000000
00000000
00000000
00000000
00000000
00000000
00000000
00000000
00000000
00000000
00000000
00000000
00000000
00000000
00000000
00000000
00000000
00000000
00000000
00000000
00000000
00000000
00000000
00000000
00000000
00000000
00000000
00000000
00000000
00000000
00000000
00000000
00000000
00000000
00000000
00000000
00000000
00000000
00000000
00000000
00000000
00000000
00000000
00000000
00000000
00000000
00000000
00000000
00000000
00000000
00000000
00000000
00000000
00000000
00000000
00000000
00000000
00000000
00000000
00000000
00000000
00000000
00000000
00000000
00000000
00000000
00000000
00000000
00000000
00000000
00000000
00000000
00000000
00000000
00000000
00000000
00000000
00000000
00000000
00000000
00000000
00000000
00000000
00000000
00000000
00000000
00000000
00000000
00000000
00000000
00000000
00000000
00000000
00000000
00000000
00000000
00000000
00000000
00000000
00000000
00000000
00000000
00000000
00000000
00000000
00000000
00000000
00000000
00000000
00000000
00000000
00000000
00000000
00000000
00000000
00000000
00000000
00000000
00000000
00000000
00000000
00000000
00000000
00000000
00000000
00000000
00000000
00000000
00000000
00000000
00000000
00000000
00000000
00000000
00000000
00000000
00000000
00000000
00000000
00000000
00000000
00000000
00000000
00000000
00000000
00000000
00000000
00000000
00000000
00000000
00000000
00000000
00000000
00000000
00000000
00000000
00000000
00000000
00000000
00000000
00000000
00000000
00000000
00000000
00000000
00000000
00000000
00000000
00000000
00000000
00000000
00000000
00000000
00000000
00000000
00000000
00000000
00000000
00000000
00000000
00000000
00000000
00000000
00000000
00000000
00000000
00000000
00000000
00000000
00000000
00000000
00000000
00000000
00000000
00000000
00000000
00000000
00000000
00000000
00000000
00000000
00000000
00000000
00000000
00000000
00000000
00000000
00000000
00000000
00000000
00000000
00000000
00000000
00000000
00000000
00000000
00000000
00000000
00000000
00000000
00000000
00000000
00000000
00000000
00000000
00000000
00000000
00000000
00000000
00000000
00000000
00000000
00000000
00000000
00000000
00000000
00000000
00000000
00000000
00000000
00000000
00000000
00000000
00000000
00000000
00000000
00000000
00000000
00000000
00000000
00000000
00000000
00000000
00000000
00000000
00000000
00000000
00000000
00000000
00000000
00000000
00000000
00000000
00000000
00000000
00000000
00000000
00000000
00000000
00000000
00000000
00000000
00000000
00000000
00000000
00000000
00000000
00000000
00000000
00000000
00000000
00000000
00000000
00000000
00000000
00000000
00000000
00000000
00000000
00000000
00000000
00000000
00000000
00000000
00000000
00000000
00000000
00000000
00000000
00000000
00000000
00000000
00000000
00000000
00000000
00000000
00000000
00000000
00000000
00000000
00000000
00000000
00000000
00000000
00000000
00000000
00000000
00000000
00000000
00000000
00000000
00000000
00000000
00000000
00000000
00000000
00000000
00000000
00000000
00000000
00000000
00000000
00000000
00000000
00000000
00000000
00000000
00000000
00000000
00000000
00000000
00000000
00000000
00000000
00000000
00000000
00000000
00000000
00000000
00000000
00000000
00000000
00000000
00000000
00000000
00000000
00000000
00000000
00000000
00000000
00000000
00000000
00000000
00000000
00000000
00000000
00000000
00000000
00000000
00000000
00000000
00000000
00000000
00000000
00000000
00000000
00000000
00000000
00000000
00000000
00000000
00000000
00000000
00000000
00000000
00000000
00000000
00000000
00000000
00000000
00000000
00000000
00000000
00000000
00000000
00000000
00000000
00000000
00000000
00000000
00000000
00000000
00000000
00000000
00000000
00000000
00000000
00000000
00000000
00000000
00000000
00000000
00000000
00000000
00000000
00000000
00000000
00000000
00000000
00000000
00000000
00000000
00000000
00000000
00000000
00000000
00000000
00000000
00000000
00000000
00000000
00000000
00000000
00000000
00000000
00000000
00000000
00000000
00000000
00000000
00000000
00000000
00000000
00000000
00000000
00000000
00000000
00000000
00000000
00000000
00000000
00000000
00000000
00000000
00000000
00000000
00000000
00000000
00000000
00000000
00000000
00000000
00000000
00000000
00000000
00000000
00000000
00000000
00000000
00000000
00000000
00000000
00000000
00000000
00000000
00000000
00000000
00000000
00000000
00000000
00000000
00000000
00000000
00000000
00000000
00000000
00000000
00000000
00000000
00000000
00000000
00000000
00000000
00000000
00000000
00000000
00000000
00000000
00000000
00000000
00000000
00000000
00000000
00000000
00000000
00000000
00000000
00000000
00000000
00000000
00000000
00000000
00000000
00000000
00000000
00000000
00000000
00000000
00000000
00000000
00000000
00000000
00000000
00000000
00000000
00000000
00000000
00000000
00000000
00000000
00000000
00000000
00000000
00000000
00000000
00000000
00000000
00000000
00000000
00000000
00000000
00000000
00000000
00000000
00000000
00000000
00000000
00000000
00000000
00000000
00000000
00000000
00000000
00000000
00000000
00000000
00000000
00000000
00000000
00000000
00000000
00000000
00000000
00000000
00000000
00000000
00000000
00000000
00000000
00000000
00000000
00000000
00000000
00000000
00000000
00000000
00000000
00000000
00000000
00000000
00000000
00000000
00000000
00000000
00000000
00000000
00000000
00000000
00000000
00000000
00000000
00000000
00000000
00000000
00000000
00000000
00000000
00000000
00000000
00000000
00000000
00000000
00000000
00000000
00000000
00000000
00000000
00000000
00000000
00000000
00000000
00000000
00000000
00000000
00000000
00000000
00000000
00000000
00000000
00000000
00000000
00000000
00000000
00000000
00000000
00000000
00000000
00000000
00000000
00000000
00000000
00000000
00000000
00000000
00000000
00000000
00000000
00000000
00000000
00000000
00000000
00000000
00000000
00000000
00000000
00000000
00000000
00000000
00000000
00000000
00000000
00000000
00000000
00000000
00000000
00000000
00000000
00000000
00000000
00000000
00000000
00000000
00000000
00000000
00000000
00000000
00000000
00000000
00000000
00000000
00000000
00000000
00000000
00000000
00000000
00000000
00000000
00000000
00000000
00000000
00000000
00000000
00000000
00000000
00000000
00000000
00000000
00000000
00000000
00000000
00000000
00000000
00000000
00000000
00000000
00000000
00000000
00000000
00000000
00000000
00000000
00000000
00000000
00000000
00000000
00000000
00000000
00000000
00000000
00000000
00000000
00000000
00000000
00000000
00000000
00000000
00000000
00000000
00000000
00000000
00000000
00000000
00000000
00000000
00000000
00000000
00000000
00000000
00000000
00000000
00000000
00000000
00000000
00000000
00000000
00000000
00000000
00000000
00000000
00000000
00000000
00000000
00000000
00000000
00000000
00000000
00000000
00000000
00000000
00000000
00000000
00000000
00000000
00000000
00000000
00000000
00000000
00000000
00000000
00000000
00000000
00000000
00000000
00000000
00000000
00000000
00000000
00000000
00000000
00000000
00000000
00000000
00000000
00000000
00000000
00000000
00000000
00000000
00000000
00000000
00000000
00000000
00000000
00000000
00000000
00000000
00000000
00000000
00000000
00000000
00000000
00000000
00000000
00000000
00000000
00000000
00000000
00000000
00000000
00000000
00000000
00000000
00000000
00000000
00000000
00000000
00000000
00000000
00000000
00000000
00000000
00000000
00000000
00000000
00000000
00000000
00000000
00000000
00000000
00000000
00000000
00000000
00000000
00000000
00000000
00000000
00000000
00000000
00000000
00000000
00000000
00000000
00000000
00000000
00000000
00000000
00000000
00000000
00000000
00000000
00000000
00000000
00000000
00000000
00000000
00000000
00000000
00000000
00000000
00000000
00000000
00000000
00000000
00000000
00000000
00000000
00000000
00000000
00000000
00000000
00000000
00000000
00000000
00000000
00000000
00000000
00000000
00000000
00000000
00000000
00000000
00000000
00000000
00000000
00000000
00000000
00000000
00000000
00000000
00000000
00000000
00000000
00000000
00000000
00000000
00000000
00000000
00000000
00000000
00000000
00000000
00000000
00000000
00000000
00000000
00000000
00000000
00000000
00000000
00000000
00000000
00000000
00000000
00000000
00000000
00000000
00000000
00000000
00000000
00000000
00000000
00000000
00000000
00000000
00000000
00000000
00000000
00000000
00000000
00000000
00000000
00000000
00000000
00000000
00000000
00000000
00000000
00000000
00000000
00000000
00000000
00000000
00000000
00000000
00000000
00000000
00000000
00000000
00000000
00000000
00000000
00000000
00000000
00000000
00000000
00000000
00000000
00000000
00000000
00000000
00000000
00000000
00000000
00000000
00000000
00000000
00000000
00000000
00000000
00000000
00000000
00000000
00000000
00000000
00000000
00000000
00000000
00000000
00000000
00000000
00000000
00000000
00000000
00000000
00000000
00000000
00000000
00000000
00000000
00000000
00000000
00000000
00000000
00000000
00000000
00000000
00000000
00000000
00000000
00000000
00000000
00000000
00000000
00000000
00000000
00000000
00000000
00000000
00000000
00000000
00000000
00000000
00000000
00000000
00000000
00000000
00000000
00000000
00000000
00000000
00000000
00000000
00000000
00000000
00000000
00000000
00000000
00000000
00000000
00000000
00000000
00000000
00000000
00000000
00000000
00000000
00000000
00000000
00000000
00000000
00000000
00000000
00000000
00000000
00000000
00000000
00000000
00000000
00000000
00000000
00000000
00000000
00000000
00000000
00000000
00000000
00000000
00000000
00000000
00000000
00000000
00000000
00000000
00000000
00000000
00000000
00000000
00000000
00000000
00000000
00000000
00000000
00000000
00000000
00000000
00000000
00000000
00000000
00000000
00000000
00000000
00000000
00000000
00000000
00000000
00000000
00000000
00000000
00000000
00000000
00000000
00000000
00000000
00000000
00000000
00000000
00000000
00000000
00000000
00000000
00000000
00000000
00000000
00000000
00000000
00000000
00000000
00000000
00000000
00000000
00000000
00000000
00000000
00000000
00000000
00000000
00000000
00000000
00000000
00000000
00000000
00000000
00000000
00000000
00000000
00000000
00000000
00000000
00000000
00000000
00000000
00000000
00000000
00000000
00000000
00000000
00000000
00000000
00000000
00000000
00000000
00000000
00000000
00000000
00000000
00000000
00000000
00000000
00000000
00000000
00000000
00000000
00000000
00000000
00000000
00000000
00000000
00000000
00000000
00000000
00000000
00000000
00000000
00000000
00000000
00000000
00000000
00000000
00000000
00000000
00000000
00000000
00000000
00000000
00000000
00000000
00000000
00000000
00000000
00000000
00000000
00000000
00000000
00000000
00000000
00000000
00000000
00000000
00000000
00000000
00000000
00000000
00000000
00000000
00000000
00000000
00000000
00000000
00000000
00000000
00000000
00000000
00000000
00000000
00000000
00000000
00000000
00000000
00000000
00000000
00000000
00000000
00000000
00000000
00000000
00000000
00000000
00000000
00000000
00000000
00000000
00000000
00000000
00000000
00000000
00000000
00000000
00000000
00000000
00000000
00000000
00000000
00000000
00000000
00000000
00000000
00000000
00000000
00000000
00000000
00000000
00000000
00000000
00000000
00000000
00000000
00000000
00000000
00000000
00000000
00000000
00000000
00000000
00000000
00000000
00000000
00000000
00000000
00000000
00000000
00000000
00000000
00000000
00000000
00000000
00000000
00000000
00000000
00000000
00000000
00000000
00000000
00000000
00000000
00000000
00000000
00000000
00000000
00000000
00000000
00000000
00000000
00000000
00000000
00000000
00000000
00000000
00000000
00000000
00000000
00000000
00000000
00000000
00000000
00000000
00000000
00000000
00000000
00000000
00000000
00000000
00000000
00000000
00000000
00000000
00000000
00000000
00000000
00000000
00000000
00000000
00000000
00000000
00000000
00000000
00000000
00000000
00000000
00000000
00000000
00000000
00000000
00000000
00000000
00000000
00000000
00000000
00000000
00000000
00000000
00000000
00000000
00000000
00000000
00000000
00000000
00000000
00000000
00000000
00000000
00000000
00000000
00000000
00000000
00000000
00000000
00000000
00000000
00000000
00000000
00000000
00000000
00000000
00000000
00000000
00000000
00000000
00000000
00000000
00000000
00000000
00000000
00000000
00000000
00000000
00000000
00000000
00000000
00000000
00000000
00000000
00000000
00000000
00000000
00000000
00000000
00000000
00000000
00000000
00000000
00000000
00000000
00000000
00000000
00000000
00000000
00000000
00000000
00000000
00000000
00000000
00000000
00000000
00000000
00000000
00000000
00000000
00000000
00000000
00000000
00000000
00000000
00000000
00000000
00000000
00000000
00000000
00000000
00000000
00000000
00000000
00000000
00000000
00000000
00000000
00000000
00000000
00000000
00000000
00000000
00000000
00000000
00000000
00000000
00000000
00000000
00000000
00000000
00000000
00000000
00000000
00000000
00000000
00000000
00000000
00000000
00000000
00000000
00000000
00000000
00000000
00000000
00000000
00000000
00000000
00000000
00000000
00000000
00000000
00000000
00000000
00000000
00000000
00000000
00000000
00000000
00000000
00000000
00000000
00000000
00000000
00000000
00000000
00000000
00000000
00000000
00000000
00000000
00000000
00000000
00000000
00000000
00000000
00000000
00000000
00000000
00000000
00000000
00000000
00000000
00000000
00000000
00000000
00000000
00000000
00000000
00000000
00000000
00000000
00000000
00000000
00000000
00000000
00000000
00000000
00000000
00000000
00000000
00000000
00000000
00000000
00000000
00000000
00000000
00000000
00000000
00000000
00000000
00000000
00000000
00000000
00000000
00000000
00000000
00000000
00000000
00000000
00000000
00000000
00000000
00000000
00000000
00000000
00000000
00000000
00000000
00000000
00000000
00000000
00000000
00000000
00000000
00000000
00000000
00000000
00000000
00000000
00000000
00000000
00000000
00000000
00000000
00000000
00000000
00000000
00000000
00000000
00000000
00000000
00000000
00000000
00000000
00000000
00000000
00000000
00000000
00000000
00000000
00000000
00000000
00000000
00000000
00000000
00000000
00000000
00000000
00000000
00000000
00000000
00000000
00000000
00000000
00000000
00000000
00000000
00000000
00000000
00000000
00000000
00000000
00000000
00000000
00000000
00000000
00000000
00000000
00000000
00000000
00000000
00000000
00000000
00000000
00000000
00000000
00000000
00000000
00000000
00000000
00000000
00000000
00000000
00000000
00000000
00000000
00000000
00000000
00000000
00000000
00000000
00000000
00000000
00000000
00000000
00000000
00000000
00000000
00000000
00000000
00000000
00000000
00000000
00000000
00000000
00000000
00000000
00000000
00000000
00000000
00000000
00000000
00000000
00000000
00000000
00000000
00000000
00000000
00000000
00000000
00000000
00000000
00000000
00000000
00000000
00000000
00000000
00000000
00000000
00000000
00000000
00000000
00000000
00000000
00000000
00000000
00000000
00000000
00000000
00000000
00000000
00000000
00000000
00000000
00000000
00000000
00000000
00000000
00000000
00000000
00000000
00000000
00000000
00000000
00000000
00000000
00000000
00000000
00000000
00000000
00000000
00000000
00000000
00000000
00000000
00000000
00000000
00000000
00000000
00000000
00000000
00000000
00000000
00000000
00000000
00000000
00000000
00000000
00000000
00000000
00000000
00000000
00000000
00000000
00000000
00000000
00000000
00000000
00000000
00000000
00000000
00000000
00000000
00000000
00000000
00000000
00000000
00000000
00000000
00000000
00000000
00000000
00000000
00000000
00000000
00000000
00000000
00000000
00000000
00000000
00000000
00000000
00000000
00000000
00000000
00000000
00000000
00000000
00000000
00000000
00000000
00000000
00000000
00000000
00000000
00000000
00000000
00000000
00000000
00000000
00000000
00000000
00000000
00000000
00000000
00000000
00000000
00000000
00000000
00000000
00000000
00000000
00000000
00000000
00000000
00000000
00000000
00000000
00000000
00000000
00000000
00000000
00000000
00000000
00000000
00000000
00000000
00000000
00000000
00000000
00000000
00000000
00000000
00000000
00000000
00000000
00000000
00000000
00000000
00000000
00000000
00000000
00000000
00000000
00000000
00000000
00000000
00000000
00000000
00000000
00000000
00000000
00000000
00000000
00000000
00000000
00000000
00000000
00000000
00000000
00000000
00000000
00000000
00000000
00000000
00000000
00000000
00000000
00000000
00000000
00000000
00000000
00000000
00000000
00000000
00000000
00000000
00000000
00000000
00000000
00000000
00000000
00000000
00000000
00000000
00000000
00000000
00000000
00000000
00000000
00000000
00000000
00000000
00000000
00000000
00000000
00000000
00000000
00000000
00000000
00000000
00000000
00000000
00000000
00000000
00000000
00000000
00000000
00000000
00000000
00000000
00000000
00000000
00000000
00000000
00000000
00000000
00000000
00000000
00000000
00000000
00000000
00000000
00000000
00000000
00000000
00000000
00000000
00000000
00000000
00000000
00000000
00000000
00000000
00000000
00000000
00000000
00000000
00000000
00000000
00000000
00000000
00000000
00000000
00000000
00000000
00000000
00000000
00000000
00000000
00000000
00000000
00000000
00000000
00000000
00000000
00000000
00000000
00000000
00000000
00000000
00000000
00000000
00000000
00000000
00000000
00000000
00000000
00000000
00000000
00000000
00000000
00000000
00000000
00000000
00000000
00000000
00000000
00000000
00000000
00000000
00000000
00000000
00000000
00000000
00000000
00000000
00000000
00000000
00000000
00000000
00000000
00000000
00000000
00000000
00000000
00000000
00000000
00000000
00000000
00000000
00000000
00000000
00000000
00000000
00000000
00000000
00000000
00000000
00000000
00000000
00000000
00000000
00000000
00000000
00000000
00000000
00000000
00000000
00000000
00000000
00000000
00000000
00000000
00000000
00000000
00000000
00000000
00000000
00000000
00000000
00000000
00000000
00000000
00000000
00000000
00000000
00000000
00000000
00000000
00000000
00000000
00000000
00000000
00000000
00000000
00000000
00000000
00000000
00000000
00000000
00000000
00000000
00000000
00000000
00000000
00000000
00000000
00000000
00000000
00000000
00000000
00000000
00000000
00000000
00000000
00000000
00000000
00000000
00000000
00000000
00000000
00000000
00000000
00000000
00000000
00000000
00000000
00000000
00000000
00000000
00000000
00000000
00000000
00000000
00000000
00000000
00000000
00000000
00000000
00000000
00000000
00000000
00000000
00000000
00000000
00000000
00000000
00000000
00000000
00000000
00000000
00000000
00000000
00000000
00000000
00000000
00000000
00000000
00000000
00000000
00000000
00000000
00000000
00000000
00000000
00000000
00000000
00000000
00000000
00000000
00000000
00000000
00000000
00000000
00000000
00000000
00000000
00000000
00000000
00000000
00000000
00000000
00000000
00000000
00000000
00000000
00000000
00000000
00000000
00000000
00000000
00000000
00000000
00000000
00000000
00000000
00000000
00000000
00000000
00000000
00000000
00000000
00000000
00000000
00000000
00000000
00000000
00000000
00000000
00000000
00000000
00000000
00000000
00000000
00000000
00000000
00000000
00000000
00000000
00000000
00000000
00000000
00000000
00000000
00000000
00000000
00000000
00000000
00000000
00000000
00000000
00000000
00000000
00000000
00000000
00000000
00000000
00000000
00000000
00000000
00000000
00000000
00000000
00000000
00000000
00000000
00000000
00000000
00000000
00000000
00000000
00000000
00000000
00000000
00000000
00000000
00000000
00000000
00000000
00000000
00000000
00000000
00000000
00000000
00000000
00000000
00000000
00000000
00000000
00000000
00000000
00000000
00000000
00000000
00000000
00000000
00000000
00000000
00000000
00000000
00000000
00000000
00000000
00000000
00000000
00000000
00000000
00000000
00000000
00000000
00000000
00000000
00000000
00000000
00000000
00000000
00000000
00000000
00000000
00000000
00000000
00000000
00000000
00000000
00000000
00000000
00000000
00000000
00000000
00000000
00000000
00000000
00000000
00000000
00000000
00000000
00000000
00000000
00000000
00000000
00000000
00000000
00000000
00000000
00000000
00000000
00000000
00000000
00000000
00000000
00000000
00000000
00000000
00000000
00000000
00000000
00000000
00000000
00000000
00000000
00000000
00000000
00000000
00000000
00000000
00000000
00000000
00000000
00000000
00000000
00000000
00000000
00000000
00000000
00000000
00000000
00000000
00000000
00000000
00000000
00000000
00000000
00000000
00000000
00000000
00000000
00000000
00000000
00000000
00000000
00000000
00000000
00000000
00000000
00000000
00000000
00000000
00000000
00000000
00000000
00000000
00000000
00000000
00000000
00000000
00000000
00000000
00000000
00000000
00000000
00000000
00000000
00000000
00000000
00000000
00000000
00000000
00000000
00000000
00000000
00000000
00000000
00000000
00000000
00000000
00000000
00000000
00000000
00000000
00000000
00000000
00000000
00000000
00000000
00000000
00000000
00000000
00000000
00000000
00000000
00000000
00000000
00000000
00000000
00000000
00000000
00000000
00000000
00000000
00000000
00000000
00000000
00000000
00000000
00000000
00000000
00000000
00000000
00000000
00000000
00000000
00000000
00000000
00000000
00000000
00000000
00000000
00000000
00000000
00000000
00000000
00000000
00000000
00000000
00000000
00000000
00000000
00000000
00000000
00000000
00000000
00000000
00000000
00000000
00000000
00000000
00000000
00000000
00000000
00000000
00000000
00000000
00000000
00000000
00000000
00000000
00000000
00000000
00000000
00000000
00000000
00000000
00000000
00000000
00000000
00000000
00000000
00000000
00000000
00000000
00000000
00000000
00000000
00000000
00000000
00000000
00000000
00000000
00000000
00000000
00000000
00000000
00000000
00000000
00000000
00000000
00000000
00000000
00000000
00000000
00000000
00000000
00000000
00000000
00000000
00000000
00000000
00000000
00000000
00000000
00000000
00000000
00000000
00000000
00000000
00000000
00000000
00000000
00000000
00000000
00000000
00000000
00000000
00000000
00000000
00000000
00000000
00000000
00000000
00000000
00000000
00000000
00000000
00000000
00000000
00000000
00000000
00000000
00000000
00000000
00000000
00000000
00000000
00000000
00000000
00000000
00000000
00000000
00000000
00000000
00000000
00000000
00000000
00000000
00000000
00000000
00000000
00000000
00000000
00000000
00000000
00000000
00000000
00000000
00000000
00000000
00000000
00000000
00000000
00000000
00000000
00000000
00000000
00000000
00000000
00000000
00000000
00000000
00000000
00000000
00000000
00000000
00000000
00000000
00000000
00000000
00000000
00000000
00000000
00000000
00000000
00000000
00000000
00000000
00000000
00000000
00000000
00000000
00000000
00000000
00000000
00000000
00000000
00000000
00000000
00000000
00000000
00000000
00000000
00000000
00000000
00000000
00000000
00000000
00000000
00000000
00000000
00000000
00000000
00000000
00000000
00000000
00000000
00000000
00000000
00000000
00000000
00000000
00000000
00000000
00000000
00000000
00000000
00000000
00000000
00000000
00000000
00000000
00000000
00000000
00000000
00000000
00000000
00000000
00000000
00000000
00000000
00000000
00000000
00000000
00000000
00000000
00000000
00000000
00000000
00000000
00000000
00000000
00000000
00000000
00000000
00000000
00000000
00000000
00000000
00000000
00000000
00000000
00000000
00000000
00000000
00000000
00000000
00000000
00000000
00000000
00000000
00000000
00000000
00000000
00000000
00000000
00000000
00000000
00000000
00000000
00000000
00000000
00000000
00000000
00000000
00000000
00000000
00000000
00000000
00000000
00000000
00000000
00000000
00000000
00000000
00000000
00000000
00000000
00000000
00000000
00000000
00000000
00000000
00000000
00000000
00000000
00000000
00000000
00000000
00000000
00000000
00000000
00000000
00000000
00000000
00000000
00000000
00000000
00000000
00000000
00000000
00000000
00000000
00000000
00000000
00000000
00000000
00000000
00000000
00000000
00000000
00000000
00000000
00000000
00000000
00000000
00000000
00000000
00000000
00000000
00000000
00000000
00000000
00000000
00000000
00000000
00000000
00000000
00000000
00000000
00000000
00000000
00000000
00000000
00000000
00000000
00000000
00000000
00000000
00000000
00000000
00000000
00000000
00000000
00000000
00000000
00000000
00000000
00000000
00000000
00000000
00000000
00000000
00000000
00000000
00000000
00000000
00000000
00000000
00000000
00000000
00000000
00000000
00000000
00000000
00000000
00000000
00000000
00000000
00000000
00000000
00000000
00000000
00000000
00000000
00000000
00000000
00000000
00000000
00000000
00000000
00000000
00000000
00000000
00000000
00000000
00000000
00000000
00000000
00000000
00000000
00000000
00000000
00000000
00000000
00000000
00000000
00000000
00000000
00000000
00000000
00000000
00000000
00000000
00000000
00000000
00000000
00000000
00000000
00000000
00000000
00000000
00000000
00000000
00000000
00000000
00000000
00000000
00000000
00000000
00000000
00000000
00000000
00000000
00000000
00000000
00000000
00000000
00000000
00000000
00000000
00000000
00000000
00000000
00000000
00000000
00000000
00000000
00000000
00000000
00000000
00000000
00000000
00000000
00000000
00000000
00000000
00000000
00000000
00000000
00000000
00000000
00000000
00000000
00000000
00000000
00000000
00000000
00000000
00000000
00000000
00000000
00000000
00000000
00000000
00000000
00000000
00000000
00000000
00000000
00000000
00000000
00000000
00000000
00000000
00000000
00000000
00000000
00000000
00000000
00000000
00000000
00000000
00000000
00000000
00000000
00000000
00000000
00000000
00000000
00000000
00000000
00000000
00000000
00000000
00000000
00000000
00000000
00000000
00000000
00000000
00000000
00000000
00000000
00000000
00000000
00000000
00000000
00000000
00000000
00000000
00000000
00000000
00000000
00000000
00000000
00000000
00000000
00000000
00000000
00000000
00000000
00000000
00000000
00000000
00000000
00000000
00000000
00000000
00000000
00000000
00000000
00000000
00000000
00000000
00000000
00000000
00000000
00000000
00000000
00000000
00000000
00000000
00000000
00000000
00000000
00000000
00000000
00000000
00000000
00000000
00000000
00000000
00000000
00000000
00000000
00000000
00000000
00000000
00000000
00000000
00000000
00000000
00000000
00000000
00000000
00000000
00000000
00000000
00000000
00000000
00000000
00000000
00000000
00000000
00000000
00000000
00000000
00000000
00000000
00000000
00000000
00000000
00000000
00000000
00000000
00000000
00000000
00000000
00000000
00000000
00000000
00000000
00000000
00000000
00000000
00000000
00000000
00000000
00000000
00000000
00000000
00000000
00000000
00000000
00000000
00000000
00000000
00000000
00000000
00000000
00000000
00000000
00000000
00000000
00000000
00000000
00000000
00000000
00000000
00000000
00000000
00000000
00000000
00000000
00000000
00000000
00000000
00000000
00000000
00000000
00000000
00000000
00000000
00000000
00000000
00000000
00000000
00000000
00000000
00000000
00000000
00000000
00000000
00000000
00000000
00000000
00000000
00000000
00000000
00000000
00000000
00000000
00000000
00000000
00000000
00000000
00000000
00000000
00000000
00000000
00000000
00000000
00000000
00000000
00000000
00000000
00000000
00000000
00000000
00000000
00000000
00000000
00000000
00000000
00000000
00000000
00000000
00000000
00000000
00000000
00000000
00000000
00000000
00000000
00000000
00000000
00000000
00000000
00000000
00000000
00000000
00000000
00000000
00000000
00000000
00000000
00000000
00000000
00000000
00000000
00000000
00000000
00000000
00000000
00000000
00000000
00000000
00000000
00000000
00000000
00000000
00000000
00000000
00000000
00000000
00000000
00000000
00000000
00000000
00000000
00000000
00000000
00000000
00000000
00000000
00000000
00000000
00000000
00000000
00000000
00000000
00000000
00000000
00000000
00000000
00000000
00000000
00000000
00000000
00000000
00000000
00000000
00000000
00000000
00000000
00000000
00000000
00000000
00000000
00000000
00000000
00000000
00000000
00000000
00000000
00000000
00000000
00000000
00000000
00000000
00000000
00000000
00000000
00000000
00000000
00000000
00000000
00000000
00000000
00000000
00000000
00000000
00000000
00000000
00000000
00000000
00000000
00000000
00000000
00000000
00000000
00000000
00000000
00000000
00000000
00000000
00000000
00000000
00000000
00000000
00000000
00000000
00000000
00000000
00000000
00000000
00000000
00000000
00000000
00000000
00000000
00000000
00000000
00000000
00000000
00000000
00000000
00000000
00000000
00000000
00000000
00000000
00000000
00000000
00000000
00000000
00000000
00000000
00000000
00000000
00000000
00000000
00000000
00000000
00000000
00000000
00000000
00000000
00000000
00000000
00000000
00000000
00000000
00000000
00000000
00000000
00000000
00000000
00000000
00000000
00000000
00000000
00000000
00000000
00000000
00000000
00000000
00000000
00000000
00000000
00000000
00000000
00000000
00000000
00000000
00000000
00000000
00000000
00000000
00000000
00000000
00000000
00000000
00000000
00000000
00000000
00000000
00000000
00000000
00000000
00000000
00000000
00000000
00000000
00000000
00000000
00000000
00000000
00000000
00000000
00000000
00000000
00000000
00000000
00000000
00000000
00000000
00000000
00000000
00000000
00000000
00000000
00000000
00000000
00000000
00000000
00000000
00000000
00000000
00000000
00000000
00000000
00000000
00000000
00000000
00000000
00000000
00000000
00000000
00000000
00000000
00000000
00000000
00000000
00000000
00000000
00000000
00000000
00000000
00000000
00000000
00000000
00000000
00000000
00000000
00000000
00000000
00000000
00000000
00000000
00000000
00000000
00000000
00000000
00000000
00000000
00000000
00000000
00000000
00000000
00000000
00000000
00000000
00000000
00000000
00000000
00000000
00000000
00000000
00000000
00000000
00000000
00000000
00000000
00000000
00000000
00000000
00000000
00000000
00000000
00000000
00000000
00000000
00000000
00000000
00000000
00000000
00000000
00000000
00000000
00000000
00000000
00000000
00000000
00000000
00000000
00000000
00000000
00000000
00000000
00000000
00000000
00000000
00000000
00000000
00000000
00000000
00000000
00000000
00000000
00000000
00000000
00000000
00000000
00000000
00000000
00000000
00000000
00000000
00000000
00000000
00000000
00000000
00000000
00000000
00000000
00000000
00000000
00000000
00000000
00000000
00000000
00000000
00000000
00000000
00000000
00000000
00000000
00000000
00000000
00000000
00000000
00000000
00000000
00000000
00000000
00000000
00000000
00000000
00000000
00000000
00000000
00000000
00000000
00000000
00000000
00000000
00000000
00000000
00000000
00000000
00000000
00000000
00000000
00000000
00000000
00000000
00000000
00000000
00000000
00000000
00000000
00000000
00000000
00000000
00000000
00000000
00000000
00000000
00000000
00000000
00000000
00000000
00000000
00000000
00000000
00000000
00000000
00000000
00000000
00000000
00000000
00000000
00000000
00000000
00000000
00000000
00000000
00000000
00000000
00000000
00000000
00000000
00000000
00000000
00000000
00000000
00000000
00000000
00000000
00000000
00000000
00000000
00000000
00000000
00000000
00000000
00000000
00000000
00000000
00000000
00000000
00000000
00000000
00000000
00000000
00000000
00000000
00000000
00000000
00000000
00000000
00000000
00000000
00000000
00000000
00000000
00000000
00000000
00000000
00000000
00000000
00000000
00000000
00000000
00000000
00000000
00000000
00000000
00000000
00000000
00000000
00000000
00000000
00000000
00000000
00000000
00000000
00000000
00000000
00000000
00000000
00000000
00000000
00000000
00000000
00000000
00000000
00000000
00000000
00000000
00000000
00000000
00000000
00000000
00000000
00000000
00000000
00000000
00000000
00000000
00000000
00000000
00000000
00000000
00000000
00000000
00000000
00000000
00000000
00000000
00000000
00000000
00000000
00000000
00000000
00000000
00000000
00000000
00000000
00000000
00000000
00000000
00000000
00000000
00000000
00000000
00000000
00000000
00000000
00000000
00000000
00000000
00000000
00000000
00000000
00000000
00000000
00000000
00000000
00000000
00000000
00000000
00000000
00000000
00000000
00000000
00000000
00000000
00000000
00000000
00000000
00000000
00000000
00000000
00000000
00000000
00000000
00000000
00000000
00000000
00000000
00000000
00000000
00000000
00000000
00000000
00000000
00000000
00000000
00000000
00000000
00000000
00000000
00000000
00000000
00000000
00000000
00000000
00000000
00000000
00000000
00000000
00000000
00000000
00000000
00000000
00000000
00000000
00000000
00000000
00000000
00000000
00000000
00000000
00000000
00000000
00000000
00000000
00000000
00000000
00000000
00000000
00000000
00000000
00000000
00000000
00000000
00000000
00000000
00000000
00000000
00000000
00000000
00000000
00000000
00000000
00000000
00000000
00000000
00000000
00000000
00000000
00000000
00000000
00000000
00000000
00000000
00000000
00000000
00000000
00000000
00000000
00000000
00000000
00000000
00000000
00000000
00000000
00000000
00000000
00000000
00000000
00000000
00000000
00000000
00000000
00000000
00000000
00000000
00000000
00000000
00000000
00000000
00000000
00000000
00000000
00000000
00000000
00000000
00000000
00000000
00000000
00000000
00000000
00000000
00000000
00000000
00000000
00000000
00000000
00000000
00000000
00000000
00000000
00000000
00000000
00000000
00000000
00000000
00000000
00000000
00000000
00000000
00000000
00000000
00000000
00000000
00000000
00000000
00000000
00000000
00000000
00000000
00000000
00000000
00000000
00000000
00000000
00000000
00000000
00000000
00000000
00000000
00000000
00000000
00000000
00000000
00000000
00000000
00000000
00000000
00000000
00000000
00000000
00000000
00000000
00000000
00000000
00000000
00000000
00000000
00000000
00000000
00000000
00000000
00000000
00000000
00000000
00000000
00000000
00000000
00000000
00000000
00000000
00000000
00000000
00000000
00000000
00000000
00000000
00000000
00000000
00000000
00000000
00000000
00000000
00000000
00000000
00000000
00000000
00000000
00000000
00000000
00000000
00000000
00000000
00000000
00000000
00000000
00000000
00000000
00000000
00000000
00000000
00000000
00000000
00000000
00000000
00000000
00000000
00000000
00000000
00000000
00000000
00000000
00000000
00000000
00000000
00000000
00000000
00000000
00000000
00000000
00000000
00000000
00000000
00000000
00000000
00000000
00000000
00000000
00000000
00000000
00000000
00000000
00000000
00000000
00000000
00000000
00000000
00000000
00000000
00000000
00000000
00000000
00000000
00000000
00000000
00000000
00000000
00000000
00000000
00000000
00000000
00000000
00000000
00000000
00000000
00000000
00000000
00000000
00000000
00000000
00000000
00000000
00000000
00000000
00000000
00000000
00000000
00000000
00000000
00000000
00000000
00000000
00000000
00000000
00000000
00000000
00000000
00000000
00000000
00000000
00000000
00000000
00000000
00000000
00000000
00000000
00000000
00000000
00000000
00000000
00000000
00000000
00000000
00000000
00000000
00000000
00000000
00000000
00000000
00000000
00000000
00000000
00000000
00000000
00000000
00000000
00000000
00000000
00000000
00000000
00000000
00000000
00000000
00000000
00000000
00000000
00000000
00000000
00000000
00000000
00000000
00000000
00000000
00000000
00000000
00000000
00000000
00000000
00000000
00000000
00000000
00000000
00000000
00000000
00000000
00000000
00000000
00000000
00000000
00000000
00000000
00000000
00000000
00000000
00000000
00000000
00000000
00000000
00000000
00000000
00000000
00000000
00000000
00000000
00000000
00000000
00000000
00000000
00000000
00000000
00000000
00000000
00000000
00000000
00000000
00000000
00000000
00000000
00000000
00000000
00000000
00000000
00000000
00000000
00000000
00000000
00000000
00000000
00000000
00000000
00000000
00000000
00000000
00000000
00000000
00000000
00000000
00000000
00000000
00000000
00000000
00000000
00000000
00000000
00000000
00000000
00000000
00000000
00000000
00000000
00000000
00000000
00000000
00000000
00000000
00000000
00000000
00000000
00000000
00000000
00000000
00000000
00000000
00000000
00000000
00000000
00000000
00000000
00000000
00000000
00000000
00000000
00000000
00000000
00000000
00000000
00000000
00000000
00000000
00000000
00000000
00000000
00000000
00000000
00000000
00000000
00000000
00000000
00000000
00000000
00000000
00000000
00000000
00000000
00000000
00000000
00000000
00000000
00000000
00000000
00000000
00000000
00000000
00000000
00000000
00000000
00000000
00000000
00000000
00000000
00000000
00000000
00000000
00000000
00000000
00000000
00000000
00000000
00000000
00000000
00000000
00000000
00000000
00000000
00000000
00000000
00000000
00000000
00000000
00000000
00000000
00000000
00000000
00000000
00000000
00000000
00000000
00000000
00000000
00000000
00000000
00000000
00000000
00000000
00000000
00000000
00000000
00000000
00000000
00000000
00000000
00000000
00000000
00000000
00000000
00000000
00000000
00000000
00000000
00000000
00000000
00000000
00000000
00000000
00000000
00000000
00000000
00000000
00000000
00000000
00000000
00000000
00000000
00000000
00000000
00000000
00000000
00000000
00000000
00000000
00000000
00000000
00000000
00000000
00000000
00000000
00000000
00000000
00000000
00000000
00000000
00000000
00000000
00000000
00000000
00000000
00000000
00000000
00000000
00000000
00000000
00000000
00000000
00000000
00000000
00000000
00000000
00000000
00000000
00000000
00000000
00000000
00000000
00000000
00000000
00000000
00000000
00000000
00000000
00000000
00000000
00000000
00000000
00000000
00000000
00000000
00000000
00000000
00000000
00000000
00000000
00000000
00000000
00000000
00000000
00000000
00000000
00000000
00000000
00000000
00000000
00000000
00000000
00000000
00000000
00000000
00000000
00000000
00000000
00000000
00000000
00000000
00000000
00000000
00000000
00000000
00000000
00000000
00000000
00000000
00000000
00000000
00000000
00000000
00000000
00000000
00000000
00000000
00000000
00000000
00000000
00000000
00000000
00000000
00000000
00000000
00000000
00000000
00000000
00000000
00000000
00000000
00000000
00000000
00000000
00000000
00000000
00000000
00000000
00000000
00000000
00000000
00000000
00000000
00000000
00000000
00000000
00000000
00000000
00000000
00000000
00000000
00000000
00000000
00000000
00000000
00000000
00000000
00000000
00000000
00000000
00000000
00000000
00000000
00000000
00000000
00000000
00000000
00000000
00000000
00000000
00000000
00000000
00000000
00000000
00000000
00000000
00000000
00000000
00000000
00000000
00000000
00000000
00000000
00000000
00000000
00000000
00000000
00000000
00000000
00000000
00000000
00000000
00000000
00000000
00000000
00000000
00000000
00000000
00000000
00000000
00000000
00000000
00000000
00000000
00000000
00000000
00000000
00000000
00000000
00000000
00000000
00000000
00000000
00000000
00000000
00000000
00000000
00000000
00000000
00000000
00000000
00000000
00000000
00000000
00000000
00000000
00000000
00000000
00000000
00000000
00000000
00000000
00000000
00000000
00000000
00000000
00000000
00000000
00000000
00000000
00000000
00000000
00000000
00000000
00000000
00000000
00000000
00000000
00000000
00000000
00000000
00000000
00000000
00000000
00000000
00000000
00000000
00000000
00000000
00000000
00000000
00000000
00000000
00000000
00000000
00000000
00000000
00000000
00000000
00000000
00000000
00000000
00000000
00000000
00000000
00000000
00000000
00000000
00000000
00000000
00000000
00000000
00000000
00000000
00000000
00000000
00000000
00000000
00000000
00000000
00000000
00000000
00000000
00000000
00000000
00000000
00000000
00000000
00000000
00000000
00000000
00000000
00000000
00000000
00000000
00000000
00000000
00000000
00000000
00000000
00000000
00000000
00000000
00000000
00000000
00000000
00000000
00000000
00000000
00000000
00000000
00000000
00000000
00000000
00000000
00000000
00000000
00000000
00000000
00000000
00000000
00000000
00000000
00000000
00000000
00000000
00000000
00000000
00000000
00000000
00000000
00000000
00000000
00000000
00000000
00000000
00000000
00000000
00000000
00000000
00000000
00000000
00000000
00000000
00000000
00000000
00000000
00000000
00000000
00000000
00000000
00000000
00000000
00000000
00000000
00000000
00000000
00000000
00000000
00000000
00000000
00000000
00000000
00000000
00000000
00000000
00000000
00000000
00000000
00000000
00000000
00000000
00000000
00000000
00000000
00000000
00000000
00000000
00000000
00000000
00000000
00000000
00000000
00000000
00000000
00000000
00000000
00000000
00000000
00000000
00000000
00000000
00000000
00000000
00000000
00000000
00000000
00000000
00000000
00000000
00000000
00000000
00000000
00000000
00000000
00000000
00000000
00000000
00000000
00000000
00000000
00000000
00000000
00000000
00000000
00000000
00000000
00000000
00000000
00000000
00000000
00000000
00000000
00000000
00000000
00000000
00000000
00000000
00000000
00000000
00000000
00000000
00000000
00000000
00000000
00000000
00000000
00000000
00000000
00000000
00000000
00000000
00000000
00000000
00000000
00000000
00000000
00000000
00000000
00000000
00000000
00000000
00000000
00000000
00000000
00000000
00000000
00000000
00000000
00000000
00000000
00000000
00000000
00000000
00000000
00000000
00000000
00000000
00000000
00000000
00000000
00000000
00000000
00000000
00000000
00000000
00000000
00000000
00000000
00000000
00000000
00000000
00000000
00000000
00000000
00000000
00000000
00000000
00000000
00000000
00000000
00000000
00000000
00000000
00000000
00000000
00000000
00000000
00000000
00000000
00000000
00000000
00000000
00000000
00000000
00000000
00000000
00000000
00000000
00000000
00000000
00000000
00000000
00000000
00000000
00000000
00000000
00000000
00000000
00000000
00000000
00000000
00000000
00000000
00000000
00000000
00000000
00000000
00000000
00000000
00000000
00000000
00000000
00000000
00000000
00000000
00000000
00000000
00000000
00000000
00000000
00000000
00000000
00000000
00000000
00000000
00000000
00000000
00000000
00000000
00000000
00000000
00000000
00000000
00000000
00000000
00000000
00000000
00000000
00000000
00000000
00000000
00000000
00000000
00000000
00000000
00000000
00000000
00000000
00000000
00000000
00000000
00000000
00000000
00000000
00000000
00000000
00000000
00000000
00000000
00000000
00000000
00000000
00000000
00000000
00000000
00000000
00000000
00000000
00000000
00000000
00000000
00000000
00000000
00000000
00000000
00000000
00000000
00000000
00000000
00000000
00000000
00000000
00000000
00000000
00000000
00000000
00000000
00000000
00000000
00000000
00000000
00000000
00000000
00000000
00000000
00000000
00000000
00000000
00000000
00000000
00000000
00000000
00000000
00000000
00000000
00000000
00000000
00000000
00000000
00000000
00000000
00000000
00000000
00000000
00000000
00000000
00000000
00000000
00000000
00000000
00000000
00000000
00000000
00000000
00000000
00000000
00000000
00000000
00000000
00000000
00000000
00000000
00000000
00000000
00000000
00000000
00000000
00000000
00000000
00000000
00000000
00000000
00000000
00000000
00000000
00000000
00000000
00000000
00000000
00000000
00000000
00000000
00000000
00000000
00000000
00000000
00000000
00000000
00000000
00000000
00000000
00000000
00000000
00000000
00000000
00000000
00000000
00000000
00000000
00000000
00000000
00000000
00000000
00000000
00000000
00000000
00000000
00000000
00000000
00000000
00000000
00000000
00000000
00000000
00000000
00000000
00000000
00000000
00000000
00000000
00000000
00000000
00000000
00000000
00000000
00000000
00000000
00000000
00000000
00000000
00000000
00000000
00000000
00000000
00000000
00000000
00000000
00000000
00000000
00000000
00000000
00000000
00000000
00000000
00000000
00000000
00000000
00000000
00000000
00000000
00000000
00000000
00000000
00000000
00000000
00000000
00000000
00000000
00000000
00000000
00000000
00000000
00000000
00000000
00000000
00000000
00000000
00000000
00000000
00000000
00000000
00000000
00000000
00000000
00000000
00000000
00000000
00000000
00000000
00000000
00000000
00000000
00000000
00000000
00000000
00000000
00000000
00000000
00000000
00000000
00000000
00000000
00000000
00000000
00000000
00000000
00000000
00000000
00000000
00000000
00000000
00000000
00000000
00000000
00000000
00000000
00000000
00000000
00000000
00000000
00000000
00000000
00000000
00000000
00000000
00000000
00000000
00000000
00000000
00000000
00000000
00000000
00000000
00000000
00000000
00000000
00000000
00000000
00000000
00000000
00000000
00000000
00000000
00000000
00000000
00000000
00000000
00000000
00000000
00000000
00000000
00000000
00000000
00000000
00000000
00000000
00000000
00000000
00000000
00000000
00000000
00000000
00000000
00000000
00000000
00000000
00000000
00000000
00000000
00000000
00000000
00000000
00000000
00000000
00000000
00000000
00000000
00000000
00000000
00000000
00000000
00000000
00000000
00000000
00000000
00000000
00000000
00000000
00000000
00000000
00000000
00000000
00000000
00000000
00000000
00000000
00000000
00000000
00000000
00000000
00000000
00000000
00000000
00000000
00000000
00000000
00000000
00000000
00000000
00000000
00000000
00000000
00000000
00000000
00000000
00000000
00000000
00000000
00000000
00000000
00000000
00000000
00000000
00000000
00000000
00000000
00000000
00000000
00000000
00000000
00000000
00000000
00000000
00000000
00000000
00000000
00000000
00000000
00000000
00000000
00000000
00000000
00000000
00000000
00000000
00000000
00000000
00000000
00000000
00000000
00000000
00000000
00000000
00000000
00000000
00000000
00000000
00000000
00000000
00000000
00000000
00000000
00000000
00000000
00000000
00000000
00000000
00000000
00000000
00000000
00000000
00000000
00000000
00000000
00000000
00000000
00000000
00000000
00000000
00000000
00000000
00000000
00000000
00000000
00000000
00000000
00000000
00000000
00000000
00000000
00000000
00000000
00000000
00000000
00000000
00000000
00000000
00000000
00000000
00000000
00000000
00000000
00000000
00000000
00000000
00000000
00000000
00000000
00000000
00000000
00000000
00000000
00000000
00000000
00000000
00000000
00000000
00000000
00000000
00000000
00000000
00000000
00000000
00000000
00000000
00000000
00000000
00000000
00000000
00000000
00000000
00000000
00000000
00000000
00000000
00000000
00000000
00000000
00000000
00000000
00000000
00000000
00000000
00000000
00000000
00000000
00000000
00000000
00000000
00000000
00000000
00000000
00000000
00000000
00000000
00000000
00000000
00000000
00000000
00000000
00000000
00000000
00000000
00000000
00000000
00000000
00000000
00000000
00000000
00000000
00000000
00000000
00000000
00000000
00000000
00000000
00000000
00000000
00000000
00000000
00000000
00000000
00000000
00000000
00000000
00000000
00000000
00000000
00000000
00000000
00000000
00000000
00000000
00000000
00000000
00000000
00000000
00000000
00000000
00000000
00000000
00000000
00000000
00000000
00000000
00000000
00000000
00000000
00000000
00000000
00000000
00000000
00000000
00000000
00000000
00000000
00000000
00000000
00000000
00000000
00000000
00000000
00000000
00000000
00000000
00000000
00000000
00000000
00000000
00000000
00000000
00000000
00000000
00000000
00000000
00000000
00000000
00000000
00000000
00000000
00000000
00000000
00000000
00000000
00000000
00000000
00000000
00000000
00000000
00000000
00000000
00000000
00000000
00000000
00000000
00000000
00000000
00000000
00000000
00000000
00000000
00000000
00000000
00000000
00000000
00000000
00000000
00000000
00000000
00000000
00000000
00000000
00000000
00000000
00000000
00000000
00000000
00000000
00000000
00000000
00000000
00000000
00000000
00000000
00000000
00000000
00000000
00000000
00000000
00000000
00000000
00000000
00000000
00000000
00000000
00000000
00000000
00000000
00000000
00000000
00000000
00000000
00000000
00000000
00000000
00000000
00000000
00000000
00000000
00000000
00000000
00000000
00000000
00000000
00000000
00000000
00000000
00000000
00000000
00000000
00000000
00000000
00000000
00000000
00000000
00000000
00000000
00000000
00000000
00000000
00000000
00000000
00000000
00000000
00000000
00000000
00000000
00000000
00000000
00000000
00000000
00000000
00000000
00000000
00000000
00000000
00000000
00000000
00000000
00000000
00000000
00000000
00000000
00000000
00000000
00000000
00000000
00000000
00000000
00000000
00000000
00000000
00000000
00000000
00000000
00000000
00000000
00000000
00000000
00000000
00000000
00000000
00000000
00000000
00000000
00000000
00000000
00000000
00000000
00000000
00000000
00000000
00000000
00000000
00000000
00000000
00000000
00000000
00000000
00000000
00000000
00000000
00000000
00000000
00000000
00000000
00000000
00000000
00000000
00000000
00000000
00000000
00000000
00000000
00000000
00000000
00000000
00000000
00000000
00000000
00000000
00000000
00000000
00000000
00000000
00000000
00000000
00000000
00000000
00000000
00000000
00000000
00000000
00000000
00000000
00000000
00000000
00000000
00000000
00000000
00000000
00000000
00000000
00000000
00000000
00000000
00000000
00000000
00000000
00000000
00000000
00000000
00000000
00000000
00000000
00000000
00000000
00000000
00000000
00000000
00000000
00000000
00000000
00000000
00000000
00000000
00000000
00000000
00000000
00000000
00000000
00000000
00000000
00000000
00000000
00000000
00000000
00000000
00000000
00000000
00000000
00000000
00000000
00000000
00000000
00000000
00000000
00000000
00000000
00000000
00000000
00000000
00000000
00000000
00000000
00000000
00000000
00000000
00000000
00000000
00000000
00000000
00000000
00000000
00000000
00000000
00000000
00000000
00000000
00000000
00000000
00000000
00000000
00000000
00000000
00000000
00000000
00000000
00000000
00000000
00000000
00000000
00000000
00000000
00000000
00000000
00000000
00000000
00000000
00000000
00000000
00000000
00000000
00000000
00000000
00000000
00000000
00000000
00000000
00000000
00000000
00000000
00000000
00000000
00000000
00000000
00000000
00000000
00000000
00000000
00000000
00000000
00000000
00000000
00000000
00000000
00000000
00000000
00000000
00000000
00000000
00000000
00000000
00000000
00000000
00000000
00000000
00000000
00000000
00000000
00000000
00000000
00000000
00000000
00000000
00000000
00000000
00000000
00000000
00000000
00000000
00000000
00000000
00000000
00000000
00000000
00000000
00000000
00000000
00000000
00000000
00000000
00000000
00000000
00000000
00000000
00000000
00000000
00000000
00000000
00000000
00000000
00000000
00000000
00000000
00000000
00000000
00000000
00000000
00000000
00000000
00000000
00000000
00000000
00000000
00000000
00000000
00000000
00000000
00000000
00000000
00000000
00000000
00000000
00000000
00000000
00000000
00000000
00000000
00000000
00000000
00000000
00000000
00000000
00000000
00000000
00000000
00000000
00000000
00000000
00000000
00000000
00000000
00000000
00000000
00000000
00000000
00000000
00000000
00000000
00000000
00000000
00000000
00000000
00000000
00000000
00000000
00000000
00000000
00000000
00000000
00000000
00000000
00000000
00000000
00000000
00000000
00000000
00000000
00000000
00000000
00000000
00000000
00000000
00000000
00000000
00000000
00000000
00000000
00000000
00000000
00000000
00000000
00000000
00000000
00000000
00000000
00000000
00000000
00000000
00000000
00000000
00000000
00000000
00000000
00000000
00000000
00000000
00000000
00000000
00000000
00000000
00000000
00000000
00000000
00000000
00000000
00000000
00000000
00000000
00000000
00000000
00000000
00000000
00000000
00000000
00000000
00000000
00000000
00000000
00000000
00000000
00000000
00000000
00000000
00000000
00000000
00000000
00000000
00000000
00000000
00000000
00000000
00000000
00000000
00000000
00000000
00000000
00000000
00000000
00000000
00000000
00000000
00000000
00000000
00000000
00000000
00000000
00000000
00000000
00000000
00000000
00000000
00000000
00000000
00000000
00000000
00000000
00000000
00000000
00000000
00000000
00000000
00000000
00000000
00000000
00000000
00000000
00000000
00000000
00000000
00000000
00000000
00000000
00000000
00000000
00000000
00000000
00000000
00000000
00000000
00000000
00000000
00000000
00000000
00000000
00000000
00000000
00000000
00000000
00000000
00000000
00000000
00000000
00000000
00000000
00000000
00000000
00000000
00000000
00000000
00000000
00000000
00000000
00000000
00000000
00000000
00000000
00000000
00000000
00000000
00000000
00000000
00000000
00000000
00000000
00000000
00000000
00000000
00000000
00000000
00000000
00000000
00000000
00000000
00000000
00000000
00000000
00000000
00000000
00000000
00000000
00000000
00000000
00000000
00000000
00000000
00000000
00000000
00000000
00000000
00000000
00000000
00000000
00000000
00000000
00000000
00000000
00000000
00000000
00000000
00000000
00000000
00000000
00000000
00000000
00000000
00000000
00000000
00000000
00000000
00000000
00000000
00000000
00000000
00000000
00000000
00000000
00000000
00000000
00000000
00000000
00000000
00000000
00000000
00000000
00000000
00000000
00000000
00000000
00000000
00000000
00000000
00000000
00000000
00000000
00000000
00000000
00000000
00000000
00000000
00000000
00000000
00000000
00000000
00000000
00000000
00000000
00000000
00000000
00000000
00000000
00000000
00000000
00000000
00000000
00000000
00000000
00000000
00000000
00000000
00000000
00000000
00000000
00000000
00000000
00000000
00000000
00000000
00000000
00000000
00000000
00000000
00000000
00000000
00000000
00000000
00000000
00000000
00000000
00000000
00000000
00000000
00000000
00000000
00000000
00000000
00000000
00000000
00000000
00000000
00000000
00000000
00000000
00000000
00000000
00000000
00000000
00000000
00000000
00000000
00000000
00000000
00000000
00000000
00000000
00000000
00000000
00000000
00000000
00000000
00000000
00000000
00000000
00000000
00000000
00000000
00000000
00000000
00000000
00000000
00000000
00000000
00000000
00000000
00000000
00000000
00000000
00000000
00000000
00000000
00000000
00000000
00000000
00000000
00000000
00000000
00000000
00000000
00000000
00000000
00000000
00000000
00000000
00000000
00000000
00000000
00000000
00000000
00000000
00000000
00000000
00000000
00000000
00000000
00000000
00000000
00000000
00000000
00000000
00000000
00000000
00000000
00000000
00000000
00000000
00000000
00000000
00000000
00000000
00000000
00000000
00000000
00000000
00000000
00000000
00000000
00000000
00000000
00000000
00000000
00000000
00000000
00000000
00000000
00000000
00000000
00000000
00000000
00000000
00000000
00000000
00000000
00000000
00000000
00000000
00000000
00000000
00000000
00000000
00000000
00000000
00000000
00000000
00000000
00000000
00000000
00000000
00000000
00000000
00000000
00000000
00000000
00000000
00000000
00000000
00000000
00000000
00000000
00000000
00000000
00000000
00000000
00000000
00000000
00000000
00000000
00000000
00000000
00000000
00000000
00000000
00000000
00000000
00000000
00000000
00000000
00000000
00000000
00000000
00000000
00000000
00000000
00000000
00000000
00000000
00000000
00000000
00000000
00000000
00000000
00000000
00000000
00000000
00000000
00000000
00000000
00000000
00000000
00000000
00000000
00000000
00000000
00000000
00000000
00000000
00000000
00000000
00000000
00000000
00000000
00000000
00000000
00000000
00000000
00000000
00000000
00000000
00000000
00000000
00000000
00000000
00000000
00000000
00000000
00000000
00000000
00000000
00000000
00000000
00000000
00000000
00000000
00000000
00000000
00000000
00000000
00000000
00000000
00000000
00000000
00000000
00000000
00000000
00000000
00000000
00000000
00000000
00000000
00000000
00000000
00000000
00000000
00000000
00000000
00000000
00000000
00000000
00000000
00000000
00000000
00000000
00000000
00000000
00000000
00000000
00000000
00000000
00000000
00000000
00000000
00000000
00000000
00000000
00000000
00000000
00000000
00000000
00000000
00000000
00000000
00000000
00000000
00000000
00000000
00000000
00000000
00000000
00000000
00000000
00000000
00000000
00000000
00000000
00000000
00000000
00000000
00000000
00000000
00000000
00000000
00000000
00000000
00000000
00000000
00000000
00000000
00000000
00000000
00000000
00000000
00000000
00000000
00000000
00000000
00000000
00000000
00000000
00000000
00000000
00000000
00000000
00000000
00000000
00000000
00000000
00000000
00000000
00000000
00000000
00000000
00000000
00000000
00000000
00000000
00000000
00000000
00000000
00000000
00000000
00000000
00000000
00000000
00000000
00000000
00000000
00000000
00000000
00000000
00000000
00000000
00000000
00000000
00000000
00000000
00000000
00000000
00000000
00000000
00000000
00000000
00000000
00000000
00000000
00000000
00000000
00000000
00000000
00000000
00000000
00000000
00000000
00000000
00000000
00000000
00000000
00000000
00000000
00000000
00000000
00000000
00000000
00000000
00000000
00000000
00000000
00000000
00000000
00000000
00000000
00000000
00000000
00000000
00000000
00000000
00000000
00000000
00000000
00000000
00000000
00000000
00000000
00000000
00000000
00000000
00000000
00000000
00000000
00000000
00000000
00000000
00000000
00000000
00000000
00000000
00000000
00000000
00000000
00000000
00000000
00000000
00000000
00000000
00000000
00000000
00000000
00000000
00000000
00000000
00000000
00000000
00000000
00000000
00000000
00000000
00000000
00000000
00000000
00000000
00000000
00000000
00000000
00000000
00000000
00000000
00000000
00000000
00000000
00000000
00000000
00000000
00000000
00000000
00000000
00000000
00000000
00000000
00000000
00000000
00000000
00000000
00000000
00000000
00000000
00000000
00000000
00000000
00000000
00000000
00000000
00000000
00000000
00000000
00000000
00000000
00000000
00000000
00000000
00000000
00000000
00000000
00000000
00000000
00000000
00000000
00000000
00000000
00000000
00000000
00000000
00000000
00000000
00000000
00000000
00000000
00000000
00000000
00000000
00000000
00000000
00000000
00000000
00000000
00000000
00000000
00000000
00000000
00000000
00000000
00000000
00000000
00000000
00000000
00000000
00000000
00000000
00000000
00000000
00000000
00000000
00000000
00000000
00000000
00000000
00000000
00000000
00000000
00000000
00000000
00000000
00000000
00000000
00000000
00000000
00000000
00000000
00000000
00000000
00000000
00000000
00000000
00000000
00000000
00000000
00000000
00000000
00000000
00000000
00000000
00000000
00000000
00000000
00000000
00000000
00000000
00000000
00000000
00000000
00000000
00000000
00000000
00000000
00000000
00000000
00000000
00000000
00000000
00000000
00000000
00000000
00000000
00000000
00000000
00000000
00000000
00000000
00000000
00000000
00000000
00000000
00000000
00000000
00000000
00000000
00000000
00000000
00000000
00000000
00000000
00000000
00000000
00000000
00000000
00000000
00000000
00000000
00000000
00000000
00000000
00000000
00000000
00000000
00000000
00000000
00000000
00000000
00000000
00000000
00000000
00000000
00000000
00000000
00000000
00000000
00000000
00000000
00000000
00000000
00000000
00000000
00000000
00000000
00000000
00000000
00000000
00000000
00000000
00000000
00000000
00000000
00000000
00000000
00000000
00000000
00000000
00000000
00000000
00000000
00000000
00000000
00000000
00000000
00000000
00000000
00000000
00000000
00000000
00000000
00000000
00000000
00000000
00000000
00000000
00000000
00000000
00000000
00000000
00000000
00000000
00000000
00000000
00000000
00000000
00000000
00000000
00000000
00000000
00000000
00000000
00000000
00000000
00000000
00000000
00000000
00000000
00000000
00000000
00000000
00000000
00000000
00000000
00000000
00000000
00000000
00000000
00000000
00000000
00000000
00000000
00000000
00000000
00000000
00000000
00000000
00000000
00000000
00000000
00000000
00000000
00000000
00000000
00000000
00000000
00000000
00000000
00000000
00000000
00000000
00000000
00000000
00000000
00000000
00000000
00000000
00000000
00000000
00000000
00000000
00000000
00000000
00000000
00000000
00000000
00000000
00000000
00000000
00000000
00000000
00000000
00000000
00000000
00000000
00000000
00000000
00000000
00000000
00000000
00000000
00000000
00000000
00000000
00000000
00000000
00000000
00000000
00000000
00000000
00000000
00000000
00000000
00000000
00000000
00000000
00000000
00000000
00000000
00000000
00000000
00000000
00000000
00000000
00000000
00000000
00000000
00000000
00000000
00000000
00000000
00000000
00000000
00000000
00000000
00000000
00000000
00000000
00000000
00000000
00000000
00000000
00000000
00000000
00000000
00000000
00000000
00000000
00000000
00000000
00000000
00000000
00000000
00000000
00000000
00000000
00000000
00000000
00000000
00000000
00000000
00000000
00000000
00000000
00000000
00000000
00000000
00000000
00000000
00000000
00000000
00000000
00000000
00000000
00000000
00000000
00000000
00000000
00000000
00000000
00000000
00000000
00000000
00000000
00000000
00000000
00000000
00000000
00000000
00000000
00000000
00000000
00000000
00000000
00000000
00000000
00000000
00000000
00000000
00000000
00000000
00000000
00000000
00000000
00000000
00000000
00000000
00000000
00000000
00000000
00000000
00000000
00000000
00000000
00000000
00000000
00000000
00000000
00000000
00000000
00000000
00000000
00000000
00000000
00000000
00000000
00000000
00000000
00000000
00000000
00000000
00000000
00000000
00000000
00000000
00000000
00000000
00000000
00000000
00000000
00000000
00000000
00000000
00000000
00000000
00000000
00000000
00000000
00000000
00000000
00000000
00000000
00000000
00000000
00000000
00000000
00000000
00000000
00000000
00000000
00000000
00000000
00000000
00000000
00000000
00000000
00000000
00000000
00000000
00000000
00000000
00000000
00000000
00000000
00000000
00000000
00000000
00000000
00000000
00000000
00000000
00000000
00000000
00000000
00000000
00000000
00000000
00000000
00000000
00000000
00000000
00000000
00000000
00000000
00000000
00000000
00000000
00000000
00000000
00000000
00000000
00000000
00000000
00000000
00000000
00000000
00000000
00000000
00000000
00000000
00000000
00000000
00000000
00000000
00000000
00000000
00000000
00000000
00000000
00000000
00000000
00000000
00000000
00000000
00000000
00000000
00000000
00000000
00000000
00000000
00000000
00000000
00000000
00000000
00000000
00000000
00000000
00000000
00000000
00000000
00000000
00000000
00000000
00000000
00000000
00000000
00000000
00000000
00000000
00000000
00000000
00000000
00000000
00000000
00000000
00000000
00000000
00000000
00000000
00000000
00000000
00000000
00000000
00000000
00000000
00000000
00000000
00000000
00000000
00000000
00000000
00000000
00000000
00000000
00000000
00000000
00000000
00000000
00000000
00000000
00000000
00000000
00000000
00000000
00000000
00000000
00000000
00000000
00000000
00000000
00000000
00000000
00000000
00000000
00000000
00000000
00000000
00000000
00000000
00000000
00000000
00000000
00000000
00000000
00000000
00000000
00000000
00000000
00000000
00000000
00000000
00000000
00000000
00000000
00000000
00000000
00000000
00000000
00000000
00000000
00000000
00000000
00000000
00000000
00000000
00000000
00000000
00000000
00000000
00000000
00000000
00000000
00000000
00000000
00000000
00000000
00000000
00000000
00000000
00000000
00000000
00000000
00000000
00000000
00000000
00000000
00000000
00000000
00000000
00000000
00000000
00000000
00000000
00000000
00000000
00000000
00000000
00000000
00000000
00000000
00000000
00000000
00000000
00000000
00000000
00000000
00000000
00000000
00000000
00000000
00000000
00000000
00000000
00000000
00000000
00000000
00000000
00000000
00000000
00000000
00000000
00000000
00000000
00000000
00000000
00000000
00000000
00000000
00000000
00000000
00000000
00000000
00000000
00000000
00000000
00000000
00000000
00000000
00000000
00000000
00000000
00000000
00000000
00000000
00000000
00000000
00000000
00000000
00000000
00000000
00000000
00000000
00000000
00000000
00000000
00000000
00000000
00000000
00000000
00000000
00000000
00000000
00000000
00000000
00000000
00000000
00000000
00000000
00000000
00000000
00000000
00000000
00000000
00000000
00000000
00000000
00000000
00000000
00000000
00000000
00000000
00000000
00000000
00000000
00000000
00000000
00000000
00000000
00000000
00000000
00000000
00000000
00000000
00000000
00000000
00000000
00000000
00000000
00000000
00000000
00000000
00000000
00000000
00000000
00000000
00000000
00000000
00000000
00000000
00000000
00000000
00000000
00000000
00000000
00000000
00000000
00000000
00000000
00000000
00000000
00000000
00000000
00000000
00000000
00000000
00000000
00000000
00000000
00000000
00000000
00000000
00000000
00000000
00000000
00000000
00000000
00000000
00000000
00000000
00000000
00000000
00000000
00000000
00000000
00000000
00000000
00000000
00000000
00000000
00000000
00000000
00000000
00000000
00000000
00000000
00000000
00000000
00000000
00000000
00000000
00000000
00000000
00000000
00000000
00000000
00000000
00000000
00000000
00000000
00000000
00000000
00000000
00000000
00000000
00000000
00000000
00000000
00000000
00000000
00000000
00000000
00000000
00000000
00000000
00000000
00000000
00000000
00000000
00000000
00000000
00000000
00000000
00000000
00000000
00000000
00000000
00000000
00000000
00000000
00000000
00000000
00000000
00000000
00000000
00000000
00000000
00000000
00000000
00000000
00000000
00000000
00000000
00000000
00000000
00000000
00000000
00000000
00000000
00000000
00000000
00000000
00000000
00000000
00000000
00000000
00000000
00000000
00000000
00000000
00000000
00000000
00000000
00000000
00000000
00000000
00000000
00000000
00000000
00000000
00000000
00000000
00000000
00000000
00000000
00000000
00000000
00000000
00000000
00000000
00000000
00000000
00000000
00000000
00000000
00000000
00000000
00000000
00000000
00000000
00000000
00000000
00000000
00000000
00000000
00000000
00000000
00000000
00000000
00000000
00000000
00000000
00000000
00000000
00000000
00000000
00000000
00000000
00000000
00000000
00000000
00000000
00000000
00000000
00000000
00000000
00000000
00000000
00000000
00000000
00000000
00000000
00000000
00000000
00000000
00000000
00000000
00000000
00000000
00000000
00000000
00000000
00000000
00000000
00000000
00000000
00000000
00000000
00000000
00000000
00000000
00000000
00000000
00000000
00000000
00000000
00000000
00000000
00000000
00000000
00000000
00000000
00000000
00000000
00000000
00000000
00000000
00000000
00000000
00000000
00000000
00000000
00000000
00000000
00000000
00000000
00000000
00000000
00000000
00000000
00000000
00000000
00000000
00000000
00000000
00000000
00000000
00000000
00000000
00000000
00000000
00000000
00000000
00000000
00000000
00000000
00000000
00000000
00000000
00000000
00000000
00000000
00000000
00000000
00000000
00000000
00000000
00000000
00000000
00000000
00000000
00000000
00000000
00000000
00000000
00000000
00000000
00000000
00000000
00000000
00000000
00000000
00000000
00000000
00000000
00000000
00000000
00000000
00000000
00000000
00000000
00000000
00000000
00000000
00000000
00000000
00000000
00000000
00000000
00000000
00000000
00000000
00000000
00000000
00000000
00000000
00000000
00000000
00000000
00000000
00000000
00000000
00000000
00000000
00000000
00000000
00000000
00000000
00000000
00000000
00000000
00000000
00000000
00000000
00000000
00000000
00000000
00000000
00000000
00000000
00000000
00000000
00000000
00000000
00000000
00000000
00000000
00000000
00000000
00000000
00000000
00000000
00000000
00000000
00000000
00000000
00000000
00000000
00000000
00000000
00000000
00000000
00000000
00000000
00000000
00000000
00000000
00000000
00000000
00000000
00000000
00000000
00000000
00000000
00000000
00000000
00000000
00000000
00000000
00000000
00000000
00000000
00000000
00000000
00000000
00000000
00000000
00000000
00000000
00000000
00000000
00000000
00000000
00000000
00000000
00000000
00000000
00000000
00000000
00000000
00000000
00000000
00000000
00000000
00000000
00000000
00000000
00000000
00000000
00000000
00000000
00000000
00000000
00000000
00000000
00000000
00000000
00000000
00000000
00000000
00000000
00000000
00000000
00000000
00000000
00000000
00000000
00000000
00000000
00000000
00000000
00000000
00000000
00000000
00000000
00000000
00000000
00000000
00000000
00000000
00000000
00000000
00000000
00000000
00000000
00000000
00000000
00000000
00000000
00000000
00000000
00000000
00000000
00000000
00000000
00000000
00000000
00000000
00000000
00000000
00000000
00000000
00000000
00000000
00000000
00000000
00000000
00000000
00000000
00000000
00000000
00000000
00000000
00000000
00000000
00000000
00000000
00000000
00000000
00000000
00000000
00000000
00000000
00000000
00000000
00000000
00000000
00000000
00000000
00000000
00000000
00000000
00000000
00000000
00000000
00000000
00000000
00000000
00000000
00000000
00000000
00000000
00000000
00000000
00000000
00000000
00000000
00000000
00000000
00000000
00000000
00000000
00000000
00000000
00000000
00000000
00000000
00000000
00000000
00000000
00000000
00000000
00000000
00000000
00000000
00000000
00000000
00000000
00000000
00000000
00000000
00000000
00000000
00000000
00000000
00000000
00000000
00000000
00000000
00000000
00000000
00000000
00000000
00000000
00000000
00000000
00000000
00000000
00000000
00000000
00000000
00000000
00000000
00000000
00000000
00000000
00000000
00000000
00000000
00000000
00000000
00000000
00000000
00000000
00000000
00000000
00000000
00000000
00000000
00000000
00000000
00000000
00000000
00000000
00000000
00000000
00000000
00000000
00000000
00000000
00000000
00000000
00000000
00000000
00000000
00000000
00000000
00000000
00000000
00000000
00000000
00000000
00000000
00000000
00000000
00000000
00000000
00000000
00000000
00000000
00000000
00000000
00000000
00000000
00000000
00000000
00000000
00000000
00000000
00000000
00000000
00000000
00000000
00000000
00000000
00000000
00000000
00000000
00000000
00000000
00000000
00000000
00000000
00000000
00000000
00000000
00000000
00000000
00000000
00000000
00000000
00000000
00000000
00000000
00000000
00000000
00000000
00000000
00000000
00000000
00000000
00000000
00000000
00000000
00000000
00000000
00000000
00000000
00000000
00000000
00000000
00000000
00000000
00000000
00000000
00000000
00000000
00000000
00000000
00000000
00000000
00000000
00000000
00000000
00000000
00000000
00000000
00000000
00000000
00000000
00000000
00000000
00000000
00000000
00000000
00000000
00000000
00000000
00000000
00000000
00000000
00000000
00000000
00000000
00000000
00000000
00000000
00000000
00000000
00000000
00000000
00000000
00000000
00000000
00000000
00000000
00000000
00000000
00000000
00000000
00000000
00000000
00000000
00000000
00000000
00000000
00000000
00000000
00000000
00000000
00000000
00000000
00000000
00000000
00000000
00000000
00000000
00000000
00000000
00000000
00000000
00000000
00000000
00000000
00000000
00000000
00000000
00000000
00000000
00000000
00000000
00000000
00000000
00000000
00000000
00000000
00000000
00000000
00000000
00000000
00000000
00000000
00000000
00000000
00000000
00000000
00000000
00000000
00000000
00000000
00000000
00000000
00000000
00000000
00000000
00000000
00000000
00000000
00000000
00000000
00000000
00000000
00000000
00000000
00000000
00000000
00000000
00000000
00000000
00000000
00000000
00000000
00000000
00000000
00000000
00000000
00000000
00000000
00000000
00000000
00000000
00000000
00000000
00000000
00000000
00000000
00000000
00000000
00000000
00000000
00000000
00000000
00000000
00000000
00000000
00000000
00000000
00000000
00000000
00000000
00000000
00000000
00000000
00000000
00000000
00000000
00000000
00000000
00000000
00000000
00000000
00000000
00000000
00000000
00000000
00000000
00000000
00000000
00000000
00000000
00000000
00000000
00000000
00000000
00000000
00000000
00000000
00000000
00000000
00000000
00000000
00000000
00000000
00000000
00000000
00000000
00000000
00000000
00000000
00000000
00000000
00000000
00000000
00000000
00000000
00000000
00000000
00000000
00000000
00000000
00000000
00000000
00000000
00000000
00000000
00000000
00000000
00000000
00000000
00000000
00000000
00000000
00000000
00000000
00000000
00000000
00000000
00000000
00000000
00000000
00000000
00000000
00000000
00000000
00000000
00000000
00000000
00000000
00000000
00000000
00000000
00000000
00000000
00000000
00000000
00000000
00000000
00000000
00000000
00000000
00000000
00000000
00000000
00000000
00000000
00000000
00000000
00000000
00000000
00000000
00000000
00000000
00000000
00000000
00000000
00000000
00000000
00000000
00000000
00000000
00000000
00000000
00000000
00000000
00000000
00000000
00000000
00000000
00000000
00000000
00000000
00000000
00000000
00000000
00000000
00000000
00000000
00000000
00000000
00000000
00000000
00000000
00000000
00000000
00000000
00000000
00000000
00000000
00000000
00000000
00000000
00000000
00000000
00000000
00000000
00000000
00000000
00000000
00000000
00000000
00000000
00000000
00000000
00000000
00000000
00000000
00000000
00000000
00000000
00000000
00000000
00000000
00000000
00000000
00000000
00000000
00000000
00000000
00000000
00000000
00000000
00000000
00000000
00000000
00000000
00000000
00000000
00000000
00000000
00000000
00000000
00000000
00000000
00000000
00000000
00000000
00000000
00000000
00000000
00000000
00000000
00000000
00000000
00000000
00000000
00000000
00000000
00000000
00000000
00000000
00000000
00000000
00000000
00000000
00000000
00000000
00000000
00000000
00000000
00000000
00000000
00000000
00000000
00000000
00000000
00000000
00000000
00000000
00000000
00000000
00000000
00000000
00000000
00000000
00000000
00000000
00000000
00000000
00000000
00000000
00000000
00000000
00000000
00000000
00000000
00000000
00000000
00000000
00000000
00000000
00000000
00000000
00000000
00000000
00000000
00000000
00000000
00000000
00000000
00000000
00000000
00000000
00000000
00000000
00000000
00000000
00000000
00000000
00000000
00000000
00000000
00000000
00000000
00000000
00000000
00000000
00000000
00000000
00000000
00000000
00000000
00000000
00000000
00000000
00000000
00000000
00000000
00000000
00000000
00000000
00000000
00000000
00000000
00000000
00000000
00000000
00000000
00000000
00000000
00000000
00000000
00000000
00000000
00000000
00000000
00000000
00000000
00000000
00000000
00000000
00000000
00000000
00000000
00000000
00000000
00000000
00000000
00000000
00000000
00000000
00000000
00000000
00000000
00000000
00000000
00000000
00000000
00000000
00000000
00000000
00000000
00000000
00000000
00000000
00000000
00000000
00000000
00000000
00000000
00000000
00000000
00000000
00000000
00000000
00000000
00000000
00000000
00000000
00000000
00000000
00000000
00000000
00000000
00000000
00000000
00000000
00000000
00000000
00000000
00000000
00000000
00000000
00000000
00000000
00000000
00000000
00000000
00000000
00000000
00000000
00000000
00000000
00000000
00000000
00000000
00000000
00000000
00000000
00000000
00000000
00000000
00000000
00000000
00000000
00000000
00000000
00000000
00000000
00000000
00000000
00000000
00000000
00000000
00000000
00000000
00000000
00000000
00000000
00000000
00000000
00000000
00000000
00000000
00000000
00000000
00000000
00000000
00000000
00000000
00000000
00000000
00000000
00000000
00000000
00000000
00000000
00000000
00000000
00000000
00000000
00000000
00000000
00000000
00000000
00000000
00000000
00000000
00000000
00000000
00000000
00000000
00000000
00000000
00000000
00000000
00000000
00000000
00000000
00000000
00000000
00000000
00000000
00000000
00000000
00000000
00000000
00000000
00000000
00000000
00000000
00000000
00000000
00000000
00000000
00000000
00000000
00000000
00000000
00000000
00000000
00000000
00000000
00000000
00000000
00000000
00000000
00000000
00000000
00000000
00000000
00000000
00000000
00000000
00000000
00000000
00000000
00000000
00000000
00000000
00000000
00000000
00000000
00000000
00000000
00000000
00000000
00000000
00000000
00000000
00000000
00000000
00000000
00000000
00000000
00000000
00000000
00000000
00000000
00000000
00000000
00000000
00000000
00000000
00000000
00000000
00000000
00000000
00000000
00000000
00000000
00000000
00000000
00000000
00000000
00000000
00000000
00000000
00000000
00000000
00000000
00000000
00000000
00000000
00000000
00000000
00000000
00000000
00000000
00000000
00000000
00000000
00000000
00000000
00000000
00000000
00000000
00000000
00000000
00000000
00000000
00000000
00000000
00000000
00000000
00000000
00000000
00000000
00000000
00000000
00000000
00000000
00000000
00000000
00000000
00000000
00000000
00000000
00000000
00000000
00000000
00000000
00000000
00000000
00000000
00000000
00000000
00000000
00000000
00000000
00000000
00000000
00000000
00000000
00000000
00000000
00000000
00000000
00000000
00000000
00000000
00000000
00000000
00000000
00000000
00000000
00000000
00000000
00000000
00000000
00000000
00000000
00000000
00000000
00000000
00000000
00000000
00000000
00000000
00000000
00000000
00000000
00000000
00000000
00000000
00000000
00000000
00000000
00000000
00000000
00000000
00000000
00000000
00000000
00000000
00000000
00000000
00000000
00000000
00000000
00000000
00000000
00000000
00000000
00000000
00000000
00000000
00000000
00000000
00000000
00000000
00000000
00000000
00000000
00000000
00000000
00000000
00000000
00000000
00000000
00000000
00000000
00000000
00000000
00000000
00000000
00000000
00000000
00000000
00000000
00000000
00000000
00000000
00000000
00000000
00000000
00000000
00000000
00000000
00000000
00000000
00000000
00000000
00000000
00000000
00000000
00000000
00000000
00000000
00000000
00000000
00000000
00000000
00000000
00000000
00000000
00000000
00000000
00000000
00000000
00000000
00000000
00000000
00000000
00000000
00000000
00000000
00000000
00000000
00000000
00000000
00000000
00000000
00000000
00000000
00000000
00000000
00000000
00000000
00000000
00000000
00000000
00000000
00000000
00000000
00000000
00000000
00000000
00000000
00000000
00000000
00000000
00000000
00000000
00000000
00000000
00000000
00000000
00000000
00000000
00000000
00000000
00000000
00000000
00000000
00000000
00000000
00000000
00000000
00000000
00000000
00000000
00000000
00000000
00000000
00000000
00000000
00000000
00000000
00000000
00000000
00000000
00000000
00000000
00000000
00000000
00000000
00000000
00000000
00000000
00000000
00000000
00000000
00000000
00000000
00000000
00000000
00000000
00000000
00000000
00000000
00000000
00000000
00000000
00000000
00000000
00000000
00000000
00000000
00000000
00000000
00000000
00000000
00000000
00000000
00000000
00000000
00000000
00000000
00000000
00000000
00000000
00000000
00000000
00000000
00000000
00000000
00000000
00000000
00000000
00000000
00000000
00000000
00000000
00000000
00000000
00000000
00000000
00000000
00000000
00000000
00000000
00000000
00000000
00000000
00000000
00000000
00000000
00000000
00000000
00000000
00000000
00000000
00000000
00000000
00000000
00000000
00000000
00000000
00000000
00000000
00000000
00000000
00000000
00000000
00000000
00000000
00000000
00000000
00000000
00000000
00000000
00000000
00000000
00000000
00000000
00000000
00000000
00000000
00000000
00000000
00000000
00000000
00000000
00000000
00000000
00000000
00000000
00000000
00000000
00000000
00000000
00000000
00000000
00000000
00000000
00000000
00000000
00000000
00000000
00000000
00000000
00000000
00000000
00000000
00000000
00000000
00000000
00000000
00000000
00000000
00000000
00000000
00000000
00000000
00000000
00000000
00000000
00000000
00000000
00000000
00000000
00000000
00000000
00000000
00000000
00000000
00000000
00000000
00000000
00000000
00000000
00000000
00000000
00000000
00000000
00000000
00000000
00000000
00000000
00000000
00000000
00000000
00000000
00000000
00000000
00000000
00000000
00000000
00000000
00000000
00000000
00000000
00000000
00000000
00000000
00000000
00000000
00000000
00000000
00000000
00000000
00000000
00000000
00000000
00000000
00000000
00000000
00000000
00000000
00000000
00000000
00000000
00000000
00000000
00000000
00000000
00000000
00000000
00000000
00000000
00000000
00000000
00000000
00000000
00000000
00000000
00000000
00000000
00000000
00000000
00000000
00000000
00000000
00000000
00000000
00000000
00000000
00000000
00000000
00000000
00000000
00000000
00000000
00000000
00000000
00000000
00000000
00000000
00000000
00000000
00000000
00000000
00000000
00000000
00000000
00000000
00000000
00000000
00000000
00000000
00000000
00000000
00000000
00000000
00000000
00000000
00000000
00000000
00000000
00000000
00000000
00000000
00000000
00000000
00000000
00000000
00000000
00000000
00000000
00000000
00000000
00000000
00000000
00000000
00000000
00000000
00000000
00000000
00000000
00000000
00000000
00000000
00000000
00000000
00000000
00000000
00000000
00000000
00000000
00000000
00000000
00000000
00000000
00000000
00000000
00000000
00000000
00000000
00000000
00000000
00000000
00000000
00000000
00000000
00000000
00000000
00000000
00000000
00000000
00000000
00000000
00000000
00000000
00000000
00000000
00000000
00000000
00000000
00000000
00000000
00000000
00000000
00000000
00000000
00000000
00000000
00000000
00000000
00000000
00000000
00000000
00000000
00000000
00000000
00000000
00000000
00000000
00000000
00000000
00000000
00000000
00000000
00000000
00000000
00000000
00000000
00000000
00000000
00000000
00000000
00000000
00000000
00000000
00000000
00000000
00000000
00000000
00000000
00000000
00000000
00000000
00000000
00000000
00000000
00000000
00000000
00000000
00000000
00000000
00000000
00000000
00000000
00000000
00000000
00000000
00000000
00000000
00000000
00000000
00000000
00000000
00000000
00000000
00000000
00000000
00000000
00000000
00000000
00000000
00000000
00000000
00000000
00000000
00000000
00000000
00000000
00000000
00000000
00000000
00000000
00000000
00000000
00000000
00000000
00000000
00000000
00000000
00000000
00000000
00000000
00000000
00000000
00000000
00000000
00000000
00000000
00000000
00000000
00000000
00000000
00000000
00000000
00000000
00000000
00000000
00000000
00000000
00000000
00000000
00000000
00000000
00000000
00000000
00000000
00000000
00000000
00000000
00000000
00000000
00000000
00000000
00000000
00000000
00000000
00000000
00000000
00000000
00000000
00000000
00000000
00000000
00000000
00000000
00000000
00000000
00000000
00000000
00000000
00000000
00000000
00000000
00000000
00000000
00000000
00000000
00000000
00000000
00000000
00000000
00000000
00000000
00000000
00000000
00000000
00000000
00000000
00000000
00000000
00000000
00000000
00000000
00000000
00000000
00000000
00000000
00000000
00000000
00000000
00000000
00000000
00000000
00000000
00000000
00000000
00000000
00000000
00000000
00000000
00000000
00000000
00000000
00000000
00000000
00000000
00000000
00000000
00000000
00000000
00000000
00000000
00000000
00000000
00000000
00000000
00000000
00000000
00000000
00000000
00000000
00000000
00000000
00000000
00000000
00000000
00000000
00000000
00000000
00000000
00000000
00000000
00000000
00000000
00000000
00000000
00000000
00000000
00000000
00000000
00000000
00000000
00000000
00000000
00000000
00000000
00000000
00000000
00000000
00000000
00000000
00000000
00000000
00000000
00000000
00000000
00000000
00000000
00000000
00000000
00000000
00000000
00000000
00000000
00000000
00000000
00000000
00000000
00000000
00000000
00000000
00000000
00000000
00000000
00000000
00000000
00000000
00000000
00000000
00000000
00000000
00000000
00000000
00000000
00000000
00000000
00000000
00000000
00000000
00000000
00000000
00000000
00000000
00000000
00000000
00000000
00000000
00000000
00000000
00000000
00000000
00000000
00000000
00000000
00000000
00000000
00000000
00000000
00000000
00000000
00000000
00000000
00000000
00000000
00000000
00000000
00000000
00000000
00000000
00000000
00000000
00000000
00000000
00000000
00000000
00000000
00000000
00000000
00000000
00000000
00000000
00000000
00000000
00000000
00000000
00000000
00000000
00000000
00000000
00000000
00000000
00000000
00000000
00000000
00000000
00000000
00000000
00000000
00000000
00000000
00000000
00000000
00000000
00000000
00000000
00000000
00000000
00000000
00000000
00000000
00000000
00000000
00000000
00000000
00000000
00000000
00000000
00000000
00000000
00000000
00000000
00000000
00000000
00000000
00000000
00000000
00000000
00000000
00000000
00000000
00000000
00000000
00000000
00000000
00000000
00000000
00000000
00000000
00000000
00000000
00000000
00000000
00000000
00000000
00000000
00000000
00000000
00000000
00000000
00000000
00000000
00000000
00000000
00000000
00000000
00000000
00000000
00000000
00000000
00000000
00000000
00000000
00000000
00000000
00000000
00000000
00000000
00000000
00000000
00000000
00000000
00000000
00000000
00000000
00000000
00000000
00000000
00000000
00000000
00000000
00000000
00000000
00000000
00000000
00000000
00000000
00000000
00000000
00000000
00000000
00000000
00000000
00000000
00000000
00000000
00000000
00000000
00000000
00000000
00000000
00000000
00000000
00000000
00000000
00000000
00000000
00000000
00000000
00000000
00000000
00000000
00000000
00000000
00000000
00000000
00000000
00000000
00000000
00000000
00000000
00000000
00000000
00000000
00000000
00000000
00000000
00000000
00000000
00000000
00000000
00000000
00000000
00000000
00000000
00000000
00000000
00000000
00000000
00000000
00000000
00000000
00000000
00000000
00000000
00000000
00000000
00000000
00000000
00000000
00000000
00000000
00000000
00000000
00000000
00000000
00000000
00000000
00000000
00000000
00000000
00000000
00000000
00000000
00000000
00000000
00000000
00000000
00000000
00000000
00000000
00000000
00000000
00000000
00000000
00000000
00000000
00000000
00000000
00000000
00000000
00000000
00000000
00000000
00000000
00000000
00000000
00000000
00000000
00000000
00000000
00000000
00000000
00000000
00000000
00000000
00000000
00000000
00000000
00000000
00000000
00000000
00000000
00000000
00000000
00000000
00000000
00000000
00000000
00000000
00000000
00000000
00000000
00000000
00000000
00000000
00000000
00000000
00000000
00000000
00000000
00000000
00000000
00000000
00000000
00000000
00000000
00000000
00000000
00000000
00000000
00000000
00000000
00000000
00000000
00000000
00000000
00000000
00000000
00000000
00000000
00000000
00000000
00000000
00000000
00000000
00000000
00000000
00000000
00000000
00000000
00000000
00000000
00000000
00000000
00000000
00000000
00000000
00000000
00000000
00000000
00000000
00000000
00000000
00000000
00000000
00000000
00000000
00000000
00000000
00000000
00000000
00000000
00000000
00000000
00000000
00000000
00000000
00000000
00000000
00000000
00000000
00000000
00000000
00000000
00000000
00000000
00000000
00000000
00000000
00000000
00000000
00000000
00000000
00000000
00000000
00000000
00000000
00000000
00000000
00000000
00000000
00000000
00000000
00000000
00000000
00000000
00000000
00000000
00000000
00000000
00000000
00000000
00000000
00000000
00000000
00000000
00000000
00000000
00000000
00000000
00000000
00000000
00000000
00000000
00000000
00000000
00000000
00000000
00000000
00000000
00000000
00000000
00000000
00000000
00000000
00000000
00000000
00000000
00000000
00000000
00000000
00000000
00000000
00000000
00000000
00000000
00000000
00000000
00000000
00000000
00000000
00000000
00000000
00000000
00000000
00000000
00000000
00000000
00000000
00000000
00000000
00000000
00000000
00000000
00000000
00000000
00000000
00000000
00000000
00000000
00000000
00000000
00000000
00000000
00000000
00000000
00000000
00000000
00000000
00000000
00000000
00000000
00000000
00000000
00000000
00000000
00000000
00000000
00000000
00000000
00000000
00000000
00000000
00000000
00000000
00000000
00000000
00000000
00000000
00000000
00000000
00000000
00000000
00000000
00000000
00000000
00000000
00000000
00000000
00000000
00000000
00000000
00000000
00000000
00000000
00000000
00000000
00000000
00000000
00000000
00000000
00000000
00000000
00000000
00000000
00000000
00000000
00000000
00000000
00000000
00000000
00000000
00000000
00000000
00000000
00000000
00000000
00000000
00000000
00000000
00000000
00000000
00000000
00000000
00000000
00000000
00000000
00000000
00000000
00000000
00000000
00000000
00000000
00000000
00000000
00000000
00000000
00000000
00000000
00000000
00000000
00000000
00000000
00000000
00000000
00000000
00000000
00000000
00000000
00000000
00000000
00000000
00000000
00000000
00000000
00000000
00000000
00000000
00000000
00000000
00000000
00000000
00000000
00000000
00000000
00000000
00000000
00000000
00000000
00000000
00000000
00000000
00000000
00000000
00000000
00000000
00000000
00000000
00000000
00000000
00000000
00000000
00000000
00000000
00000000
00000000
00000000
00000000
00000000
00000000
00000000
00000000
00000000
00000000
00000000
00000000
00000000
00000000
00000000
00000000
00000000
00000000
00000000
00000000
00000000
00000000
00000000
00000000
00000000
00000000
00000000
00000000
00000000
00000000
00000000
00000000
00000000
00000000
00000000
00000000
00000000
00000000
00000000
00000000
00000000
00000000
00000000
00000000
00000000
00000000
00000000
00000000
00000000
00000000
00000000
00000000
00000000
00000000
00000000
00000000
00000000
00000000
00000000
00000000
00000000
00000000
00000000
00000000
00000000
00000000
00000000
00000000
00000000
00000000
00000000
00000000
00000000
00000000
00000000
00000000
00000000
00000000
00000000
00000000
00000000
00000000
00000000
00000000
00000000
00000000
00000000
00000000
00000000
00000000
00000000
00000000
00000000
00000000
00000000
00000000
00000000
00000000
00000000
00000000
00000000
00000000
00000000
00000000
00000000
00000000
00000000
00000000
00000000
00000000
00000000
00000000
00000000
00000000
00000000
00000000
00000000
00000000
00000000
00000000
00000000
00000000
00000000
00000000
00000000
00000000
00000000
00000000
00000000
00000000
00000000
00000000
00000000
00000000
00000000
00000000
00000000
00000000
00000000
00000000
00000000
00000000
00000000
00000000
00000000
00000000
00000000
00000000
00000000
00000000
00000000
00000000
00000000
00000000
00000000
00000000
00000000
00000000
00000000
00000000
00000000
00000000
00000000
00000000
00000000
00000000
00000000
00000000
00000000
00000000
00000000
00000000
00000000
00000000
00000000
00000000
00000000
00000000
00000000
00000000
00000000
00000000
00000000
00000000
00000000
00000000
00000000
00000000
00000000
00000000
00000000
00000000
00000000
00000000
00000000
00000000
00000000
00000000
00000000
00000000
00000000
00000000
00000000
00000000
00000000
00000000
00000000
00000000
00000000
00000000
00000000
00000000
00000000
00000000
00000000
00000000
00000000
00000000
00000000
00000000
00000000
00000000
00000000
00000000
00000000
00000000
00000000
00000000
00000000
00000000
00000000
00000000
00000000
00000000
00000000
00000000
00000000
00000000
00000000
00000000
00000000
00000000
00000000
00000000
00000000
00000000
00000000
00000000
00000000
00000000
00000000
00000000
00000000
00000000
00000000
00000000
00000000
00000000
00000000
00000000
00000000
00000000
00000000
00000000
00000000
00000000
00000000
00000000
00000000
00000000
00000000
00000000
00000000
00000000
00000000
00000000
00000000
00000000
00000000
00000000
00000000
00000000
00000000
00000000
00000000
00000000
00000000
00000000
00000000
00000000
00000000
00000000
00000000
00000000
00000000
00000000
00000000
00000000
00000000
00000000
00000000
00000000
00000000
00000000
00000000
00000000
00000000
00000000
00000000
00000000
00000000
00000000
00000000
00000000
00000000
00000000
00000000
00000000
00000000
00000000
00000000
00000000
00000000
00000000
00000000
00000000
00000000
00000000
00000000
00000000
00000000
00000000
00000000
00000000
00000000
00000000
00000000
00000000
00000000
00000000
00000000
00000000
00000000
00000000
00000000
00000000
00000000
00000000
00000000
00000000
00000000
00000000
00000000
00000000
00000000
00000000
00000000
00000000
00000000
00000000
00000000
00000000
00000000
00000000
00000000
00000000
00000000
00000000
00000000
00000000
00000000
00000000
00000000
00000000
00000000
00000000
00000000
00000000
00000000
00000000
00000000
00000000
00000000
00000000
00000000
00000000
00000000
00000000
00000000
00000000
00000000
00000000
00000000
00000000
00000000
00000000
00000000
00000000
00000000
00000000
00000000
00000000
00000000
00000000
00000000
00000000
00000000
00000000
00000000
00000000
00000000
00000000
00000000
00000000
00000000
00000000
00000000
00000000
00000000
00000000
00000000
00000000
00000000
00000000
00000000
00000000
00000000
00000000
00000000
00000000
00000000
00000000
00000000
00000000
00000000
00000000
00000000
00000000
00000000
00000000
00000000
00000000
00000000
00000000
00000000
00000000
00000000
00000000
00000000
00000000
00000000
00000000
00000000
00000000
00000000
00000000
00000000
00000000
00000000
00000000
00000000
00000000
00000000
00000000
00000000
00000000
00000000
00000000
00000000
00000000
00000000
00000000
00000000
00000000
00000000
00000000
00000000
00000000
00000000
00000000
00000000
00000000
00000000
00000000
00000000
00000000
00000000
00000000
00000000
00000000
00000000
00000000
00000000
00000000
00000000
00000000
00000000
00000000
00000000
00000000
00000000
00000000
00000000
00000000
00000000
00000000
00000000
00000000
00000000
00000000
00000000
00000000
00000000
00000000
00000000
00000000
00000000
00000000
00000000
00000000
00000000
00000000
00000000
00000000
00000000
00000000
00000000
00000000
00000000
00000000
00000000
00000000
00000000
00000000
00000000
00000000
00000000
00000000
00000000
00000000
00000000
00000000
00000000
00000000
00000000
00000000
00000000
00000000
00000000
00000000
00000000
00000000
00000000
00000000
00000000
00000000
00000000
00000000
00000000
00000000
00000000
00000000
00000000
00000000
00000000
00000000
00000000
00000000
00000000
00000000
00000000
00000000
00000000
00000000
00000000
00000000
00000000
00000000
00000000
00000000
00000000
00000000
00000000
00000000
00000000
00000000
00000000
00000000
00000000
00000000
00000000
00000000
00000000
00000000
00000000
00000000
00000000
00000000
00000000
00000000
00000000
00000000
00000000
00000000
00000000
00000000
00000000
00000000
00000000
00000000
00000000
00000000
00000000
00000000
00000000
00000000
00000000
00000000
00000000
00000000
00000000
00000000
00000000
00000000
00000000
00000000
00000000
00000000
00000000
00000000
00000000
00000000
00000000
00000000
00000000
00000000
00000000
00000000
00000000
00000000
00000000
00000000
00000000
00000000
00000000
00000000
00000000
00000000
00000000
00000000
00000000
00000000
00000000
00000000
00000000
00000000
00000000
00000000
00000000
00000000
00000000
00000000
00000000
00000000
00000000
00000000
00000000
00000000
00000000
00000000
00000000
00000000
00000000
00000000
00000000
00000000
00000000
00000000
00000000
00000000
00000000
00000000
00000000
00000000
00000000
00000000
00000000
00000000
00000000
00000000
00000000
00000000
00000000
00000000
00000000
00000000
00000000
00000000
00000000
00000000
00000000
00000000
00000000
00000000
00000000
00000000
00000000
00000000
00000000
00000000
00000000
00000000
00000000
00000000
00000000
00000000
00000000
00000000
00000000
00000000
00000000
00000000
00000000
00000000
00000000
00000000
00000000
00000000
00000000
00000000
00000000
00000000
00000000
00000000
00000000
00000000
00000000
00000000
00000000
00000000
00000000
00000000
00000000
00000000
00000000
00000000
00000000
00000000
00000000
00000000
00000000
00000000
00000000
00000000
00000000
00000000
00000000
00000000
00000000
00000000
00000000
00000000
00000000
00000000
00000000
00000000
00000000
00000000
00000000
00000000
00000000
00000000
00000000
00000000
00000000
00000000
00000000
00000000
00000000
00000000
00000000
00000000
00000000
00000000
00000000
00000000
00000000
00000000
00000000
00000000
00000000
00000000
00000000
00000000
00000000
00000000
00000000
00000000
00000000
00000000
00000000
00000000
00000000
00000000
00000000
00000000
00000000
00000000
00000000
00000000
00000000
00000000
00000000
00000000
00000000
00000000
00000000
00000000
00000000
00000000
00000000
00000000
00000000
00000000
00000000
00000000
00000000
00000000
00000000
00000000
00000000
00000000
00000000
00000000
00000000
00000000
00000000
00000000
00000000
00000000
00000000
00000000
00000000
00000000
00000000
00000000
00000000
00000000
00000000
00000000
00000000
00000000
00000000
00000000
00000000
00000000
00000000
00000000
00000000
00000000
00000000
00000000
00000000
00000000
00000000
00000000
00000000
00000000
00000000
00000000
00000000
00000000
00000000
00000000
00000000
00000000
00000000
00000000
00000000
00000000
00000000
00000000
00000000
00000000
00000000
00000000
00000000
00000000
00000000
00000000
00000000
00000000
00000000
00000000
00000000
00000000
00000000
00000000
00000000
00000000
00000000
00000000
00000000
00000000
00000000
00000000
00000000
00000000
00000000
00000000
00000000
00000000
00000000
00000000
00000000
00000000
00000000
00000000
00000000
00000000
00000000
00000000
00000000
00000000
00000000
00000000
00000000
00000000
00000000
00000000
00000000
00000000
00000000
00000000
00000000
00000000
00000000
00000000
00000000
00000000
00000000
00000000
00000000
00000000
00000000
00000000
00000000
00000000
00000000
00000000
00000000
00000000
00000000
00000000
00000000
00000000
00000000
00000000
00000000
00000000
00000000
00000000
00000000
00000000
00000000
00000000
00000000
00000000
00000000
00000000
00000000
00000000
00000000
00000000
00000000
00000000
00000000
00000000
00000000
00000000
00000000
00000000
00000000
00000000
00000000
00000000
00000000
00000000
00000000
00000000
00000000
00000000
00000000
00000000
00000000
00000000
00000000
00000000
00000000
00000000
00000000
00000000
00000000
00000000
00000000
00000000
00000000
00000000
00000000
00000000
00000000
00000000
00000000
00000000
00000000
00000000
00000000
00000000
00000000
00000000
00000000
00000000
00000000
00000000
00000000
00000000
00000000
00000000
00000000
00000000
00000000
00000000
00000000
00000000
00000000
00000000
00000000
00000000
00000000
00000000
00000000
00000000
00000000
00000000
00000000
00000000
00000000
00000000
00000000
00000000
00000000
00000000
00000000
00000000
00000000
00000000
00000000
00000000
00000000
00000000
00000000
00000000
00000000
00000000
00000000
00000000
00000000
00000000
00000000
00000000
00000000
00000000
00000000
00000000
00000000
00000000
00000000
00000000
00000000
00000000
00000000
00000000
00000000
00000000
00000000
00000000
00000000
00000000
00000000
00000000
00000000
00000000
00000000
00000000
00000000
00000000
00000000
00000000
00000000
00000000
00000000
00000000
00000000
00000000
00000000
00000000
00000000
00000000
00000000
00000000
00000000
00000000
00000000
00000000
00000000
00000000
00000000
00000000
00000000
00000000
00000000
00000000
00000000
00000000
00000000
00000000
00000000
00000000
00000000
00000000
00000000
00000000
00000000
00000000
00000000
00000000
00000000
00000000
00000000
00000000
00000000
00000000
00000000
00000000
00000000
00000000
00000000
00000000
00000000
00000000
00000000
00000000
00000000
00000000
00000000
00000000
00000000
00000000
00000000
00000000
00000000
00000000
00000000
00000000
00000000
00000000
00000000
00000000
00000000
00000000
00000000
00000000
00000000
00000000
00000000
00000000
00000000
00000000
00000000
00000000
00000000
00000000
00000000
00000000
00000000
00000000
00000000
00000000
00000000
00000000
00000000
00000000
00000000
00000000
00000000
00000000
00000000
00000000
00000000
00000000
00000000
00000000
00000000
00000000
00000000
00000000
00000000
00000000
00000000
00000000
00000000
00000000
00000000
00000000
00000000
00000000
00000000
00000000
00000000
00000000
00000000
00000000
00000000
00000000
00000000
00000000
00000000
00000000
00000000
00000000
00000000
00000000
00000000
00000000
00000000
00000000
00000000
00000000
00000000
00000000
00000000
00000000
00000000
00000000
00000000
00000000
00000000
00000000
00000000
00000000
00000000
00000000
00000000
00000000
00000000
00000000
00000000
00000000
00000000
00000000
00000000
00000000
00000000
00000000
00000000
00000000
00000000
00000000
00000000
00000000
00000000
00000000
00000000
00000000
00000000
00000000
00000000
00000000
00000000
00000000
00000000
00000000
00000000
00000000
00000000
00000000
00000000
00000000
00000000
00000000
00000000
00000000
00000000
00000000
00000000
00000000
00000000
00000000
00000000
00000000
00000000
00000000
00000000
00000000
00000000
00000000
00000000
00000000
00000000
00000000
00000000
00000000
00000000
00000000
00000000
00000000
00000000
00000000
00000000
00000000
00000000
00000000
00000000
00000000
00000000
00000000
00000000
00000000
00000000
00000000
00000000
00000000
00000000
00000000
00000000
00000000
00000000
00000000
00000000
00000000
00000000
00000000
00000000
00000000
00000000
00000000
00000000
00000000
00000000
00000000
00000000
00000000
00000000
00000000
00000000
00000000
00000000
00000000
00000000
00000000
00000000
00000000
00000000
00000000
00000000
00000000
00000000
00000000
00000000
00000000
00000000
00000000
00000000
00000000
00000000
00000000
00000000
00000000
00000000
00000000
00000000
00000000
00000000
00000000
00000000
00000000
00000000
00000000
00000000
00000000
00000000
00000000
00000000
00000000
00000000
00000000
00000000
00000000
00000000
00000000
00000000
00000000
00000000
00000000
00000000
00000000
00000000
00000000
00000000
00000000
00000000
00000000
00000000
00000000
00000000
00000000
00000000
00000000
00000000
00000000
00000000
00000000
00000000
00000000
00000000
00000000
00000000
00000000
00000000
00000000
00000000
00000000
00000000
00000000
00000000
00000000
00000000
00000000
00000000
00000000
00000000
00000000
00000000
00000000
00000000
00000000
00000000
00000000
00000000
00000000
00000000
00000000
00000000
00000000
00000000
00000000
00000000
00000000
00000000
00000000
00000000
00000000
00000000
00000000
00000000
00000000
00000000
00000000
00000000
00000000
00000000
00000000
00000000
00000000
00000000
00000000
00000000
00000000
00000000
00000000
00000000
00000000
00000000
00000000
00000000
00000000
00000000
00000000
00000000
00000000
00000000
00000000
00000000
00000000
00000000
00000000
00000000
00000000
00000000
00000000
00000000
00000000
00000000
00000000
00000000
00000000
00000000
00000000
00000000
00000000
00000000
00000000
00000000
00000000
00000000
00000000
00000000
00000000
00000000
00000000
00000000
00000000
00000000
00000000
00000000
00000000
00000000
00000000
00000000
00000000
00000000
00000000
00000000
00000000
00000000
00000000
00000000
00000000
00000000
00000000
00000000
00000000
00000000
00000000
00000000
00000000
00000000
00000000
00000000
00000000
00000000
00000000
00000000
00000000
00000000
00000000
00000000
00000000
00000000
00000000
00000000
00000000
00000000
00000000
00000000
00000000
00000000
00000000
00000000
00000000
00000000
00000000
00000000
00000000
00000000
00000000
00000000
00000000
00000000
00000000
00000000
00000000
00000000
00000000
00000000
00000000
00000000
00000000
00000000
00000000
00000000
00000000
00000000
00000000
00000000
00000000
00000000
00000000
00000000
00000000
00000000
00000000
00000000
00000000
00000000
00000000
00000000
00000000
00000000
00000000
00000000
00000000
00000000
00000000
00000000
00000000
00000000
00000000
00000000
00000000
00000000
00000000
00000000
00000000
00000000
00000000
00000000
00000000
00000000
00000000
00000000
00000000
00000000
00000000
00000000
00000000
00000000
00000000
00000000
00000000
00000000
00000000
00000000
00000000
00000000
00000000
00000000
00000000
00000000
00000000
00000000
00000000
00000000
00000000
00000000
00000000
00000000
00000000
00000000
00000000
00000000
00000000
00000000
00000000
00000000
00000000
00000000
00000000
00000000
00000000
00000000
00000000
00000000
00000000
00000000
00000000
00000000
00000000
00000000
00000000
00000000
00000000
00000000
00000000
00000000
00000000
00000000
00000000
00000000
00000000
00000000
00000000
00000000
00000000
00000000
00000000
00000000
00000000
00000000
00000000
00000000
00000000
00000000
00000000
00000000
00000000
00000000
00000000
00000000
00000000
00000000
00000000
00000000
00000000
00000000
00000000
00000000
00000000
00000000
00000000
00000000
00000000
00000000
00000000
00000000
00000000
00000000
00000000
00000000
00000000
00000000
00000000
00000000
00000000
00000000
00000000
00000000
00000000
00000000
00000000
00000000
00000000
00000000
00000000
00000000
00000000
00000000
00000000
00000000
00000000
00000000
00000000
00000000
00000000
00000000
00000000
00000000
00000000
00000000
00000000
00000000
00000000
00000000
00000000
00000000
00000000
00000000
00000000
00000000
00000000
00000000
00000000
00000000
00000000
00000000
00000000
00000000
00000000
00000000
00000000
00000000
00000000
00000000
00000000
00000000
00000000
00000000
00000000
00000000
00000000
00000000
00000000
00000000
00000000
00000000
00000000
00000000
00000000
00000000
00000000
00000000
00000000
00000000
00000000
00000000
00000000
00000000
00000000
00000000
00000000
00000000
00000000
00000000
00000000
00000000
00000000
00000000
00000000
00000000
00000000
00000000
00000000
00000000
00000000
00000000
00000000
00000000
00000000
00000000
00000000
00000000
00000000
00000000
00000000
00000000
00000000
00000000
00000000
00000000
00000000
00000000
00000000
00000000
00000000
00000000
00000000
00000000
00000000
00000000
00000000
00000000
00000000
00000000
00000000
00000000
00000000
00000000
00000000
00000000
00000000
00000000
00000000
00000000
00000000
00000000
00000000
00000000
00000000
00000000
00000000
00000000
00000000
00000000
00000000
00000000
00000000
00000000
00000000
00000000
00000000
00000000
00000000
00000000
00000000
00000000
00000000
00000000
00000000
00000000
00000000
00000000
00000000
00000000
00000000
00000000
00000000
00000000
00000000
00000000
00000000
00000000
00000000
00000000
00000000
00000000
00000000
00000000
00000000
00000000
00000000
00000000
00000000
00000000
00000000
00000000
00000000
00000000
00000000
00000000
00000000
00000000
00000000
00000000
00000000
00000000
00000000
00000000
00000000
00000000
00000000
00000000
00000000
00000000
00000000
00000000
00000000
00000000
00000000
00000000
00000000
00000000
00000000
00000000
00000000
00000000
00000000
00000000
00000000
00000000
00000000
00000000
00000000
00000000
00000000
00000000
00000000
00000000
00000000
00000000
00000000
00000000
00000000
00000000
00000000
00000000
00000000
00000000
00000000
00000000
00000000
00000000
00000000
00000000
00000000
00000000
00000000
00000000
00000000
00000000
00000000
00000000
00000000
00000000
00000000
00000000
00000000
00000000
00000000
00000000
00000000
00000000
00000000
00000000
00000000
00000000
00000000
00000000
00000000
00000000
00000000
00000000
00000000
00000000
00000000
00000000
00000000
00000000
00000000
00000000
00000000
00000000
00000000
00000000
00000000
00000000
00000000
00000000
00000000
00000000
00000000
00000000
00000000
00000000
00000000
00000000
00000000
00000000
00000000
00000000
00000000
00000000
00000000
00000000
00000000
00000000
00000000
00000000
00000000
00000000
00000000
00000000
00000000
00000000
00000000
00000000
00000000
00000000
00000000
00000000
00000000
00000000
00000000
00000000
00000000
00000000
00000000
00000000
00000000
00000000
00000000
00000000
00000000
00000000
00000000
00000000
00000000
00000000
00000000
00000000
00000000
00000000
00000000
00000000
00000000
00000000
00000000
00000000
00000000
00000000
00000000
00000000
00000000
00000000
00000000
00000000
00000000
00000000
00000000
00000000
00000000
00000000
00000000
00000000
00000000
00000000
00000000
00000000
00000000
00000000
00000000
00000000
00000000
00000000
00000000
00000000
00000000
00000000
00000000
00000000
00000000
00000000
00000000
00000000
00000000
00000000
00000000
00000000
00000000
00000000
00000000
00000000
00000000
00000000
00000000
00000000
00000000
00000000
00000000
00000000
00000000
00000000
00000000
00000000
00000000
00000000
00000000
00000000
00000000
00000000
00000000
00000000
00000000
00000000
00000000
00000000
00000000
00000000
00000000
00000000
00000000
00000000
00000000
00000000
00000000
00000000
00000000
00000000
00000000
00000000
00000000
00000000
00000000
00000000
00000000
00000000
00000000
00000000
00000000
00000000
00000000
00000000
00000000
00000000
00000000
00000000
00000000
00000000
00000000
00000000
00000000
00000000
00000000
00000000
00000000
00000000
00000000
00000000
00000000
00000000
00000000
00000000
00000000
00000000
00000000
00000000
00000000
00000000
00000000
00000000
00000000
00000000
00000000
00000000
00000000
00000000
00000000
00000000
00000000
00000000
00000000
00000000
00000000
00000000
00000000
00000000
00000000
00000000
00000000
00000000
00000000
00000000
00000000
00000000
00000000
00000000
00000000
00000000
00000000
00000000
00000000
00000000
00000000
00000000
00000000
00000000
00000000
00000000
00000000
00000000
00000000
00000000
00000000
00000000
00000000
00000000
00000000
00000000
00000000
00000000
00000000
00000000
00000000
00000000
00000000
00000000
00000000
00000000
00000000
00000000
00000000
00000000
00000000
00000000
00000000
00000000
00000000
00000000
00000000
00000000
00000000
00000000
00000000
00000000
00000000
00000000
00000000
00000000
00000000
00000000
00000000
00000000
00000000
00000000
00000000
00000000
00000000
00000000
00000000
00000000
00000000
00000000
00000000
00000000
00000000
00000000
00000000
00000000
00000000
00000000
00000000
00000000
00000000
00000000
00000000
00000000
00000000
00000000
00000000
00000000
00000000
00000000
00000000
00000000
00000000
00000000
00000000
00000000
00000000
00000000
00000000
00000000
00000000
00000000
00000000
00000000
00000000
00000000
00000000
00000000
00000000
00000000
00000000
00000000
00000000
00000000
00000000
00000000
00000000
00000000
00000000
00000000
00000000
00000000
00000000
00000000
00000000
00000000
00000000
00000000
00000000
00000000
00000000
00000000
00000000
00000000
00000000
00000000
00000000
00000000
00000000
00000000
00000000
00000000
00000000
00000000
00000000
00000000
00000000
00000000
00000000
00000000
00000000
00000000
00000000
00000000
00000000
00000000
00000000
00000000
00000000
00000000
00000000
00000000
00000000
00000000
00000000
00000000
00000000
00000000
00000000
00000000
00000000
00000000
00000000
00000000
00000000
00000000
00000000
00000000
00000000
00000000
00000000
00000000
00000000
00000000
00000000
00000000
00000000
00000000
00000000
00000000
00000000
00000000
00000000
00000000
00000000
00000000
00000000
00000000
00000000
00000000
00000000
00000000
00000000
00000000
00000000
00000000
00000000
00000000
00000000
00000000
00000000
00000000
00000000
00000000
00000000
00000000
00000000
00000000
00000000
00000000
00000000
00000000
00000000
00000000
00000000
00000000
00000000
00000000
00000000
00000000
00000000
00000000
00000000
00000000
00000000
00000000
00000000
00000000
00000000
00000000
00000000
00000000
00000000
00000000
00000000
00000000
00000000
00000000
00000000
00000000
00000000
00000000
00000000
00000000
00000000
00000000
00000000
00000000
00000000
00000000
00000000
00000000
00000000
00000000
00000000
00000000
00000000
00000000
00000000
00000000
00000000
00000000
00000000
00000000
00000000
00000000
00000000
00000000
00000000
00000000
00000000
00000000
00000000
00000000
00000000
00000000
00000000
00000000
00000000
00000000
00000000
00000000
00000000
00000000
00000000
00000000
00000000
00000000
00000000
00000000
00000000
00000000
00000000
00000000
00000000
00000000
00000000
00000000
00000000
00000000
00000000
00000000
00000000
00000000
00000000
00000000
00000000
00000000
00000000
00000000
00000000
00000000
00000000
00000000
00000000
00000000
00000000
00000000
00000000
00000000
00000000
00000000
00000000
00000000
00000000
00000000
00000000
00000000
00000000
00000000
00000000
00000000
00000000
00000000
00000000
00000000
00000000
00000000
00000000
00000000
00000000
00000000
00000000
00000000
00000000
00000000
00000000
00000000
00000000
00000000
00000000
00000000
00000000
00000000
00000000
00000000
00000000
00000000
00000000
00000000
00000000
00000000
00000000
00000000
00000000
00000000
00000000
00000000
00000000
00000000
00000000
00000000
00000000
00000000
00000000
00000000
00000000
00000000
00000000
00000000
00000000
00000000
00000000
00000000
00000000
00000000
00000000
00000000
00000000
00000000
00000000
00000000
00000000
00000000
00000000
00000000
00000000
00000000
00000000
00000000
00000000
00000000
00000000
00000000
00000000
00000000
00000000
00000000
00000000
00000000
00000000
00000000
00000000
00000000
00000000
00000000
00000000
00000000
00000000
00000000
00000000
00000000
00000000
00000000
00000000
00000000
00000000
00000000
00000000
00000000
00000000
00000000
00000000
00000000
00000000
00000000
00000000
00000000
00000000
00000000
00000000
00000000
00000000
00000000
00000000
00000000
00000000
00000000
00000000
00000000
00000000
00000000
00000000
00000000
00000000
00000000
00000000
00000000
00000000
00000000
00000000
00000000
00000000
00000000
00000000
00000000
00000000
00000000
00000000
00000000
00000000
00000000
00000000
00000000
00000000
00000000
00000000
00000000
00000000
00000000
00000000
00000000
00000000
00000000
00000000
00000000
00000000
00000000
00000000
00000000
00000000
00000000
00000000
00000000
00000000
00000000
00000000
00000000
00000000
00000000
00000000
00000000
00000000
00000000
00000000
00000000
00000000
00000000
00000000
00000000
00000000
00000000
00000000
00000000
00000000
00000000
00000000
00000000
00000000
00000000
00000000
00000000
00000000
00000000
00000000
00000000
00000000
00000000
00000000
00000000
00000000
00000000
00000000
00000000
00000000
00000000
00000000
00000000
00000000
00000000
00000000
00000000
00000000
00000000
157f5fe4
02810084
157f5fe5
0280c0a5
157f5fe6
028080c6
157f5ff8
02814318
1400000d
028009ad
1400000e
028005ce
1400020f
02bffdef
1400001a
2980008d
298000ae
298000cf
2980031a
14000017
54379000
54019c00
54428000
54019400
54498800
54018c00
54567800
54018400
5457f000
54017c00
5458a800
54017400
545ae000
54016c00
54603800
54016400
54649000
54015c00
54066000
54015400
540c9800
54014c00
540f5000
54014400
54125000
54013c00
5413d000
54013400
5416a800
54012c00
54188000
54012400
542c2000
54011c00
5430e800
54011400
5433a000
54010c00
54386000
54010400
543ac800
5400fc00
543bb800
5400f400
543c6000
5400ec00
543d2000
5400e400
543dc800
5400dc00
543e7000
5400d400
543f1800
5400cc00
54401000
5400c400
5440e800
5400bc00
54430000
5400b400
54450000
5400ac00
5446e800
5400a400
544a0800
54009c00
544bb800
54009400
544d1000
54008c00
544e6800
54008400
54500000
54007c00
54519800
54007400
54537800
54006c00
14000017
028052f7
58003afa
157f5fe4
02808084
157f5fe5
028100a5
157f5fe6
0280c0c6
1400000d
028009ad
29800080
298000ad
298000cd
03800404
50002800
1400000d
028005ad
157f5fe4
02810084
157f5fe5
0280c0a5
2980008d
298000ad
00150004
56ff17ff
157f5fec
0282418c
1400016d
02aaa9ad
2880018e
0015b5ce
0040a5cf
028005ef
02bffdef
2880018e
0015b5ce
0040a5ce
0012b9f0
5c000a00
028001cf
5fffe5e0
4c000020
00000000
04000420
04001820
04003020
1438010c
0400302c
4c000020
04000420
04001820
04003020
04001c20
0400c020
0400c420
0400c820
0400cc20
04010420
1438010c
0400302c
4c000020
04000420
04001820
04003020
04001c20
0400c020
0400c420
0400c820
0400cc20
04010420
04004020
04004420
04004820
04004c20
04006020
04022020
0015000c
03800c0d
040001ac
04060020
04060420
4c000020
03400000
04000420
04001820
04003020
04001c20
0400c020
0400c420
0400c820
0400cc20
04010420
04004020
04004420
04004820
04004c20
04006020
04022020
0380200c
0380600d
040001ac
04060020
04060420
4c000020
03400000
1418000c
1400020e
1400004f
00103dcd
0382a80e
0400602e
14006950
03ac0210
1401ff51
03ac0231
0280018e
028001af
0400402e
0400442f
04004830
04004c31
06483000
0280058c
14000051
001045ad
14006b50
03ac0210
14020151
03ac0231
0280018e
028001af
0400402e
0400442f
04004830
04004c31
06483000
0280058c
14000051
001045ad
14006d50
03ac0210
14020351
03ac0231
0280018e
028001af
0400402e
0400442f
04004830
04004c31
06483000
0280058c
14000051
001045ad
14006f50
03ac0210
14020551
03ac0231
0280018e
028001af
0400402e
0400442f
04004830
04004c31
06483000
0280058c
14000051
001045ad
0382ac0e
0400602e
14007150
03ac0210
14020751
03ac0231
0280018e
028001af
0400402e
0400442f
04004830
04004c31
06483000
0280058c
14000051
001045ad
14007350
03ac0210
14020951
03ac0231
0280018e
028001af
0400402e
0400442f
04004830
04004c31
06483000
0280058c
14000051
001045ad
14007550
03ac0210
1401ff51
03ac0231
0280018e
028001af
0400402e
0400442f
04004830
04004c31
06483000
0280058c
14000051
001045ad
14026950
03ac0210
1403ff51
03ac0231
0280018e
028001af
0400402e
0400442f
04004830
04004c31
06483000
0280058c
14000051
001045ad
0382b00e
0400602e
141c6950
03ac0210
141dff51
03ac0231
0280018e
028001af
0400402e
0400442f
04004830
04004c31
06483000
0280058c
14000051
001045ad
141e6950
03ac0210
141fff51
03ac0231
0280018e
028001af
0400402e
0400442f
04004830
04004c31
06483000
0280058c
14000051
001045ad
14069570
03840210
141ff571
03840231
0280018e
028001af
0400402e
0400442f
04004830
04004c31
06483000
0280058c
14000051
001045ad
14069570
03880210
141ff571
03880231
0280018e
028001af
0400402e
0400442f
04004830
04004c31
06483000
0280058c
14000051
001045ad
0382b40e
0400602e
14069570
03a50210
141ff571
03a50231
0280018e
028001af
0400402e
0400442f
04004830
04004c31
06483000
0280058c
14000051
001045ad
14069570
03a90210
141ff571
03a90231
0280018e
028001af
0400402e
0400442f
04004830
04004c31
06483000
0280058c
14000051
001045ad
14069570
039d0210
141ff571
039d0231
0280018e
028001af
0400402e
0400442f
04004830
04004c31
06483000
0280058c
14000051
001045ad
14069570
03a10210
141ff571
03a10231
0280018e
028001af
0400402e
0400442f
04004830
04004c31
06483000
0280058c
14000051
001045ad
04004420
04004820
04004c20
04004020
4c000020
03400000
028006f7
00150019
155b398c
0280398c
14716fed
02b091ad
1484802b
028f456b
0014358a
5c060d4b
14cd1acc
02b6c18c
154128cd
02afc1ad
1432c54b
02803d6b
0014358a
5c05ed4b
14db062c
02be418c
14cd662d
029181ad
152099cb
02803d6b
0014358a
5c05cd4b
15a7916c
02b4298c
15e9110d
02af8dad
14106e0b
0280516b
0014358a
5c05ad4b
1501d78c
02beb18c
15303d6d
0283a9ad
14ce008b
0280456b
0014358a
5c058d4b
159fe4cc
02bfb98c
14f09dad
029c1dad
1400024b
0280416b
0014358a
5c056d4b
1598414c
0298118c
1586e9cd
029c71ad
1461164b
02a38d6b
0014358a
5c054d4b
15f8974c
029c218c
1404ce6d
02b871ad
140320ab
02838d6b
0014358a
5c052d4b
15ef310c
0297418c
148c8dad
029109ad
1410426b
02a8b56b
0014358a
5c050d4b
14d32dac
028dc18c
14ff7f0d
02a801ad
1500800b
02923d6b
0014358a
5c04ed4b
15f8534c
02a6d58c
1453e28d
029641ad
14040c4b
0289296b
0014358a
5c04cd4b
15e8ac0c
02ac818c
159865ad
0298a1ad
1407100b
02835d6b
0014358a
5c04ad4b
1476ae6c
02b79d8c
1549560d
02b9f9ad
1480000b
0280016b
0014358a
5c048d4b
151c3aac
02ae018c
156992ad
0296c1ad
1482454b
02813d6b
0014358a
5c046d4b
141025ec
0283c18c
14decded
02af81ad
1521120b
02903d6b
0014358a
5c044d4b
156b67ac
02be318c
14b8920d
02a9a1ad
1404080b
02804d6b
0014358a
5c042d4b
1507df0c
029f998c
1492f36d
028bedad
146800ab
02a0016b
0014358a
5c040d4b
15e7526c
0286c18c
141c218d
028739ad
14008c2b
02b8056b
0014358a
5c03ed4b
1544938c
029a518c
14c5a72d
02b731ad
143a486b
02808d6b
0014358a
5c03cd4b
14e9c48c
02a1a98c
143b7ded
02b801ad
1504020b
0286556b
0014358a
5c03ad4b
14b1eb6c
02b6818c
14a63d8d
02ae01ad
1548008b
02817d6b
0014358a
5c038d4b
1556bd2c
02b6c18c
1529c4cd
02a8a1ad
1480024b
02811d6b
0014358a
5c036d4b
15b08b6c
02bdc98c
154efbad
02bec1ad
1401042b
0280356b
0014358a
5c034d4b
14b6156c
0296298c
1428370d
029661ad
1541c8ab
02a9956b
0014358a
5c032d4b
155fa60c
02b81d8c
1543f94d
028b51ad
14a0020b
0284a16b
0014358a
5c030d4b
14b1d1ac
02a6a18c
1543a00d
029dc1ad
140c0e6b
02801d6b
0014358a
5c02ed4b
15174f8c
02a2718c
15c5908d
02bf01ad
1428208b
02808d6b
0014358a
5c02cd4b
1418b2ec
02a9c98c
1596684d
02a1f9ad
1461050b
0296056b
0014358a
5c02ad4b
15e77b8c
02bbad8c
14899c8d
0289d9ad
1410000b
0284016b
0014358a
5c028d4b
15f4bacc
0285698c
149fe38d
029029ad
1400044b
02aa956b
0014358a
5c026d4b
147da5ec
02b8018c
14a7b50d
0281bdad
15004a2b
0286416b
0014358a
5c024d4b
154a4e0c
029c298c
141bfa8d
02b8adad
14a4018b
0283516b
0014358a
5c022d4b
140efbac
02ae818c
1473174d
0288f1ad
1580002b
02910d6b
0014358a
5c020d4b
157f45ec
02a4a18c
14b75f8d
029781ad
1400a02b
02885d6b
0014358a
5c01ed4b
14fa12ec
02a5e18c
14be6e4d
028601ad
1501812b
02981d6b
0014358a
5c01cd4b
15cfa22c
02aac98c
157915cd
02ae81ad
1400484b
0291356b
0014358a
5c01ad4b
157354ec
0285cd8c
14b47ded
02ac55ad
1408820b
0292216b
0014358a
5c018d4b
15b98f8c
02aa818c
14b68f0d
029061ad
1440708b
02851d6b
0014358a
5c016d4b
15f0318c
02bce18c
15a5dc2d
02a8b1ad
140a028b
02830d6b
0014358a
5c014d4b
1461d4ac
02bd218c
14ed2bed
02b939ad
1512002b
0282c56b
0014358a
5c012d4b
15188acc
0299018c
15358f8d
029f91ad
14c2704b
02a06d6b
0014358a
5c010d4b
15f85bac
02a6f98c
14ff118d
02b44dad
1400a40b
0289016b
0014358a
5c00ed4b
14d3674c
02ace18c
1454088d
02bc81ad
1528908b
02831d6b
0014358a
5c00cd4b
150371cc
028db18c
15dea04d
028e81ad
14200e4b
02b04d6b
0014358a
5c00ad4b
1422b46c
028c798c
15368e0d
029df9ad
14c941ab
02a2056b
0014358a
5c008d4b
14b26c8c
02b2f18c
15b82d0d
02ae61ad
1445930b
02810d6b
0014358a
5c006d4b
14e14f2c
02821d8c
14bff46d
02ac9dad
1500008b
0291616b
0014358a
5c004d4b
140977ec
0299758c
1547454d
02b589ad
14b0880b
0282016b
0014358a
5c002d4b
15861a0c
02bd218c
15f0862d
02b311ad
1409600b
0280cd6b
0014358a
5c000d4b
5c000b20
0280075a
0040e2ed
001569ac
2980030c
4c000020
028006f7
00150019
148f32ac
02b9798c
151e654b
02b2f16b
0040858a
5c02954b
1490558c
0295e18c
14ab15eb
0280016b
0040a58a
5c027d4b
14e8322c
02a4698c
159091ab
0280016b
0040ad8a
5c02654b
1574cb6c
02b5c98c
15a65aeb
02ae416b
00408d8a
5c024d4b
14a14bec
029e018c
1500000b
0280016b
0040e18a
5c02354b
14e71a6c
02a1c58c
1528710b
0280016b
0040bd8a
5c021d4b
14aadf6c
02bc018c
155e000b
0280016b
0040c18a
5c02054b
14600a6c
0297598c
140a6bab
0298016b
0040a18a
5c01ed4b
15ef7aac
02a3998c
15ef7aab
02a3996b
0040818a
5c01d54b
1455142c
0285018c
1455142b
0285016b
0040818a
5c01bd4b
14e7210c
0291618c
14e7210b
0291616b
0040818a
5c01a54b
15a8e12c
028d418c
15a8e12b
028d416b
0040818a
5c018d4b
14bacfec
02ba018c
14bacfeb
02ba016b
0040818a
5c01754b
1472544c
0292818c
1472544b
0292816b
0040818a
5c015d4b
142bfecc
02bb658c
142bfecb
02bb656b
0040818a
5c01454b
147c3fac
0288658c
147c3fab
0288656b
0040818a
5c012d4b
1536f34c
028ba18c
1536f34b
028ba16b
0040818a
5c01154b
1437292c
0298b18c
1437292b
0298b16b
0040818a
5c00fd4b
15550b2c
0291198c
15550b2b
0291196b
0040818a
5c00e54b
14067d2c
02b9d18c
14067d2b
02b9d16b
0040818a
5c00cd4b
149095cc
028af18c
149095cb
028af16b
0040818a
5c00b54b
158e034c
02b7818c
158e034b
02b7816b
0040818a
5c009d4b
15254c6c
0293798c
15254c6b
0293796b
0040818a
5c00854b
1449204c
02a3758c
1449204b
02a3756b
0040818a
5c006d4b
1469a58c
02af118c
1469a58b
02af116b
0040818a
5c00554b
145ec48c
029c318c
145ec48b
029c316b
0040818a
5c003d4b
14fbd28c
02bff98c
14fbd28b
02bff96b
0040818a
5c00254b
1400000c
0280018c
1400000b
0280016b
0040818a
5c000d4b
5c000b20
0280075a
0040e2ed
001569ac
2980030c
4c000020
028006f7
00150019
151d200c
02b3818c
1447480b
02bce16b
0044898a
5c02dd4b
1492522c
0288c18c
1400012b
0289496b
0044bd8a
5c02c54b
144bb4ec
02a2818c
1404bb4b
029a296b
0044918a
5c02ad4b
157e824c
02a3c18c
1400000b
028bf56b
0044d98a
5c02954b
15090c2c
02bbb18c
1400084b
0290c16b
0044b58a
5c027d4b
152a2e6c
0286618c
1400254b
028b996b
0044ad8a
5c02654b
15c3ae8c
02a8818c
1400388b
02ab9d6b
0044ad8a
5c024d4b
1461316c
028a5d8c
1461316b
028a5d6b
0044818a
5c02354b
1508084c
02a3ad8c
1508084b
02a3ad6b
0044818a
5c021d4b
1531140c
02b7418c
1531140b
02b7416b
0044818a
5c02054b
15d6cc4c
0295598c
15d6cc4b
0295596b
0044818a
5c01ed4b
15b25bac
0284398c
15b25bab
0284396b
0044818a
5c01d54b
15d6c48c
0282d18c
15d6c48b
0282d16b
0044818a
5c01bd4b
14f26d2c
02b1518c
14f26d2b
02b1516b
0044818a
5c01a54b
15fb552c
02a5018c
15fb552b
02a5016b
0044818a
5c018d4b
15e7d32c
0284418c
15e7d32b
0284416b
0044818a
5c01754b
140a4c2c
02b3a18c
140a4c2b
02b3a16b
0044818a
5c015d4b
153a7f0c
02b3b98c
153a7f0b
02b3b96b
0044818a
5c01454b
155cbf6c
0299618c
155cbf6b
0299616b
0044818a
5c012d4b
1462cc8c
02a3a18c
1462cc8b
02a3a16b
0044818a
5c01154b
14a4a36c
0287818c
14a4a36b
0287816b
0044818a
5c00fd4b
154394ec
02a6818c
154394eb
02a6816b
0044818a
5c00e54b
140410ec
02be618c
140410eb
02be616b
0044818a
5c00cd4b
1400000c
0280018c
1400000b
0280016b
0044c18a
5c00b54b
1400000c
0280018c
1400000b
0280016b
0044e18a
5c009d4b
1400000c
0280018c
1400000b
0280016b
0044a58a
5c00854b
1400000c
0280018c
1400000b
0280016b
0044e98a
5c006d4b
1400000c
0280018c
1400000b
0280016b
0044f18a
5c00554b
1400000c
0280018c
1400000b
0280016b
0044e18a
5c003d4b
1400000c
0280018c
1400000b
0280016b
0044918a
5c00254b
1400000c
0280018c
1400000b
0280016b
0044818a
5c000d4b
5c000b20
0280075a
0040e2ed
001569ac
2980030c
4c000020
028006f7
00150019
14fc010c
028fc18c
14007e0b
0281056b
0048a58a
5c015d4b
1427cd0c
0283018c
1400000b
02804d6b
0048e18a
5c01454b
14dae72c
02a3b18c
140000eb
02b5cd6b
0048c18a
5c012d4b
15809e0c
02b3318c
15ffff8b
0281396b
0048c18a
5c01154b
15ad8cec
0288018c
1400000b
02b5b16b
0048d18a
5c00fd4b
146cdd4c
0283f98c
1400000b
0280016b
0048f98a
5c00e54b
1400000c
0280018c
1400000b
0280016b
0048d98a
5c00cd4b
1400000c
0280018c
1400000b
0280016b
0048d18a
5c00b54b
1400000c
0280018c
1400000b
0280016b
0048bd8a
5c009d4b
1400000c
0280018c
1400000b
0280016b
0048d58a
5c00854b
1400000c
0280018c
1400000b
0280016b
0048e98a
5c006d4b
1400000c
0280018c
1400000b
0280016b
0048858a
5c00554b
1400000c
0280018c
1400000b
0280016b
0048a58a
5c003d4b
1400000c
0280018c
1400000b
0280016b
0048d98a
5c00254b
1400000c
0280018c
1400000b
0280016b
0048818a
5c000d4b
5c000b20
0280075a
0040e2ed
001569ac
2980030c
4c000020
028006f7
00150019
1590458d
029fa1ad
14001a6c
0293018c
1590458b
029fa16b
299aa18d
02801184
02bfe185
299aa084
299aa0a5
289aa18a
289aa086
289aa0a4
289aa0a6
5c028d4b
14e2e70d
02b041ad
14001bec
0299818c
14e2e70b
02b0416b
2983918d
02801184
02bfe185
29839084
298390a5
2883918a
28839086
288390a4
288390a6
5c024d4b
1406d04d
029081ad
14001a4c
0293918c
1406d04b
0290816b
2986018d
02801184
02bfe185
29860084
298600a5
2886018a
28860086
288600a4
288600a6
5c020d4b
14deb3ed
02974dad
14001b6c
02af718c
14deb3eb
02974d6b
2982c18d
02801184
02bfe185
2982c084
2982c0a5
2882c18a
2882c086
2882c0a4
2882c0a6
5c01cd4b
14adb20d
029a59ad
14001a6c
02a2d18c
14adb20b
029a596b
2987d18d
02801184
02bfe185
2987d084
2987d0a5
2887d18a
2887d086
2887d0a4
2887d0a6
5c018d4b
15db4a4d
028121ad
14001aac
02baa18c
15db4a4b
0281216b
298ac18d
02801184
02bfe185
298ac084
298ac0a5
288ac18a
288ac086
288ac0a4
288ac0a6
5c014d4b
14707d2d
02a5c1ad
14001b2c
02ab918c
14707d2b
02a5c16b
299a218d
02801184
02bfe185
299a2084
299a20a5
289a218a
289a2086
289a20a4
289a20a6
5c010d4b
1451922d
02ab29ad
14001a8c
02a1018c
1451922b
02ab296b
29ad618d
02801184
02bfe185
29ad6084
29ad60a5
28ad618a
28ad6086
28ad60a4
28ad60a6
5c00cd4b
14a9594d
028461ad
14001a0c
029b018c
14a9594b
0284616b
29ab918d
02801184
02bfe185
29ab9084
29ab90a5
28ab918a
28ab9086
28ab90a4
28ab90a6
5c008d4b
15213c6d
029349ad
14001a6c
029f018c
15213c6b
0293496b
29ab318d
02801184
02bfe185
29ab3084
29ab30a5
28ab318a
28ab3086
28ab30a4
28ab30a6
5c004d4b
1589640d
02bac1ad
14001a2c
02b3e18c
1589640b
02bac16b
2986218d
02801184
02bfe185
29862084
298620a5
2886218a
28862086
288620a4
288620a6
5c000d4b
5c000b20
0280075a
0040e2ed
001569ac
2980030c
4c000020
028006f7
00150019
14c2ea8d
02910dad
14001aec
029e818c
14c2ea8b
02910d6b
299c518d
02801184
02bff185
299c5084
299c50a5
289c518a
289c5086
289c50a4
289c50a6
5c018d4b
14b89f6d
029169ad
14001aac
02aab18c
14b89f6b
0291696b
299db18d
02801184
02bff185
299db084
299db0a5
289db18a
289db086
289db0a4
289db0a6
5c014d4b
1429210d
028c01ad
14001aac
02aba18c
1429210b
028c016b
2997618d
02801184
02bff185
29976084
299760a5
2897618a
28976086
289760a4
289760a6
5c010d4b
14a2db4d
029ce5ad
14001acc
0283318c
14a2db4b
029ce56b
29a1418d
02801184
02bff185
29a14084
29a140a5
28a1418a
28a14086
28a140a4
28a140a6
5c00cd4b
150acecd
02a8d1ad
14001aac
0294418c
150acecb
02a8d16b
298ec18d
02801184
02bff185
298ec084
298ec0a5
288ec18a
288ec086
288ec0a4
288ec0a6
5c008d4b
141c9b6d
02b261ad
14001b6c
0281018c
141c9b6b
02b2616b
2990018d
02801184
02bff185
29900084
299000a5
2890018a
28900086
289000a4
289000a6
5c004d4b
15b38ded
02b76dad
14001aec
0286018c
15b38deb
02b76d6b
298b818d
02801184
02bff185
298b8084
298b80a5
288b818a
288b8086
288b80a4
288b80a6
5c000d4b
5c000b20
0280075a
0040e2ed
001569ac
2980030c
4c000020
028006f7
00150019
141f62f0
02aa0210
15be44d1
02b77231
1400000a
1400000b
50001400
141f62ea
02aa014a
580021ac
50002400
14a5232c
0281e18c
15028d0d
029001ad
5bffe18d
50000c00
15be44cb
02b7716b
1400001c
0280039c
1400001d
028003bd
5c13355c
5c13317d
145fb590
029e4210
15c94411
028b4e31
1400000a
1400000b
50001400
145fb58a
029e414a
580021ac
50002400
1521b62c
0293618c
155034ed
029001ad
5bffe18d
50000c00
15c9440b
028b4d6b
1400001c
0280039c
1400001d
028003bd
5c12d15c
5c12cd7d
158c9590
028d1210
15871dd1
02a68231
1400000a
1400000b
50001400
158c958a
028d114a
580021ac
50002400
157943ec
02baa18c
1549584d
0292b9ad
5bffe18d
50000c00
15871dcb
02a6816b
1400001c
0280039c
1400001d
028003bd
5c126d5c
5c12697d
15b95190
02ab8210
1442c951
02b68231
1400000a
1400000b
50001400
15b9518a
02ab814a
580021ac
50002400
15ae54ac
0291718c
15ae54ad
029171ad
5bffe18d
50000c00
1442c94b
02b6816b
15b9519c
02ab839c
1442c95d
02b683bd
5c12095c
5c12057d
155c2250
02b30210
14336471
02b06231
1400000a
1400000b
50001400
155c224a
02b3014a
580021ac
50002400
14cbcf6c
02a3458c
14cbcf6d
02a345ad
5bffe18d
50000c00
1433646b
02b0616b
155c225c
02b3039c
1433647d
02b063bd
5c11a55c
5c11a17d
157a44d0
02b9a210
14e601b1
02bdf631
1400000a
1400000b
50001400
157a44ca
02b9a14a
580021ac
50002400
1497f38c
0290018c
1497f38d
029001ad
5bffe18d
50000c00
14e601ab
02bdf56b
157a44dc
02b9a39c
14e601bd
02bdf7bd
5c11415c
5c113d7d
15237350
029ad210
15c71091
029f0231
1400000a
1400000b
50001400
1523734a
029ad14a
580021ac
50002400
158124ec
0282498c
158124ed
028249ad
5bffe18d
50000c00
15c7108b
029f016b
1523735c
029ad39c
15c7109d
029f03bd
5c10dd5c
5c10d97d
14364b30
02b04210
15929211
02b33231
1400000a
1400000b
50001400
14364b2a
02b0414a
580021ac
50002400
149d504c
02a5e98c
149d504d
02a5e9ad
5bffe18d
50000c00
1592920b
02b3316b
14364b3c
02b0439c
1592921d
02b333bd
5c10795c
5c10757d
142cd450
02ab8210
1420f5f1
0292d231
1400000a
1400000b
50001400
142cd44a
02ab814a
580021ac
50002400
14c5f6ac
02aa018c
14c5f6ad
02aa01ad
5bffe18d
50000c00
1420f5eb
0292d16b
142cd45c
02ab839c
1420f5fd
0292d3bd
5c10155c
5c10117d
15627af0
02b21210
148c9651
0288e231
1400000a
1400000b
50001400
15627aea
02b2114a
580021ac
50002400
14ad408c
0288d18c
14ad408d
0288d1ad
5bffe18d
50000c00
148c964b
0288e16b
15627afc
02b2139c
148c965d
0288e3bd
5c0fb15c
5c0fad7d
15c6e010
02964a10
1549de11
02943a31
1400000a
1400000b
50001400
15c6e00a
0296494a
580021ac
50002400
15a3922c
0282118c
15a3922d
028211ad
5bffe18d
50000c00
1549de0b
0294396b
15c6e01c
02964b9c
1549de1d
02943bbd
5c0f4d5c
5c0f497d
15cefe90
02b7c210
15250bf1
0286d231
1400000a
1400000b
50001400
15cefe8a
02b7c14a
580021ac
50002400
1528448c
02bc918c
1528448d
02bc91ad
5bffe18d
50000c00
15250beb
0286d16b
15cefe9c
02b7c39c
15250bfd
0286d3bd
5c0ee95c
5c0ee57d
14181130
0298c210
14e43491
02a04231
1400000a
1400000b
50001400
1418112a
0298c14a
580021ac
50002400
142770cc
02b3018c
142770cd
02b301ad
5bffe18d
50000c00
14e4348b
02a0416b
1418113c
0298c39c
14e4349d
02a043bd
5c0e855c
5c0e817d
154a6ff0
02a02e10
14a7ab31
0291fa31
1400000a
1400000b
50001400
154a6fea
02a02d4a
580021ac
50002400
15883b8c
02bd918c
15883b8d
02bd91ad
5bffe18d
50000c00
14a7ab2b
0291f96b
154a6ffc
02a02f9c
14a7ab3d
0291fbbd
5c0e215c
5c0e1d7d
14b66630
02ab9610
145a4af1
029afa31
1400000a
1400000b
50001400
14b6662a
02ab954a
580021ac
50002400
14c15ecc
0282018c
14c15ecd
028201ad
5bffe18d
50000c00
145a4aeb
029af96b
14b6663c
02ab979c
145a4afd
029afbbd
5c0dbd5c
5c0db97d
1478a590
028d3210
14c42d31
02971e31
1400000a
1400000b
50001400
1478a58a
028d314a
580021ac
50002400
150a83ac
02b4018c
150a83ad
02b401ad
5bffe18d
50000c00
14c42d2b
02971d6b
1478a59c
028d339c
14c42d3d
02971fbd
5c0d595c
5c0d557d
143f9d30
02890210
15152b11
02920231
1400000a
1400000b
50001400
143f9d2a
0289014a
580021ac
50002400
1412fe6c
02aa618c
1412fe6d
02aa61ad
5bffe18d
50000c00
15152b0b
0292016b
143f9d3c
0289039c
15152b1d
029203bd
5c0cf55c
5c0cf17d
15179e10
02b62a10
150b87d1
0298ca31
1400000a
1400000b
50001400
15179e0a
02b6294a
580021ac
50002400
153064cc
02bda18c
153064cd
02bda1ad
5bffe18d
50000c00
150b87cb
0298c96b
15179e1c
02b62b9c
150b87dd
0298cbbd
5c0c915c
5c0c8d7d
150529d0
02950210
14f16091
02878231
1400000a
1400000b
50001400
150529ca
0295014a
580021ac
50002400
153532cc
0284d18c
153532cd
0284d1ad
5bffe18d
50000c00
14f1608b
0287816b
150529dc
0295039c
14f1609d
028783bd
5c0c2d5c
5c0c297d
154792f0
02ab3210
140f22f1
02ba9a31
1400000a
1400000b
50001400
154792ea
02ab314a
580021ac
50002400
15df61cc
02b5f18c
15df61cd
02b5f1ad
5bffe18d
50000c00
140f22eb
02ba996b
154792fc
02ab339c
140f22fd
02ba9bbd
5c0bc95c
5c0bc57d
140325d0
02b40610
14955571
02b68231
1400000a
1400000b
50001400
140325ca
02b4054a
580021ac
50002400
1550efec
02a8618c
1550efed
02a861ad
5bffe18d
50000c00
1495556b
02b6816b
140325dc
02b4079c
1495557d
02b683bd
5c0b655c
5c0b617d
14daa550
02a54210
14446e31
02ba6231
1400000a
1400000b
50001400
14daa54a
02a5414a
580021ac
50002400
1446b6ac
02b0458c
1446b6ad
02b045ad
5bffe18d
50000c00
14446e2b
02ba616b
14daa55c
02a5439c
14446e3d
02ba63bd
5c0b015c
5c0afd7d
1435c8b0
029d8210
14953cd1
02ab3a31
1400000a
1400000b
50001400
1435c8aa
029d814a
580021ac
50002400
15f62eec
0299618c
15f62eed
029961ad
5bffe18d
50000c00
14953ccb
02ab396b
1435c8bc
029d839c
14953cdd
02ab3bbd
5c0a9d5c
5c0a997d
142be150
029e8210
155d5db1
02b3b231
1400000a
1400000b
50001400
142be14a
029e814a
580021ac
50002400
151fae2c
02a1018c
151fae2d
02a101ad
5bffe18d
50000c00
155d5dab
02b3b16b
142be15c
029e839c
155d5dbd
02b3b3bd
5c0a395c
5c0a357d
15e2ed10
0281fa10
14b5d251
02bdf231
1400000a
1400000b
50001400
15e2ed0a
0281f94a
580021ac
50002400
15bf352c
02a9698c
15bf352d
02a969ad
5bffe18d
50000c00
14b5d24b
02bdf16b
15e2ed1c
0281fb9c
14b5d25d
02bdf3bd
5c09d55c
5c09d17d
15982d50
02a1a610
1538e591
02b65a31
1400000a
1400000b
50001400
15982d4a
02a1a54a
580021ac
50002400
159b8ccc
0295f18c
159b8ccd
0295f1ad
5bffe18d
50000c00
1538e58b
02b6596b
15982d5c
02a1a79c
1538e59d
02b65bbd
5c09715c
5c096d7d
14fa00b0
028a1210
15a3d2b1
02803231
1400000a
1400000b
50001400
14fa00aa
028a114a
580021ac
50002400
15e2df2c
02ab118c
15e2df2d
02ab11ad
5bffe18d
50000c00
15a3d2ab
0280316b
14fa00bc
028a139c
15a3d2bd
028033bd
5c090d5c
5c09097d
1499f430
02bb6a10
146984f1
028e4231
1400000a
1400000b
50001400
1499f42a
02bb694a
580021ac
50002400
1449870c
02b9e18c
1449870d
02b9e1ad
5bffe18d
50000c00
146984eb
028e416b
1499f43c
02bb6b9c
146984fd
028e43bd
5c08a95c
5c08a57d
148a1d10
02b03210
14c73a31
02bbe231
1400000a
1400000b
50001400
148a1d0a
02b0314a
580021ac
50002400
1556700c
02b7b18c
1556700d
02b7b1ad
5bffe18d
50000c00
14c73a2b
02bbe16b
148a1d1c
02b0339c
14c73a3d
02bbe3bd
5c08455c
5c08417d
14b64d50
02bde210
15812a71
02aa0231
1400000a
1400000b
50001400
14b64d4a
02bde14a
580021ac
50002400
1446b08c
028f018c
1446b08d
028f01ad
5bffe18d
50000c00
15812a6b
02aa016b
14b64d5c
02bde39c
15812a7d
02aa03bd
5c07e15c
5c07dd7d
148e8190
02adfa10
153d5031
02b14231
1400000a
1400000b
50001400
148e818a
02adf94a
580021ac
50002400
143febac
0291798c
143febad
029179ad
5bffe18d
50000c00
153d502b
02b1416b
148e819c
02adfb9c
153d503d
02b143bd
5c077d5c
5c07797d
153ac0d0
029af210
156b20b1
02974231
1400000a
1400000b
50001400
153ac0ca
029af14a
580021ac
50002400
15dfc20c
028f018c
15dfc20d
028f01ad
5bffe18d
50000c00
156b20ab
0297416b
153ac0dc
029af39c
156b20bd
029743bd
5c07195c
5c07157d
151c1a30
02baaa10
15524e11
02ba0231
1400000a
1400000b
50001400
151c1a2a
02baa94a
580021ac
50002400
147cfeac
02aad18c
147cfead
02aad1ad
5bffe18d
50000c00
15524e0b
02ba016b
151c1a3c
02baab9c
15524e1d
02ba03bd
5c06b55c
5c06b17d
15d5ea30
02889210
1530f271
0292f231
1400000a
1400000b
50001400
15d5ea2a
0288914a
580021ac
50002400
14138dcc
02ab698c
14138dcd
02ab69ad
5bffe18d
50000c00
1530f26b
0292f16b
15d5ea3c
0288939c
1530f27d
0292f3bd
5c06515c
5c064d7d
1589b010
02b50210
159d56b1
02921231
1400000a
1400000b
50001400
1589b00a
02b5014a
580021ac
50002400
148af34c
0298f18c
148af34d
0298f1ad
5bffe18d
50000c00
159d56ab
0292116b
1589b01c
02b5039c
159d56bd
029213bd
5c05ed5c
5c05e97d
15bd4c90
02aa8210
15dff991
028a3a31
1400000a
1400000b
50001400
15bd4c8a
02aa814a
580021ac
50002400
15d7be8c
02afb18c
15d7be8d
02afb1ad
5bffe18d
50000c00
15dff98b
028a396b
15bd4c9c
02aa839c
15dff99d
028a3bbd
5c05895c
5c05857d
151bc650
0281de10
15a92cb1
02a9f231
1400000a
1400000b
50001400
151bc64a
0281dd4a
580021ac
50002400
15be6a2c
0296318c
15be6a2d
029631ad
5bffe18d
50000c00
15a92cab
02a9f16b
151bc65c
0281df9c
15a92cbd
02a9f3bd
5c05255c
5c05217d
15c23070
02b33610
15c0c251
02800231
1400000a
1400000b
50001400
15c2306a
02b3354a
580021ac
50002400
15bdd7ec
02b4098c
1400000d
028001ad
5bffe18d
50000c00
15c0c24b
0280016b
1400001c
0280039c
1400001d
028003bd
5c04c15c
5c04bd7d
15b1e310
02bb8210
15322631
02963631
1400000a
1400000b
50001400
15b1e30a
02bb814a
580021ac
50002400
144465ec
02b6018c
1400000d
028001ad
5bffe18d
50000c00
1532262b
0296356b
1400001c
0280039c
1400001d
028003bd
5c045d5c
5c04597d
1467b6d0
02ad2210
1521b0b1
02800231
1400000a
1400000b
50001400
1467b6ca
02ad214a
580021ac
50002400
140be06c
029b018c
1400000d
028001ad
5bffe18d
50000c00
1521b0ab
0280016b
1400001c
0280039c
1400001d
028003bd
5c03f95c
5c03f57d
1469de10
02a34210
1476ecd1
0287de31
1400000a
1400000b
50001400
1469de0a
02a3414a
580021ac
50002400
1470fd2c
028ab18c
1400000d
028001ad
5bffe18d
50000c00
1476eccb
0287dd6b
1400001c
0280039c
1400001d
028003bd
5c03955c
5c03917d
153cec50
02b16210
152537f1
02832231
1400000a
1400000b
50001400
153cec4a
02b1614a
580021ac
50002400
14a11f2c
0286e18c
1400000d
028001ad
5bffe18d
50000c00
152537eb
0283216b
1400001c
0280039c
1400001d
028003bd
5c03315c
5c032d7d
14d62130
0297c610
15dd2b11
02a2ca31
1400000a
1400000b
50001400
14d6212a
0297c54a
580021ac
50002400
15c7a7cc
0283818c
1400000d
028001ad
5bffe18d
50000c00
15dd2b0b
02a2c96b
1400001c
0280039c
1400001d
028003bd
5c02cd5c
5c02c97d
15c9e950
028dc210
150902f1
02a09a31
1400000a
1400000b
50001400
15c9e94a
028dc14a
580021ac
50002400
142f508c
02a8018c
1400000d
028001ad
5bffe18d
50000c00
150902eb
02a0996b
1400001c
0280039c
1400001d
028003bd
5c02695c
5c02657d
15d80cd0
02adc210
147b9351
02a0e231
1400000a
1400000b
50001400
15d80cca
02adc14a
580021ac
50002400
14e9a5cc
02b4ed8c
1400000d
028001ad
5bffe18d
50000c00
147b934b
02a0e16b
1400001c
0280039c
1400001d
028003bd
5c02055c
5c02017d
14d7aad0
02bf1610
15ddc051
029a4231
1400000a
1400000b
50001400
14d7aaca
02bf154a
580021ac
50002400
1559890c
0280898c
1400000d
028001ad
5bffe18d
50000c00
15ddc04b
029a416b
1400001c
0280039c
1400001d
028003bd
5c01a15c
5c019d7d
15bef8f0
029fea10
14c8a4f1
0288e231
1400000a
1400000b
50001400
15bef8ea
029fe94a
580021ac
50002400
1400000c
0280018c
14ef8eed
029561ad
5bffe18d
50000c00
14c8a4eb
0288e16b
1400001c
0280039c
1400001d
028003bd
5c013d5c
5c01397d
15a51290
02959a10
140f0611
02845231
1400000a
1400000b
50001400
15a5128a
0295994a
580021ac
50002400
1400000c
0280018c
1449246d
02b5f1ad
5bffe18d
50000c00
140f060b
0284516b
1400001c
0280039c
1400001d
028003bd
5c00d95c
5c00d57d
15b787f0
0289a210
141489b1
02abe231
1400000a
1400000b
50001400
15b787ea
0289a14a
580021ac
50002400
1400000c
0280018c
14d724cd
029e0dad
5bffe18d
50000c00
141489ab
02abe16b
1400001c
0280039c
1400001d
028003bd
5c00755c
5c00717d
15f931b0
02954a10
15952111
029fb231
1400000a
1400000b
50001400
15f931aa
0295494a
580021ac
50002400
1400000c
0280018c
1400000d
028001ad
5bffe18d
50000c00
1595210b
029fb16b
15f931bc
02954b9c
1595211d
029fb3bd
5c00115c
5c000d7d
5c000b20
0280075a
0040e2ed
001569ac
2980030c
4c000020
028006f7
00150019
1446bfd0
02b80210
15bab311
02b77a31
1400000a
1400000b
50001400
1446bfca
02b8014a
5c0021ac
50002400
1579558c
02b49d8c
15054f0d
02aa75ad
5fffe18d
50000c00
15bab30b
02b7796b
1446bfdc
02b8039c
15bab31d
02b77bbd
5c045d5c
5c04597d
1528cd10
02800210
15c72731
0295a231
1400000a
1400000b
50001400
1528cd0a
0280014a
5c0021ac
50002400
15b670cc
0281098c
149eda0d
028d7dad
5fffe18d
50000c00
15c7272b
0295a16b
1528cd1c
0280039c
15c7273d
0295a3bd
5c03f95c
5c03f57d
153afcb0
028a6210
15bb5651
028ce231
1400000a
1400000b
50001400
153afcaa
028a614a
5c0021ac
50002400
149b0c0c
0288318c
154e3f0d
02b601ad
5fffe18d
50000c00
15bb564b
028ce16b
153afcbc
028a639c
15bb565d
028ce3bd
5c03955c
5c03917d
15142c70
02bf0210
15bdcd91
028d2231
1400000a
1400000b
50001400
15142c6a
02bf014a
5c0021ac
50002400
15aa440c
0297218c
14c1d66d
02bc0dad
5fffe18d
50000c00
15bdcd8b
028d216b
15142c7c
02bf039c
15bdcd9d
028d23bd
5c03315c
5c032d7d
14c03350
02ab9210
14660ef1
02855231
1400000a
1400000b
50001400
14c0334a
02ab914a
5c0021ac
50002400
15d2b42c
02a6958c
142f73cd
028201ad
5fffe18d
50000c00
14660eeb
0285516b
14c0335c
02ab939c
14660efd
028553bd
5c02cd5c
5c02c97d
15b6ad70
029ea210
14936431
0287c231
1400000a
1400000b
50001400
15b6ad6a
029ea14a
5c0021ac
50002400
1400000c
0280018c
142a616d
02a559ad
5fffe18d
50000c00
1493642b
0287c16b
15b6ad7c
029ea39c
1493643d
0287c3bd
5c02695c
5c02657d
14715790
028d9210
154ee951
0284d631
1400000a
1400000b
50001400
1471578a
028d914a
5c0021ac
50002400
1400000c
0280018c
15c6862d
029fd9ad
5fffe18d
50000c00
154ee94b
0284d56b
1471579c
028d939c
154ee95d
0284d7bd
5c02055c
5c02017d
1564f7b0
029c3210
156ce5f1
02b78231
1400000a
1400000b
50001400
1564f7aa
029c314a
5c0021ac
50002400
1400000c
0280018c
142b922d
029e09ad
5fffe18d
50000c00
156ce5eb
02b7816b
1564f7bc
029c339c
156ce5fd
02b783bd
5c01a15c
5c019d7d
1559c0f0
02ba6210
15ed8271
0289a231
1400000a
1400000b
50001400
1559c0ea
02ba614a
5c0021ac
50002400
1400000c
0280018c
14ee956d
029a81ad
5fffe18d
50000c00
15ed826b
0289a16b
1559c0fc
02ba639c
15ed827d
0289a3bd
5c013d5c
5c01397d
14dd46f0
02b8e210
14db0371
02800631
1400000a
1400000b
50001400
14dd46ea
02b8e14a
5c0021ac
50002400
1400000c
0280018c
14bbf8cd
0288c1ad
5fffe18d
50000c00
14db036b
0280056b
14dd46fc
02b8e39c
14db037d
028007bd
5c00d95c
5c00d57d
15263850
028eb210
15f22e51
0299f231
1400000a
1400000b
50001400
1526384a
028eb14a
5c0021ac
50002400
1400000c
0280018c
141db96d
028a61ad
5fffe18d
50000c00
15f22e4b
0299f16b
1526385c
028eb39c
15f22e5d
0299f3bd
5c00755c
5c00717d
142e8850
02a4b210
141691f1
0287c231
1400000a
1400000b
50001400
142e884a
02a4b14a
5c0021ac
50002400
1400000c
0280018c
1400000d
028001ad
5fffe18d
50000c00
141691eb
0287c16b
1400001c
0280039c
1400001d
028003bd
5c00115c
5c000d7d
5c000b20
0280075a
0040e2ed
001569ac
2980030c
4c000020
028006f7
00150019
0010041e
15187c50
02bbea10
15d657b1
0295f231
1400000a
1400000b
54001800
00100025
15187c4a
02bbe94a
54001400
50001c00
00100024
57ffebff
50001000
00100026
15d657ab
0295f16b
00107801
15187c51
02bbea31
15d657b0
0295f210
5c024951
028030c6
5c024170
5c023cc5
0010041e
14f63470
02aa8610
152898b1
02a46231
1400000a
1400000b
54001800
00100025
14f6346a
02aa854a
54001400
50001c00
00100024
57ffebff
50001000
00100026
152898ab
02a4616b
00107801
14f63471
02aa8631
152898b0
02a46210
5c01d951
028030c6
5c01d170
5c01ccc5
0010041e
14c4d910
02a8ee10
15844f51
02a80231
1400000a
1400000b
54001800
00100025
14c4d90a
02a8ed4a
54001400
50001c00
00100024
57ffebff
50001000
00100026
15844f4b
02a8016b
00107801
14c4d911
02a8ee31
15844f50
02a80210
5c016951
028030c6
5c016170
5c015cc5
0010041e
15a0b1b0
02a97610
150e0691
02b46631
1400000a
1400000b
54001800
00100025
15a0b1aa
02a9754a
54001400
50001c00
00100024
57ffebff
50001000
00100026
150e068b
02b4656b
00107801
15a0b1b1
02a97631
150e0690
02b46610
5c00f951
028030c6
5c00f170
5c00ecc5
0010041e
153e8690
02800a10
14eeba11
029bf231
1400000a
1400000b
54001800
00100025
153e868a
0280094a
54001400
50001c00
00100024
57ffebff
50001000
00100026
14eeba0b
029bf16b
00107801
153e8691
02800a31
14eeba10
029bf210
5c008951
028030c6
5c008170
5c007cc5
0010041e
14937390
02870210
154943f1
02880231
1400000a
1400000b
54001800
00100025
1493738a
0287014a
54001400
50001c00
00100024
57ffebff
50001000
00100026
154943eb
0288016b
00107801
14937391
02870231
154943f0
02880210
5c001951
028030c6
5c001170
5c000cc5
5c000b20
0280075a
0040e2ed
001569ac
2980030c
4c000020
028006f7
00150019
0010041e
15843cf0
02b9e210
141c5d51
02892231
1400000a
1400000b
54000400
0280302c
0280902d
50001400
15843cea
02b9e14a
4c0001a0
50001400
4c000180
50000c00
141c5d4b
0289216b
15843cfc
02b9e39c
141c5d5d
028923bd
00107801
5c02e95c
5c02e57d
0010041e
14cf2790
02927210
14ca9671
02b5c231
1400000a
1400000b
54000400
0280302c
0280902d
50001400
14cf278a
0292714a
4c0001a0
50001400
4c000180
50000c00
14ca966b
02b5c16b
14cf279c
0292739c
14ca967d
02b5c3bd
00107801
5c02815c
5c027d7d
0010041e
15dcc290
0288ee10
14505c71
02960231
1400000a
1400000b
54000400
0280302c
0280902d
50001400
15dcc28a
0288ed4a
4c0001a0
50001400
4c000180
50000c00
14505c6b
0296016b
15dcc29c
0288ef9c
14505c7d
029603bd
00107801
5c02195c
5c02157d
0010041e
15b99fb0
028a5a10
15a4dab1
02920231
1400000a
1400000b
54000400
0280302c
0280902d
50001400
15b99faa
028a594a
4c0001a0
50001400
4c000180
50000c00
15a4daab
0292016b
15b99fbc
028a5b9c
15a4dabd
029203bd
00107801
5c01b15c
5c01ad7d
0010041e
14537d30
02bc0610
1492abb1
028fae31
1400000a
1400000b
54000400
0280302c
0280902d
50001400
14537d2a
02bc054a
4c0001a0
50001400
4c000180
50000c00
1492abab
028fad6b
14537d3c
02bc079c
1492abbd
028fafbd
00107801
5c01495c
5c01457d
0010041e
1560d270
029b0210
1522cdb1
02b30231
1400000a
1400000b
54000400
0280302c
0280902d
50001400
1560d26a
029b014a
4c0001a0
50001400
4c000180
50000c00
1522cdab
02b3016b
1560d27c
029b039c
1522cdbd
02b303bd
00107801
5c00e15c
5c00dd7d
0010041e
14e4f850
0298fa10
14ddabf1
029dd231
1400000a
1400000b
54000400
0280302c
0280902d
50001400
14e4f84a
0298f94a
4c0001a0
50001400
4c000180
50000c00
14ddabeb
029dd16b
14e4f85c
0298fb9c
14ddabfd
029dd3bd
00107801
5c00795c
5c00757d
0010041e
150e2a50
02a61210
14703fb1
029dc231
1400000a
1400000b
54000400
0280302c
0280902d
50001400
150e2a4a
02a6114a
4c0001a0
50001400
4c000180
50000c00
14703fab
029dc16b
150e2a5c
02a6139c
14703fbd
029dc3bd
00107801
5c00115c
5c000d7d
5c000b20
0280075a
0040e2ed
001569ac
2980030c
4c000020
028006f7
02800019
1400002e
0280000d
14000004
1400000c
00103484
001039ad
5c013984
14000004
1400002c
00103484
001039ad
5c012584
14000004
1400004c
00103484
001039ad
5c011184
14000004
1400006c
00103484
001039ad
5c00fd84
14000004
1400008c
00103484
001039ad
5c00e984
14000004
140000ac
00103484
001039ad
5c00d584
14000004
140000cc
00103484
001039ad
5c00c184
14000004
140000ec
00103484
001039ad
5c00ad84
14000004
1400010c
00103484
001039ad
5c009984
14000004
1400012c
00103484
001039ad
5c008584
14000004
1400014c
00103484
001039ad
5c007184
14000004
1400016c
00103484
001039ad
5c005d84
14000004
1400018c
00103484
001039ad
5c004984
14000004
140001ac
00103484
001039ad
5c003584
14000004
140001cc
00103484
001039ad
5c002184
14000004
140001ec
00103484
001039ad
5c000d84
5c000b20
0280075a
0040e2ed
001569ac
2980030c
4c000020
028006f7
00150019
15187c50
02bbea10
15d657b1
0295f231
1400000a
1400000b
50001400
15187c4a
02bbe94a
50001000
50001400
53fff3ff
50000c00
15d657ab
0295f16b
15187c51
02bbea31
15d657b0
0295f210
5c020951
5c020570
15f783f0
02974210
15723791
0282c231
1400000a
1400000b
50001400
15f783ea
0297414a
50001000
50001400
53fff3ff
50000c00
1572378b
0282c16b
15f783f1
02974231
15723790
0282c210
5c01b551
5c01b170
15820c50
028d5a10
15f1ac31
02b18231
1400000a
1400000b
50001400
15820c4a
028d594a
50001000
50001400
53fff3ff
50000c00
15f1ac2b
02b1816b
15820c51
028d5a31
15f1ac30
02b18210
5c016151
5c015d70
146917b0
02b0ca10
155e29d1
02a23a31
1400000a
1400000b
50001400
146917aa
02b0c94a
50001000
50001400
53fff3ff
50000c00
155e29cb
02a2396b
146917b1
02b0ca31
155e29d0
02a23a10
5c010d51
5c010970
15581a50
02ae0a10
150b3951
02be8231
1400000a
1400000b
50001400
15581a4a
02ae094a
50001000
50001400
53fff3ff
50000c00
150b394b
02be816b
15581a51
02ae0a31
150b3950
02be8210
5c00b951
5c00b570
14a5d610
02b80210
15f5bbf1
02983231
1400000a
1400000b
50001400
14a5d60a
02b8014a
50001000
50001400
53fff3ff
50000c00
15f5bbeb
0298316b
14a5d611
02b80231
15f5bbf0
02983210
5c006551
5c006170
15a501f0
02b82a10
1442edf1
02930231
1400000a
1400000b
50001400
15a501ea
02b8294a
50001000
50001400
53fff3ff
50000c00
1442edeb
0293016b
15a501f1
02b82a31
1442edf0
02930210
5c001151
5c000d70
5c000b20
0280075a
0040e2ed
001569ac
2980030c
4c000020
03400000
028006f7
02800019
0010040f
15897bcc
54000c00
1d897bcd
50000c00
0010302c
4c000020
00103c01
5c00c1ac
0010040f
15883e4c
54000c00
1d883e4d
50000c00
0010302c
4c000020
00103c01
5c009dac
0010040f
1490340c
54000c00
1c90340d
50000c00
0010302c
4c000020
00103c01
5c0079ac
0010040f
1494d98c
54000c00
1c94d98d
50000c00
0010302c
4c000020
00103c01
5c0055ac
0010040f
15e9f00c
54000c00
1de9f00d
50000c00
0010302c
4c000020
00103c01
5c0031ac
0010040f
156f58ec
54000c00
1d6f58ed
50000c00
0010302c
4c000020
00103c01
5c000dac
5c000b20
0280075a
0040e2ed
001569ac
2980030c
4c000020
028006f7
00150019
15b3a26c
02a6d58c
1400000b
0280056b
0226218a
5c00854b
157827ac
02a4318c
1400000b
0280056b
0217a58a
5c006d4b
1538f92c
02be998c
1400000b
0280056b
0236e18a
5c00554b
15f5390c
029d418c
1400000b
0280056b
021ff98a
5c003d4b
14b4ae4c
028f718c
1400000b
0280016b
0208818a
5c00254b
1477bb6c
0296f18c
1400000b
0280016b
0211118a
5c000d4b
5c000b20
0280075a
0040e2ed
001569ac
2980030c
4c000020
028006f7
00150019
1584a9cc
028f618c
1400000b
0280016b
0251a58a
5c009d4b
14f4ac6c
028d318c
1400000b
0280016b
024bd58a
5c00854b
15579a6c
02b0018c
1400000b
0280016b
025f1d8a
5c006d4b
144b906c
0296dd8c
1400000b
0280056b
0276e98a
5c00554b
1421d48c
02afc98c
1400000b
0280056b
027fd18a
5c003d4b
1492984c
029c498c
1400000b
0280016b
0241e98a
5c00254b
152ef62c
02b4d18c
1400000b
0280016b
024a018a
5c000d4b
5c000b20
0280075a
0040e2ed
001569ac
2980030c
4c000020
028006f7
00150019
149847ac
02b7518c
1400002b
02b2016b
037a258a
5c00854b
154250cc
0298018c
1400000b
0280016b
0362a98a
5c006d4b
15d4860c
02a3018c
1400002b
02a0016b
0374f98a
5c00554b
15f77d4c
028de58c
1400000b
0289416b
0359518a
5c003d4b
14e03fec
0295018c
1400000b
0280016b
03407d8a
5c00254b
14a1372c
02af518c
1400002b
02a4516b
0374f18a
5c000d4b
5c000b20
0280075a
0040e2ed
001569ac
2980030c
4c000020
028006f7
00150019
141a912c
0286298c
141a914b
02bfb96b
03bf998a
5c00854b
15123a2c
029e818c
15123a2b
029ed16b
0380d18a
5c006d4b
1517d9ec
0288818c
1517da0b
02a8816b
03a0018a
5c00554b
1469c02c
028a018c
1469c02b
028f556b
0385558a
5c003d4b
1440324c
028d018c
1440326b
02bfc16b
03b3c18a
5c00254b
140dae4c
02a2518c
140dae4b
02b2f96b
0390e98a
5c000d4b
5c000b20
0280075a
0040e2ed
001569ac
2980030c
4c000020
028006f7
00150019
14880d4c
0294018c
14880d4b
0286fd6b
03d2fd8a
5c00854b
156bea4c
0291818c
156bea6b
02bb796b
03eaf98a
5c006d4b
1468a90c
02bfb98c
1468a8eb
028c516b
03f3e98a
5c00554b
149af8ec
02b9c18c
149af8cb
028e116b
03f7d18a
5c003d4b
141e096c
02a7a18c
141e096b
02abd96b
03cc798a
5c00254b
15d7d88c
0291058c
15d7d88b
0281296b
03d02d8a
5c000d4b
5c000b20
0280075a
0040e2ed
001569ac
2980030c
4c000020
028006f7
00150019
14f3b7cc
02acd18c
1400000d
02801dad
15dbdb4b
02a8016b
0017358a
5c00cd4b
1552080c
02a8418c
1400000d
028075ad
1400000b
0280016b
0017358a
5c00ad4b
14d7ae8c
02a7618c
1400000d
028035ad
15ce760b
0280016b
0017358a
5c008d4b
144e750c
02a1298c
1400000d
028029ad
15d3c26b
02a0016b
0017358a
5c006d4b
14680b0c
0280018c
1400000d
028025ad
1416000b
0280016b
0017358a
5c004d4b
14f904ac
029ce18c
1400000d
028009ad
15e412cb
02b3816b
0017358a
5c002d4b
14e02dac
02af098c
1400000d
028029ad
14b65e2b
02a0016b
0017358a
5c000d4b
5c000b20
0280075a
0040e2ed
001569ac
2980030c
4c000020
028006f7
00150019
147cb28c
028c018c
1400000d
02800dad
140f966b
02a1816b
0018358a
5c00ad4b
142e3c0c
0284598c
1400000d
028011ad
1402e3cb
0280456b
0018358a
5c008d4b
15f7314c
0287118c
1400000d
02805dad
1400000b
02bfdd6b
0018358a
5c006d4b
14dff20c
02ab018c
1400000d
028065ad
1400000b
0280dd6b
0018358a
5c004d4b
1413b32c
029d018c
1400000d
028055ad
1400000b
0281396b
0018358a
5c002d4b
153b9c6c
029efd8c
1400000d
028035ad
15fff9eb
02b9c56b
0018358a
5c000d4b
5c000b20
0280075a
0040e2ed
001569ac
2980030c
4c000020
028006f7
00150019
143f1ecc
0280018c
1400000d
028071ad
1400000b
0280056b
0017b58a
5c008d4b
15ca3eec
02ba718c
1400000d
028009ad
14728fcb
02ae9d6b
0017b58a
5c006d4b
140abbec
029f818c
1400000d
028021ad
14000acb
02b7dd6b
0017b58a
5c004d4b
1550436c
028f998c
1400000d
028065ad
1400000b
0281516b
0017b58a
5c002d4b
15e6662c
02b1d18c
1400000d
028029ad
140079ab
02b30d6b
0017b58a
5c000d4b
5c000b20
0280075a
0040e2ed
001569ac
2980030c
4c000020
028006f7
02800019
1435bdec
028c018c
14a3bacd
02a379ad
14d978ab
02af796b
0010358a
5c012d4b
152ce9ec
02a9818c
15568ead
029e49ad
1483788b
0287c96b
0010358a
5c010d4b
156c1b8c
02a6198c
145cadad
02a069ad
15c8c90b
0286816b
0010358a
5c00ed4b
15aabdcc
02af018c
14c1ebad
02ac31ad
146ca94b
029b316b
0010358a
5c00cd4b
154571cc
0293818c
158dcced
02aa81ad
14d33eab
02be016b
0010358a
5c00ad4b
15d80a0c
0286858c
14304d0d
02a499ad
1408570b
02ab1d6b
0010358a
5c008d4b
14d5bc6c
029ac18c
15803a8d
028801ad
1455f70b
02a2c16b
0010358a
5c006d4b
14d8112c
02b3a18c
15439c8d
028101ad
141badab
02b4a16b
0010358a
5c004d4b
149e2dec
02a31d8c
1448258d
02b341ad
14e6534b
02965d6b
0010358a
5c002d4b
140414ac
02876d8c
156d176d
0292e9ad
15712c0b
029a556b
0010358a
5c000d4b
5c000b20
0280075a
0040e2ed
001569ac
2980030c
4c000020
028006f7
00150019
0015000f
00150010
50001400
15dbc36f
03b681ef
6000218d
50002400
14a7b4ec
0399918c
15a1766d
03990dad
63ffe18d
50000c00
15230930
03957a10
0015001c
0015001d
5c01adfc
5c01aa1d
0015000f
00150010
50001400
158dd98f
03a691ef
6000218d
50002400
15902b0c
0381b98c
143b3f2d
039455ad
63ffe18d
50000c00
14de1a70
03a51210
158dd99c
03a6939c
14de1a7d
03a513bd
5c0159fc
5c01561d
0015000f
00150010
50001400
157f3def
03a455ef
6000218d
50002400
14ef6a8c
0399558c
148e716d
03b409ad
63ffe18d
50000c00
155c88b0
03978e10
0015001c
0015001d
5c010dfc
5c010a1d
0015000f
00150010
50001400
145a924f
039d09ef
6000218d
50002400
1572958c
0398198c
1491ca8d
03ace1ad
63ffe18d
50000c00
15e08b10
03b1c610
145a925c
039d0b9c
15e08b1d
03b1c7bd
5c00b9fc
5c00b61d
0015000f
00150010
50001400
14369c4f
03a42def
6000218d
50002400
143d6f2c
03ab898c
144f670d
03a8d9ad
63ffe18d
50000c00
1479bf70
03bc0210
14369c5c
03a42f9c
1479bf7d
03bc03bd
5c0065fc
5c00621d
0015000f
00150010
50001400
142822cf
038f61ef
6000218d
50002400
155dad8c
0386658c
15cd2c8d
03b75dad
63ffe18d
50000c00
14c112b0
03b59e10
142822dc
038f639c
14c112bd
03b59fbd
5c0011fc
5c000e1d
5c000b20
0280075a
0040e2ed
001569ac
2980030c
4c000020
028006f7
00150019
0015000f
00150010
50001400
15d026cf
03bacdef
6400218d
50002400
149d84cc
0394498c
1458a8ad
038d65ad
67ffe18d
50000c00
150d35f0
03970a10
15d026dc
03bacf9c
150d35fd
03970bbd
5c018dfc
5c018a1d
0015000f
00150010
50001400
14c0758f
0381b1ef
6400218d
50002400
15c1d1cc
03a5598c
1477434d
038941ad
67ffe18d
50000c00
14899f90
03aad210
0015001c
0015001d
5c0141fc
5c013e1d
0015000f
00150010
50001400
1467964f
03b5d9ef
6400218d
50002400
145feeec
038ef98c
1471244d
038169ad
67ffe18d
50000c00
14e9aab0
03bbda10
0015001c
0015001d
5c00f5fc
5c00f21d
0015000f
00150010
50001400
15af77af
03a619ef
6400218d
50002400
1414b0ac
0387b58c
14e8648d
03a529ad
67ffe18d
50000c00
15f0f870
03b22e10
0015001c
0015001d
5c00a9fc
5c00a61d
0015000f
00150010
50001400
158a686f
03b3d5ef
6400218d
50002400
15a76eec
038db98c
14efa9ad
039c79ad
67ffe18d
50000c00
14770730
03a67210
0015001c
0015001d
5c005dfc
5c005a1d
0015000f
00150010
50001400
1591b9af
0385e9ef
6400218d
50002400
155aac4c
03a8298c
15c8be4d
03b451ad
67ffe18d
50000c00
159fdbd0
03983210
0015001c
0015001d
5c0011fc
5c000e1d
5c000b20
0280075a
0040e2ed
001569ac
2980030c
4c000020
028006f7
00150019
0015000f
00150010
50001400
1410f5af
039ca9ef
6800218d
50002400
155c0aec
0399018c
1547e7ed
038151ad
6bffe18d
50000c00
15f2ee50
039e0210
0015001c
0015001d
5c0159fc
5c01561d
0015000f
00150010
50001400
14beddcf
03aff1ef
6800218d
50002400
1542662c
03bc1d8c
159d0f0d
03a155ad
6bffe18d
50000c00
15f7e6f0
03bef210
14bedddc
03aff39c
15f7e6fd
03bef3bd
5c0105fc
5c01021d
0015000f
00150010
50001400
141a31af
0389f1ef
6800218d
50002400
1502a7cc
0394c98c
15c8042d
03b471ad
6bffe18d
50000c00
15f6bad0
03af0e10
141a31bc
0389f39c
15f6badd
03af0fbd
5c00b1fc
5c00ae1d
0015000f
00150010
50001400
145349af
03b099ef
6800218d
50002400
1435808c
03a9518c
1589d16d
03bf3dad
6bffe18d
50000c00
15ff3f30
03965210
145349bc
03b09b9c
15ff3f3d
039653bd
5c005dfc
5c005a1d
0015000f
00150010
50001400
14910e2f
03b3d1ef
6800218d
50002400
1575e98c
038aa18c
1498688d
039959ad
6bffe18d
50000c00
1571bb90
03b5ba10
0015001c
0015001d
5c0011fc
5c000e1d
5c000b20
0280075a
0040e2ed
001569ac
2980030c
4c000020
03400000
028006f7
00150019
15f64c8c
02b4418c
15f64c8b
02a6996b
02b2598a
5c01454b
14fd820c
0294e18c
14fd820b
02bb396b
02a6598a
5c012d4b
141ca0cc
02a8018c
141ca0cb
0284616b
029c618a
5c01154b
154a458c
02a75d8c
154a458b
02856d6b
029e118a
5c00fd4b
15368bac
029f018c
15368bcb
02ba496b
029b498a
5c00e54b
15498cac
0296e18c
15498cab
0288696b
02b1898a
5c00cd4b
154a56ec
02a5e98c
154a56eb
02ab4d6b
0285658a
5c00b54b
15b9904c
0299998c
15b9906b
02b7056b
029d6d8a
5c009d4b
1556494c
028f0d8c
1556494b
02bb496b
02ac3d8a
5c00854b
15b6ca0c
0298118c
15b6ca0b
02bfcd6b
02a7bd8a
5c006d4b
1400000c
0280018c
1400000b
0292816b
0292818a
5c00554b
1400000c
0280018c
1400000b
029b656b
029b658a
5c003d4b
1400000c
0280018c
1400000b
02b7216b
02b7218a
5c00254b
1400000c
0280018c
1400000b
0280016b
0280018a
5c000d4b
5c000b20
0280075a
0040e2ed
001569ac
2980030c
4c000020
028006f7
00150019
0015000f
00150010
50001400
144d70ef
03802def
6c00218d
50002400
147c520c
03ad858c
153afb0d
03aa0dad
6fffe18d
50000c00
15b7fcd0
03939610
0015001c
0015001d
5c0159fc
5c01561d
0015000f
00150010
50001400
15c7588f
03865def
6c00218d
50002400
15fabe8c
0380258c
14ff592d
03967dad
6fffe18d
50000c00
14d80170
03bef610
15c7589c
03865f9c
14d8017d
03bef7bd
5c0105fc
5c01021d
0015000f
00150010
50001400
15d04aef
039d0def
6c00218d
50002400
1523edac
03a0a58c
144d2dad
03bc19ad
6fffe18d
50000c00
1549e7b0
03bffa10
15d04afc
039d0f9c
1549e7bd
03bffbbd
5c00b1fc
5c00ae1d
0015000f
00150010
50001400
141c09cf
0395fdef
6c00218d
50002400
14f9652c
0397898c
1453a7ed
039379ad
6fffe18d
50000c00
155fc350
03a08610
141c09dc
0395ff9c
155fc35d
03a087bd
5c005dfc
5c005a1d
0015000f
00150010
50001400
151a17af
03ba0def
6c00218d
50002400
140ee56c
03a44d8c
15a3856d
03af3dad
6fffe18d
50000c00
15bbab30
03905a10
0015001c
0015001d
5c0011fc
5c000e1d
5c000b20
0280075a
0040e2ed
001569ac
2980030c
4c000020
03400000
028006f7
00150019
1590762d
02af81ad
14001acc
029d818c
1400000f
02802def
299e818d
02801184
02bfe185
299e8084
299e80a5
281e8590
289e8085
289e80a4
289e80a6
5c010df0
143dd86d
02a031ad
14001a8c
0296618c
1400000f
028031ef
29a0318d
02801184
02bfe185
29a03084
29a030a5
28203190
28a03085
28a030a4
28a030a6
5c00cdf0
15415fed
02b549ad
14001a8c
0296418c
1400000f
02bebdef
29aa018d
02801184
02bfe185
29aa0084
29aa00a5
282a0990
28aa0085
28aa00a4
28aa00a6
5c008df0
143d6c6d
029f1dad
14001a2c
0299718c
1400000f
02bed9ef
29aa618d
02801184
02bfe185
29aa6084
29aa60a5
282a6990
28aa6085
28aa60a4
28aa60a6
5c004df0
150a82cd
02bef1ad
14001a2c
0290c18c
1400000f
02bef1ef
29b9218d
02801184
02bfe185
29b92084
29b920a5
28392190
28b92085
28b920a4
28b920a6
5c000df0
5c000b20
0280075a
0040e2ed
001569ac
2980030c
4c000020
028006f7
00150019
14a3084d
029581ad
14001a6c
02af118c
1400004f
029581ef
2989f18d
02801184
02bfe185
2989f084
2989f0a5
2849f190
2889f085
2889f0a4
2889f0a6
5c010df0
144a2c2d
0285b9ad
14001a4c
0288818c
1400002f
0285b9ef
29a2418d
02801184
02bfe185
29a24084
29a240a5
28624190
28a24085
28a240a4
28a240a6
5c00cdf0
1492646d
028c31ad
14001a8c
02a0418c
140000af
02a4c9ef
2994918d
02801184
02bfe185
29949084
299490a5
28549990
28949085
289490a4
289490a6
5c008df0
157c9b4d
02ab21ad
14001b6c
02b1818c
15ffff8f
02b935ef
2982418d
02801184
02bfe185
29824084
298240a5
28424990
28824085
288240a4
288240a6
5c004df0
14be182d
02a159ad
14001a4c
02a0018c
1400002f
02a159ef
29a5918d
02801184
02bfe185
29a59084
29a590a5
28659190
28a59085
28a590a4
28a590a6
5c000df0
5c000b20
0280075a
0040e2ed
001569ac
2980030c
4c000020
028006f7
00150019
14f3b7ed
0283fdad
14001aac
0292618c
1400000f
0283fdef
2990218d
02801184
02bfe185
29902084
299020a5
2a102190
28902085
289020a4
289020a6
5c014df0
1536b76d
02adb1ad
14001a8c
0290c18c
1400000f
02816def
2994b18d
02801184
02bfe185
2994b084
2994b0a5
2a14b990
2894b085
2894b0a4
2894b0a6
5c010df0
15a2aded
0291c1ad
14001a8c
0297618c
1400000f
028345ef
2998218d
02801184
02bfe185
29982084
299820a5
2a182d90
28982085
289820a4
289820a6
5c00cdf0
149b0acd
029301ad
14001b6c
02aeb18c
1400000f
028301ef
2986018d
02801184
02bfe185
29860084
298600a5
2a060190
28860085
288600a4
288600a6
5c008df0
1524f94d
02a4c1ad
14001b6c
02b8018c
1400000f
0280c1ef
29a8a18d
02801184
02bfe185
29a8a084
29a8a0a5
2a28a190
28a8a085
28a8a0a4
28a8a0a6
5c004df0
153d8b2d
0299a9ad
14001aec
028ae18c
1400000f
0281a9ef
29ba718d
02801184
02bfe185
29ba7084
29ba70a5
2a3a7190
28ba7085
28ba70a4
28ba70a6
5c000df0
5c000b20
0280075a
0040e2ed
001569ac
2980030c
4c000020
028006f7
00150019
158bc20d
02b401ad
14001a4c
02b7f18c
1400018f
029781ef
2995718d
02801184
02bfe185
29957084
299570a5
2a557990
28957085
289570a4
289570a6
5c014df0
144b0e0d
029ec9ad
14001b8c
02b6318c
1400000f
029ec9ef
29b0d18d
02801184
02bfe185
29b0d084
29b0d0a5
2a70d190
28b0d085
28b0d0a4
28b0d0a6
5c010df0
144c754d
02821dad
14001aec
02a4818c
1400004f
0298e9ef
2990618d
02801184
02bfe185
29906084
299060a5
2a506990
28906085
289060a4
289060a6
5c00cdf0
156bc24d
02ac69ad
14001a8c
02a9b18c
1400004f
02ac69ef
2985918d
02801184
02bfe185
29859084
298590a5
2a459190
28859085
288590a4
288590a6
5c008df0
1592e5ed
029d91ad
14001a2c
0292818c
140001ef
029d91ef
298b318d
02801184
02bfe185
298b3084
298b30a5
2a4b3190
288b3085
288b30a4
288b30a6
5c004df0
153990ad
02b661ad
14001a0c
0285818c
140000af
02b661ef
2989a18d
02801184
02bfe185
2989a084
2989a0a5
2a49a190
2889a085
2889a0a4
2889a0a6
5c000df0
5c000b20
0280075a
0040e2ed
001569ac
2980030c
4c000020
028006f7
00150019
1569e02e
02a4c1ce
14f2ab8d
029029ad
14001a2c
029bb18c
1569e02f
02a429ef
2987b18e
2907b18d
02801184
02bff185
2987b084
2987b0a5
2887b190
2887b0a4
2887b085
2887b0a6
5c0189f0
1432866e
028729ce
148ecb0d
02b819ad
14001aac
0281a18c
1432866f
028419ef
29a1a18e
2921a18d
02801184
02bff185
29a1a084
29a1a0a5
28a1a190
28a1a0a4
28a1a085
28a1a0a6
5c013df0
153df60e
02b2a1ce
144a8ead
02afc1ad
14001b4c
02bc818c
153de20f
02b2a1ef
2999818e
2919898d
02801184
02bff185
29998084
299980a5
28998190
289980a4
28998085
289980a6
5c00f1f0
152c91ee
02b111ce
144a2ccd
02b119ad
14001b2c
0292918c
152c91ef
02b119ef
2987f18e
2907f18d
02801184
02bff185
2987f084
2987f0a5
2887f190
2887f0a4
2887f085
2887f0a6
5c00a5f0
1592792e
02b41dce
14c0e08d
029ed1ad
14001c0c
02a3c18c
1568792f
02b41def
2983e18e
2903ed8d
02801184
02bff185
2983e084
2983e0a5
2883e190
2883e0a4
2883e085
2883e0a6
5c0059f0
1454318e
02be19ce
1467d2ad
02a9f1ad
14001aac
0292d18c
1454318f
02bdf1ef
2988418e
2908418d
02801184
02bff185
29884084
298840a5
28884190
288840a4
28884085
288840a6
5c000df0
5c000b20
0280075a
0040e2ed
001569ac
2980030c
4c000020
028006f7
00150019
15c2bf2e
02a121ce
141c346d
029801ad
14001aac
028a918c
146c012f
02a121ef
29ab718e
296b798d
02801184
02bff185
29ab7084
29ab70a5
28ab7190
28ab70a4
28ab7085
28ab70a6
5c0189f0
140820ce
02b3c1ce
156c9aad
028c01ad
14001a8c
02bdb18c
14a600cf
02b3c1ef
2995a18e
2955a98d
02801184
02bff185
2995a084
2995a0a5
2895a190
2895a0a4
2895a085
2895a0a6
5c013df0
15a30f8e
02b461ce
15439eed
028239ad
14001b6c
029e818c
15a30eef
028239ef
29afd18e
296fd18d
02801184
02bff185
29afd084
29afd0a5
28afd190
28afd0a4
28afd085
28afd0a6
5c00f1f0
156b57ae
02afd1ce
15dc058d
02af09ad
14001acc
0286218c
156b578f
02af09ef
29b9118e
2979118d
02801184
02bff185
29b91084
29b910a5
28b91190
28b910a4
28b91085
28b910a6
5c00a5f0
14d6098e
02bd81ce
1460d2cd
0283c1ad
14001b2c
02b5018c
14d608cf
0283c1ef
2996018e
2956018d
02801184
02bff185
29960084
299600a5
28960190
289600a4
28960085
289600a6
5c0059f0
144a65ae
028901ce
15fc01ed
02afd9ad
14001aec
0282418c
15d7edaf
028901ef
2982118e
2942198d
02801184
02bff185
29821084
298210a5
28821190
288210a4
28821085
288210a6
5c000df0
5c000b20
0280075a
0040e2ed
001569ac
2980030c
4c000020
028006f7
00150019
15adf80c
0296118c
14bf2ecd
0296a1ad
14eec94b
02bf716b
0011358a
5c014d4b
157f392c
0297098c
1466d12d
02a439ad
1518682b
02b2d16b
0011358a
5c012d4b
15b4cf6c
02a2218c
154e4f8d
02a0c1ad
14667feb
0281616b
0011358a
5c010d4b
14470b2c
02a0218c
14caf54d
02a2f1ad
157c15eb
02bd316b
0011358a
5c00ed4b
140815cc
0287c18c
149dfe2d
02bfa1ad
156a17ab
0288216b
0011358a
5c00cd4b
148b93ec
02a5a18c
1575d9ad
02a861ad
1515ba4b
02bd416b
0011358a
5c00ad4b
14a837ac
02b9b18c
15c7dd6d
028061ad
14e05a4b
02b9516b
0011358a
5c008d4b
140504ac
0281a18c
1543bd2d
029ce9ad
14c1478b
02a4b96b
0011358a
5c006d4b
15f1822c
028f018c
140a59cd
029141ad
15e7286b
02bdc16b
0011358a
5c004d4b
152d0d0c
029e498c
15a2120d
029471ad
158afb0b
0289d96b
0011358a
5c002d4b
1400000c
0280018c
1400000d
028001ad
1400000b
0280016b
0011358a
5c000d4b
5c000b20
0280075a
0040e2ed
001569ac
2980030c
4c000020
028006f7
14000019
14e48a6c
0285a98c
14f06a0d
029bc1ad
1400000b
0280056b
0012358a
5c008d4b
15f2744c
0281f98c
15225dad
028821ad
1400000b
0280016b
0012358a
5c006d4b
148f2e8c
0294598c
1571faad
02b471ad
1400000b
0280016b
0012358a
5c004d4b
1400000c
0280018c
156acccd
0298adad
1400000b
0280016b
0012358a
5c002d4b
1400000c
0280018c
1400000d
028001ad
1400000b
0280016b
0012358a
5c000d4b
5c000b20
0280075a
0040e2ed
001569ac
2980030c
4c000020
028006f7
00150019
142b1e6c
02aca58c
1484382d
02a909ad
1400000b
0280056b
0012b58a
5c020d4b
14c0688c
02afe18c
15ba2f6d
028c29ad
1400000b
0280056b
0012b58a
5c01ed4b
145ab86c
0286018c
1429be8d
029c61ad
1400000b
0280016b
0012b58a
5c01cd4b
14eac20c
02ae018c
1455302d
0292e5ad
1400000b
0280016b
0012b58a
5c01ad4b
1594c0ec
02a4018c
15282cad
02b4e9ad
1400000b
0280016b
0012b58a
5c018d4b
15be9c6c
02af018c
146f7aad
028965ad
1400000b
0280016b
0012b58a
5c016d4b
15ace3ac
0299418c
15f3494d
02bc41ad
1400000b
0280056b
0012b58a
5c014d4b
153cc68c
0287818c
14c38e0d
0284c1ad
1400000b
0280016b
0012b58a
5c012d4b
14fc25cc
0292bd8c
154ff52d
028801ad
1400000b
0280056b
0012b58a
5c010d4b
1400000c
0280018c
15b8076d
029301ad
1400000b
0280056b
0012b58a
5c00ed4b
1400000c
0280018c
145f514d
02a1b1ad
1400000b
0280056b
0012b58a
5c00cd4b
1400000c
0280018c
15da11ed
02a91dad
1400000b
0280056b
0012b58a
5c00ad4b
1400000c
0280018c
1460c72d
028b31ad
1400000b
0280056b
0012b58a
5c008d4b
1400000c
0280018c
15748dad
02a175ad
1400000b
0280056b
0012b58a
5c006d4b
1400000c
0280018c
140b3c6d
02b6a1ad
1400000b
0280056b
0012b58a
5c004d4b
1400000c
0280018c
1465e4ed
029e11ad
1400000b
0280056b
0012b58a
5c002d4b
1400000c
0280018c
1400000d
028001ad
1400000b
0280016b
0012b58a
5c000d4b
5c000b20
0280075a
0040e2ed
001569ac
2980030c
4c000020
028006f7
00150019
14b92b2c
0294698c
1594018d
029051ad
1490010b
0290416b
0014b58a
5c052d4b
1537518c
02a9c18c
15d33fad
02b8e1ad
1513112b
02a8c16b
0014b58a
5c050d4b
15a6064c
02a7818c
141749ad
02bfd9ad
1406002b
02a7816b
0014b58a
5c04ed4b
159cd22c
028ba18c
14cced6d
028839ad
148cc02b
0288216b
0014b58a
5c04cd4b
1508080c
02ad018c
1400000d
028001ad
1400000b
0280016b
0014b58a
5c04ad4b
1580d34c
02a0898c
1400000d
028001ad
1400000b
0280016b
0014b58a
5c048d4b
1481390c
02a5b98c
1400000d
028001ad
1400000b
0280016b
0014b58a
5c046d4b
154f478c
02a5718c
1400000d
028001ad
1400000b
0280016b
0014b58a
5c044d4b
15b3f26c
02bfb98c
1400000d
028001ad
1400000b
0280016b
0014b58a
5c042d4b
1411eccc
028ef98c
1400000d
028001ad
1400000b
0280016b
0014b58a
5c040d4b
1438e9ec
028e618c
1400000d
028001ad
1400000b
0280016b
0014b58a
5c03ed4b
146d3bcc
02b2a18c
1400000d
028001ad
1400000b
0280016b
0014b58a
5c03cd4b
15c98f6c
02a9f18c
1400000d
028001ad
1400000b
0280016b
0014b58a
5c03ad4b
1448062c
02a1098c
1400000d
028001ad
1400000b
0280016b
0014b58a
5c038d4b
150c444c
02bc018c
1400000d
028001ad
1400000b
0280016b
0014b58a
5c036d4b
140327cc
02ae998c
1400000d
028001ad
1400000b
0280016b
0014b58a
5c034d4b
15b345cc
0292818c
1400000d
028001ad
1400000b
0280016b
0014b58a
5c032d4b
15ee76ec
02aa218c
1400000d
028001ad
1400000b
0280016b
0014b58a
5c030d4b
154c536c
02a1418c
1400000d
028001ad
1400000b
0280016b
0014b58a
5c02ed4b
15b2ea0c
0293b98c
1400000d
028001ad
1400000b
0280016b
0014b58a
5c02cd4b
15ad6aac
028bd58c
1400000d
028001ad
1400000b
0280016b
0014b58a
5c02ad4b
14fc18ec
02b4118c
1400000d
028001ad
1400000b
0280016b
0014b58a
5c028d4b
14aecbac
0288bd8c
1400000d
028001ad
1400000b
0280016b
0014b58a
5c026d4b
14c6664c
0291298c
1400000d
028001ad
1400000b
0280016b
0014b58a
5c024d4b
15d9084c
0291698c
1400000d
028001ad
1400000b
0280016b
0014b58a
5c022d4b
1545b64c
02bb618c
1400000d
028001ad
1400000b
0280016b
0014b58a
5c020d4b
147453ac
0280018c
1400000d
028001ad
1400000b
0280016b
0014b58a
5c01ed4b
14d6c76c
02a0018c
1400000d
028001ad
1400000b
0280016b
0014b58a
5c01cd4b
15ed4fac
0284c18c
1400000d
028001ad
1400000b
0280016b
0014b58a
5c01ad4b
14006bac
02bdfd8c
1400000d
028001ad
1400000b
0280016b
0014b58a
5c018d4b
1403f0ec
02a5818c
1400000d
028001ad
1400000b
0280016b
0014b58a
5c016d4b
140551ac
02a1418c
1400000d
028001ad
1400000b
0280016b
0014b58a
5c014d4b
15ff602c
02afc18c
1400000d
028001ad
1400000b
0280016b
0014b58a
5c012d4b
146d122c
02b5a98c
1400000d
028001ad
1400000b
0280016b
0014b58a
5c010d4b
141a3e6c
02b2f98c
1400000d
028001ad
1400000b
0280016b
0014b58a
5c00ed4b
149c406c
02b1e18c
1400000d
028001ad
1400000b
0280016b
0014b58a
5c00cd4b
15dfd6ac
0288a98c
1400000d
028001ad
1400000b
0280016b
0014b58a
5c00ad4b
151fbc2c
0285b98c
1400000d
028001ad
1400000b
0280016b
0014b58a
5c008d4b
145d69ec
029d618c
1400000d
028001ad
1400000b
0280016b
0014b58a
5c006d4b
1400000c
0280018c
144768cd
02b8b1ad
1400000b
0280016b
0014b58a
5c004d4b
1400000c
0280018c
1429726d
02adb1ad
1400000b
0280016b
0014b58a
5c002d4b
1400000c
0280018c
1400000d
028001ad
1400000b
0280016b
0014b58a
5c000d4b
5c000b20
0280075a
0040e2ed
001569ac
2980030c
4c000020
028006f7
00150019
14a1c82c
0292118c
155a6bed
02aa51ad
15fbec0b
02ba516b
0015358a
5c042d4b
15777f6c
02bf918c
1591d28d
029001ad
15f7ffeb
02bf916b
0015358a
5c040d4b
15e527ec
0284d18c
154f990d
02a629ad
15efc00b
02a6f96b
0015358a
5c03ed4b
15f69dec
02b9798c
14cd2d2d
02aa41ad
15ffbdeb
02bb796b
0015358a
5c03cd4b
141950cc
0285118c
147ffb6d
029531ad
147ffbeb
0295316b
0015358a
5c03ad4b
15638eec
028c698c
15f492cd
028871ad
15f79eeb
028c796b
0015358a
5c038d4b
1567b10c
0299258c
152c146d
02a0b9ad
156fb56b
02b9bd6b
0015358a
5c036d4b
14af5b8c
02be518c
153435ad
02bd01ad
15bf800b
02bf516b
0015358a
5c034d4b
15ebfbec
0288e18c
14fcee0d
0297d9ad
15ffffeb
029ff96b
0015358a
5c032d4b
15af1f8c
02b8018c
14f8ab8d
028a01ad
15ffc00b
02ba016b
0015358a
5c030d4b
15d868ac
02b0798c
155b026d
029d79ad
15db6b0b
02bd796b
0015358a
5c02ed4b
143befec
02a9f18c
157e80ed
029729ad
157ff00b
02bff96b
0015358a
5c02cd4b
15636bac
02b5918c
15fdd2cd
02a481ad
15fffbcb
02b5916b
0015358a
5c02ad4b
14621f0c
028e818c
15b2d4ad
028421ad
15f2dfab
028ea16b
0015358a
5c028d4b
14965f8c
02bbdd8c
14b8852d
0298c9ad
14bedf8b
02bbdd6b
0015358a
5c026d4b
15d5ee8c
0297298c
14cac0ad
02a771ad
15dfeeab
02b7796b
0015358a
5c024d4b
157835ec
0282218c
15119d2d
028a29ad
1579bdeb
028a296b
0015358a
5c022d4b
14ac106c
02b3818c
141e478d
029541ad
14be57eb
02b7c16b
0015358a
5c020d4b
15b746ec
02b0258c
148bd34d
029261ad
15bfd7eb
02b2656b
0015358a
5c01ed4b
147d3b2c
028c818c
14cd298d
02aee5ad
14fd3b8b
02aee56b
0015358a
5c01cd4b
1561016c
02af9d8c
148ce08d
028f39ad
15ede1eb
02afbd6b
0015358a
5c01ad4b
14e8338c
02bac18c
1469596d
028301ad
14e97b8b
02bbc16b
0015358a
5c018d4b
1462ec6c
0297e18c
142326cd
02ad31ad
1463ef0b
02bff16b
0015358a
5c016d4b
15e0a4cc
02b2818c
14a5d0cd
02b0b9ad
15e5f4cb
02b2b96b
0015358a
5c014d4b
1554866c
0298018c
14e8ff4d
02aa05ad
15fcff8b
02ba056b
0015358a
5c012d4b
155c0d0c
02a9418c
159c0b2d
02b9b9ad
15dc100b
02b9f96b
0015358a
5c010d4b
14eb4e0c
0298618c
141e316d
028031ad
14ff7f6b
0298716b
0015358a
5c00ed4b
149f1b4c
0296018c
14b52ced
02be39ad
14bf3feb
02be396b
0015358a
5c00cd4b
15f1adcc
0297318c
1510394d
02a5c1ad
15f1be0b
02b7f16b
0015358a
5c00ad4b
158f132c
02bf718c
159294ad
02acc1ad
159f97ab
02bff16b
0015358a
5c008d4b
151b784c
0299218c
154379ad
02a401ad
155b79eb
02bd216b
0015358a
5c006d4b
151cb20c
02a8418c
15f3aead
02a941ad
15ffc00b
02a9416b
0015358a
5c004d4b
14530f4c
0288598c
1552f52d
029401ad
1553ff6b
029c596b
0015358a
5c002d4b
15ef9c8c
02b9d18c
151c3aad
02ae01ad
15ffbf0b
02bfd16b
0015358a
5c000d4b
5c000b20
0280075a
0040e2ed
001569ac
2980030c
4c000020
028006f7
00150019
142ee7cc
02be018c
156b5ead
028749ad
1545b92b
02b9496b
0015b58a
5c034d4b
15cc446c
0295418c
1521394d
02a369ad
14ed7d6b
02b6296b
0015b58a
5c032d4b
15eb914c
0296618c
144bfa0d
028901ad
15a06b4b
029f616b
0015b58a
5c030d4b
14496a8c
02bc818c
1429a76d
02aba1ad
1460cd2b
0297216b
0015b58a
5c02ed4b
14b28a4c
02bce18c
15d155ed
0290adad
1563dfeb
02ac4d6b
0015b58a
5c02cd4b
143fc26c
02af558c
15fdf7ed
02b315ad
15c2358b
029c416b
0015b58a
5c02ad4b
15aa2b0c
0290f18c
14feda4d
0292d1ad
1554f14b
0282216b
0015b58a
5c028d4b
1595602c
0296c18c
14c7c02d
02b901ad
1552a04b
02afc16b
0015b58a
5c026d4b
14a4030c
029d018c
15dedc4d
028331ad
157adf4b
029e316b
0015b58a
5c024d4b
1525eccc
02b4e18c
155264ad
02aa01ad
1477882b
029ee16b
0015b58a
5c022d4b
1407264c
0286898c
14cad4ed
02a4a5ad
14cdf2ab
02a22d6b
0015b58a
5c020d4b
152f35cc
0285d98c
1411500d
02a691ad
153e7a4b
02a3496b
0015b58a
5c01ed4b
15b17bac
02b9618c
1550314d
029991ad
14e14aeb
02a0f16b
0015b58a
5c01cd4b
15d9ca6c
028fc18c
152645ed
028aa1ad
14ff8f8b
0285616b
0015b58a
5c01ad4b
153454cc
02ae2d8c
1588072d
02ba39ad
14bc53ab
0294156b
0015b58a
5c018d4b
1489ca0c
02b2618c
1528deed
02b2c9ad
15a1172b
0280a96b
0015b58a
5c016d4b
1479d8ac
028bf18c
150da10d
02a67dad
1574786b
02ad8d6b
0015b58a
5c014d4b
143d8f6c
02b9c18c
146b8ded
02a469ad
1456028b
029da96b
0015b58a
5c012d4b
149b528c
02ad798c
15d9c6ed
02b811ad
154294ab
0295696b
0015b58a
5c010d4b
1584e44c
02b1ed8c
1468a76d
028cb9ad
15ec436b
02bd556b
0015b58a
5c00ed4b
155ef42c
028b618c
1480420d
028231ad
15deb62b
0289516b
0015b58a
5c00cd4b
1436b3ec
02b7c18c
1595f82d
029d51ad
15a34c0b
02aa916b
0015b58a
5c00ad4b
15cf7aec
029d498c
15fe3a0d
028ae1ad
143140eb
0297a96b
0015b58a
5c008d4b
14fc254c
028ff18c
14eb77ad
02a79dad
141752eb
02a86d6b
0015b58a
5c006d4b
152ceacc
0296018c
15a999cd
02a581ad
1485738b
02b3816b
0015b58a
5c004d4b
15a2210c
02a3018c
15a5e8cd
02b081ad
1407c84b
0293816b
0015b58a
5c002d4b
1400000c
0280018c
1400000d
028001ad
1400000b
0280016b
0015b58a
5c000d4b
5c000b20
0280075a
0040e2ed
001569ac
2980030c
4c000020
4c000020
