memory_initialization_radix = 16;
memory_initialization_vector =
02bffc0c
02bffc0c
50fff800
1500000c
028005ad
0015018e
00104a2f
28800190
00000000
00000000
00000000
00000000
00000000
00000000
00000000
00000000
00000000
00000000
00000000
00000000
00000000
00000000
00000000
00000000
00000000
00000000
00000000
00000000
00000000
00000000
00000000
00000000
00000000
00000000
00000000
00000000
00000000
00000000
00000000
00000000
00000000
00000000
00000000
00000000
00000000
00000000
00000000
00000000
00000000
00000000
00000000
00000000
00000000
00000000
00000000
00000000
00000000
00000000
00000000
1500000c
028005ad
0015018e
00104a2f
28800190
0280058c
157f600e
02bc41ce
298001c0
50000000
1500000c
028005ad
0015018e
00104a2f
28800190
00000000
00000000
00000000
00000000
00000000
00000000
00000000
00000000
00000000
00000000
00000000
00000000
00000000
00000000
00000000
00000000
00000000
00000000
00000000
00000000
00000000
00000000
00000000
00000000
00000000
00000000
00000000
00000000
00000000
00000000
00000000
00000000
00000000
00000000
00000000
00000000
00000000
00000000
00000000
00000000
00000000
00000000
00000000
00000000
00000000
00000000
00000000
00000000
00000000
00000000
00000000
00000000
00000000
00000000
00000000
00000000
00000000
00000000
00000000
00000000
00000000
00000000
00000000
00000000
00000000
00000000
00000000
00000000
00000000
00000000
00000000
00000000
00000000
00000000
00000000
00000000
00000000
00000000
00000000
00000000
00000000
00000000
00000000
00000000
00000000
00000000
00000000
00000000
00000000
00000000
00000000
00000000
00000000
00000000
00000000
00000000
00000000
00000000
00000000
00000000
00000000
00000000
00000000
00000000
00000000
00000000
00000000
00000000
00000000
00000000
00000000
00000000
00000000
00000000
00000000
00000000
00000000
00000000
00000000
00000000
00000000
00000000
00000000
00000000
00000000
00000000
00000000
00000000
00000000
00000000
00000000
00000000
00000000
00000000
00000000
00000000
00000000
00000000
00000000
00000000
00000000
00000000
00000000
00000000
00000000
00000000
00000000
00000000
00000000
00000000
00000000
00000000
00000000
00000000
00000000
00000000
00000000
00000000
00000000
00000000
00000000
00000000
00000000
00000000
00000000
00000000
00000000
00000000
00000000
00000000
00000000
00000000
00000000
00000000
00000000
00000000
00000000
00000000
00000000
00000000
00000000
00000000
00000000
00000000
00000000
00000000
00000000
00000000
00000000
00000000
00000000
00000000
00000000
00000000
00000000
00000000
00000000
00000000
00000000
00000000
00000000
00000000
00000000
00000000
00000000
00000000
00000000
00000000
00000000
00000000
00000000
00000000
00000000
00000000
00000000
00000000
00000000
00000000
00000000
00000000
00000000
00000000
00000000
00000000
00000000
00000000
00000000
00000000
00000000
00000000
00000000
00000000
00000000
00000000
00000000
00000000
00000000
00000000
00000000
00000000
00000000
00000000
00000000
00000000
00000000
00000000
00000000
00000000
00000000
00000000
00000000
00000000
00000000
00000000
00000000
00000000
00000000
00000000
00000000
00000000
00000000
00000000
00000000
00000000
00000000
00000000
00000000
00000000
00000000
00000000
00000000
00000000
00000000
00000000
00000000
00000000
00000000
00000000
00000000
00000000
00000000
00000000
00000000
00000000
00000000
00000000
00000000
00000000
00000000
00000000
00000000
00000000
00000000
00000000
00000000
00000000
00000000
00000000
00000000
00000000
00000000
00000000
00000000
00000000
00000000
00000000
00000000
00000000
00000000
00000000
00000000
00000000
00000000
00000000
00000000
00000000
00000000
00000000
00000000
00000000
00000000
00000000
00000000
00000000
00000000
00000000
00000000
00000000
00000000
00000000
00000000
00000000
00000000
00000000
00000000
00000000
00000000
00000000
00000000
00000000
00000000
00000000
00000000
00000000
00000000
00000000
00000000
00000000
00000000
00000000
00000000
00000000
00000000
00000000
00000000
00000000
00000000
00000000
00000000
00000000
00000000
00000000
00000000
00000000
00000000
00000000
00000000
00000000
00000000
00000000
00000000
00000000
00000000
00000000
00000000
00000000
00000000
00000000
00000000
00000000
00000000
00000000
00000000
00000000
00000000
00000000
00000000
00000000
00000000
00000000
00000000
00000000
00000000
00000000
00000000
00000000
00000000
00000000
00000000
00000000
00000000
00000000
00000000
00000000
00000000
00000000
00000000
00000000
00000000
00000000
00000000
00000000
00000000
00000000
00000000
00000000
00000000
00000000
00000000
00000000
00000000
00000000
00000000
00000000
00000000
00000000
00000000
00000000
00000000
00000000
00000000
00000000
00000000
00000000
00000000
00000000
00000000
00000000
00000000
00000000
00000000
00000000
00000000
00000000
00000000
00000000
00000000
00000000
00000000
00000000
00000000
00000000
00000000
00000000
00000000
00000000
00000000
00000000
00000000
00000000
00000000
00000000
00000000
00000000
00000000
00000000
00000000
00000000
00000000
00000000
00000000
00000000
00000000
00000000
00000000
00000000
00000000
00000000
00000000
00000000
00000000
00000000
00000000
00000000
00000000
00000000
00000000
00000000
00000000
00000000
00000000
00000000
00000000
00000000
00000000
00000000
00000000
00000000
00000000
00000000
00000000
00000000
00000000
00000000
00000000
00000000
00000000
00000000
00000000
00000000
00000000
00000000
00000000
00000000
00000000
00000000
00000000
00000000
00000000
00000000
00000000
00000000
00000000
00000000
00000000
00000000
00000000
00000000
00000000
00000000
00000000
00000000
00000000
00000000
00000000
00000000
00000000
00000000
00000000
00000000
00000000
00000000
00000000
00000000
00000000
00000000
00000000
00000000
00000000
00000000
00000000
00000000
00000000
00000000
00000000
00000000
00000000
00000000
00000000
00000000
00000000
00000000
00000000
00000000
00000000
00000000
00000000
00000000
00000000
00000000
00000000
00000000
00000000
00000000
00000000
00000000
00000000
00000000
00000000
00000000
00000000
00000000
00000000
00000000
00000000
00000000
00000000
00000000
00000000
00000000
00000000
00000000
00000000
00000000
00000000
00000000
00000000
00000000
00000000
00000000
00000000
00000000
00000000
00000000
00000000
00000000
00000000
00000000
00000000
00000000
00000000
00000000
00000000
00000000
00000000
00000000
00000000
00000000
00000000
00000000
00000000
00000000
00000000
00000000
00000000
00000000
00000000
00000000
00000000
00000000
00000000
00000000
00000000
00000000
00000000
00000000
00000000
00000000
00000000
00000000
00000000
00000000
00000000
00000000
00000000
00000000
00000000
00000000
00000000
00000000
00000000
00000000
00000000
00000000
00000000
00000000
00000000
00000000
00000000
00000000
00000000
00000000
00000000
00000000
00000000
00000000
00000000
00000000
00000000
00000000
00000000
00000000
00000000
00000000
00000000
00000000
00000000
00000000
00000000
00000000
00000000
00000000
00000000
00000000
00000000
00000000
00000000
00000000
00000000
00000000
00000000
00000000
00000000
00000000
00000000
00000000
00000000
00000000
00000000
00000000
00000000
00000000
00000000
00000000
00000000
00000000
00000000
00000000
00000000
00000000
00000000
00000000
00000000
00000000
00000000
00000000
00000000
00000000
00000000
00000000
00000000
00000000
00000000
00000000
00000000
00000000
00000000
00000000
00000000
00000000
00000000
00000000
00000000
00000000
00000000
00000000
00000000
00000000
00000000
00000000
00000000
00000000
00000000
00000000
00000000
00000000
00000000
00000000
00000000
00000000
00000000
00000000
00000000
00000000
00000000
00000000
00000000
00000000
00000000
00000000
00000000
00000000
00000000
00000000
00000000
00000000
00000000
00000000
00000000
00000000
00000000
00000000
00000000
00000000
00000000
00000000
00000000
00000000
00000000
00000000
00000000
00000000
00000000
00000000
00000000
00000000
00000000
00000000
00000000
00000000
00000000
00000000
00000000
00000000
00000000
00000000
00000000
00000000
00000000
00000000
00000000
00000000
00000000
00000000
00000000
00000000
00000000
00000000
00000000
00000000
00000000
00000000
00000000
00000000
00000000
00000000
00000000
00000000
00000000
00000000
00000000
00000000
00000000
00000000
00000000
00000000
00000000
00000000
00000000
00000000
00000000
00000000
00000000
00000000
00000000
00000000
00000000
00000000
00000000
00000000
00000000
00000000
00000000
00000000
00000000
00000000
00000000
00000000
00000000
00000000
00000000
00000000
00000000
00000000
00000000
00000000
00000000
00000000
00000000
00000000
00000000
00000000
00000000
00000000
00000000
00000000
00000000
00000000
00000000
00000000
00000000
00000000
00000000
00000000
00000000
00000000
00000000
00000000
00000000
00000000
00000000
00000000
00000000
00000000
00000000
00000000
00000000
00000000
00000000
00000000
00000000
00000000
00000000
00000000
00000000
00000000
00000000
00000000
00000000
00000000
00000000
00000000
00000000
00000000
00000000
00000000
00000000
00000000
00000000
00000000
00000000
00000000
00000000
00000000
00000000
00000000
00000000
00000000
00000000
00000000
00000000
00000000
00000000
00000000
00000000
00000000
00000000
00000000
00000000
00000000
00000000
00000000
00000000
00000000
00000000
00000000
00000000
00000000
00000000
00000000
00000000
00000000
00000000
00000000
00000000
00000000
00000000
00000000
00000000
00000000
00000000
00000000
00000000
00000000
00000000
00000000
00000000
00000000
00000000
00000000
00000000
00000000
00000000
00000000
00000000
00000000
00000000
00000000
00000000
00000000
00000000
00000000
00000000
00000000
00000000
00000000
00000000
00000000
00000000
00000000
00000000
00000000
00000000
00000000
00000000
00000000
00000000
00000000
00000000
00000000
00000000
00000000
00000000
00000000
00000000
00000000
00000000
00000000
00000000
00000000
00000000
00000000
00000000
00000000
00000000
00000000
00000000
00000000
00000000
00000000
00000000
00000000
00000000
00000000
00000000
00000000
00000000
00000000
00000000
00000000
00000000
00000000
00000000
00000000
00000000
00000000
00000000
00000000
00000000
00000000
00000000
00000000
00000000
00000000
00000000
00000000
00000000
00000000
00000000
00000000
00000000
00000000
00000000
00000000
00000000
00000000
00000000
00000000
00000000
00000000
00000000
00000000
00000000
00000000
00000000
00000000
00000000
00000000
00000000
00000000
00000000
00000000
00000000
00000000
00000000
00000000
00000000
00000000
00000000
00000000
00000000
00000000
00000000
00000000
00000000
00000000
00000000
00000000
00000000
00000000
00000000
00000000
00000000
00000000
00000000
00000000
00000000
00000000
00000000
00000000
00000000
00000000
00000000
00000000
00000000
00000000
00000000
00000000
00000000
00000000
00000000
00000000
00000000
00000000
00000000
00000000
00000000
00000000
00000000
00000000
00000000
00000000
00000000
00000000
00000000
00000000
00000000
00000000
00000000
00000000
00000000
00000000
00000000
00000000
00000000
00000000
00000000
00000000
00000000
00000000
00000000
00000000
00000000
00000000
00000000
00000000
00000000
00000000
00000000
00000000
00000000
00000000
00000000
00000000
00000000
00000000
00000000
00000000
00000000
00000000
00000000
00000000
00000000
00000000
00000000
00000000
00000000
00000000
00000000
00000000
00000000
00000000
00000000
00000000
00000000
00000000
00000000
00000000
00000000
00000000
00000000
00000000
00000000
00000000
00000000
00000000
00000000
00000000
00000000
00000000
00000000
00000000
00000000
00000000
00000000
00000000
00000000
00000000
00000000
00000000
00000000
00000000
00000000
00000000
00000000
00000000
00000000
00000000
00000000
00000000
00000000
00000000
00000000
00000000
00000000
00000000
00000000
00000000
00000000
00000000
00000000
00000000
00000000
00000000
00000000
00000000
00000000
00000000
00000000
00000000
00000000
00000000
00000000
00000000
00000000
00000000
00000000
00000000
00000000
00000000
00000000
00000000
00000000
00000000
00000000
00000000
00000000
00000000
00000000
00000000
00000000
00000000
00000000
00000000
00000000
00000000
00000000
00000000
00000000
00000000
00000000
00000000
00000000
00000000
00000000
00000000
00000000
00000000
00000000
00000000
00000000
00000000
00000000
00000000
00000000
00000000
00000000
00000000
00000000
00000000
00000000
00000000
00000000
00000000
00000000
00000000
00000000
00000000
00000000
00000000
00000000
00000000
00000000
00000000
00000000
00000000
00000000
00000000
00000000
00000000
00000000
00000000
00000000
00000000
00000000
00000000
00000000
00000000
00000000
00000000
00000000
00000000
00000000
00000000
00000000
00000000
00000000
00000000
00000000
00000000
00000000
00000000
00000000
00000000
00000000
00000000
00000000
00000000
00000000
00000000
00000000
00000000
00000000
00000000
00000000
00000000
00000000
00000000
00000000
00000000
00000000
00000000
00000000
00000000
00000000
00000000
00000000
00000000
00000000
00000000
00000000
00000000
00000000
00000000
00000000
00000000
00000000
00000000
00000000
00000000
00000000
00000000
00000000
00000000
00000000
00000000
00000000
00000000
00000000
00000000
00000000
00000000
00000000
00000000
00000000
00000000
00000000
00000000
00000000
00000000
00000000
00000000
00000000
00000000
00000000
00000000
00000000
00000000
00000000
00000000
00000000
00000000
00000000
00000000
00000000
00000000
00000000
00000000
00000000
00000000
00000000
00000000
00000000
00000000
00000000
00000000
00000000
00000000
00000000
00000000
00000000
00000000
00000000
00000000
00000000
00000000
00000000
00000000
00000000
00000000
00000000
00000000
00000000
00000000
00000000
00000000
00000000
00000000
00000000
00000000
00000000
00000000
00000000
00000000
00000000
00000000
00000000
00000000
00000000
00000000
00000000
00000000
00000000
00000000
00000000
00000000
00000000
00000000
00000000
00000000
00000000
00000000
00000000
00000000
00000000
00000000
00000000
00000000
00000000
00000000
00000000
00000000
00000000
00000000
00000000
00000000
00000000
00000000
00000000
00000000
00000000
00000000
00000000
00000000
00000000
00000000
00000000
00000000
00000000
00000000
00000000
00000000
00000000
00000000
00000000
00000000
00000000
00000000
00000000
00000000
00000000
00000000
00000000
00000000
00000000
00000000
00000000
00000000
00000000
00000000
00000000
00000000
00000000
00000000
00000000
00000000
00000000
00000000
00000000
00000000
00000000
00000000
00000000
00000000
00000000
00000000
00000000
00000000
00000000
00000000
00000000
00000000
00000000
00000000
00000000
00000000
00000000
00000000
00000000
00000000
00000000
00000000
00000000
00000000
00000000
00000000
00000000
00000000
00000000
00000000
00000000
00000000
00000000
00000000
00000000
00000000
00000000
00000000
00000000
00000000
00000000
00000000
00000000
00000000
00000000
00000000
00000000
00000000
00000000
00000000
00000000
00000000
00000000
00000000
00000000
00000000
00000000
00000000
00000000
00000000
00000000
00000000
00000000
00000000
00000000
00000000
00000000
00000000
00000000
00000000
00000000
00000000
00000000
00000000
00000000
00000000
00000000
00000000
00000000
00000000
00000000
00000000
00000000
00000000
00000000
00000000
00000000
00000000
00000000
00000000
00000000
00000000
00000000
00000000
00000000
00000000
00000000
00000000
00000000
00000000
00000000
00000000
00000000
00000000
00000000
00000000
00000000
00000000
00000000
00000000
00000000
00000000
00000000
00000000
00000000
00000000
00000000
00000000
00000000
00000000
00000000
00000000
00000000
00000000
00000000
00000000
00000000
00000000
00000000
00000000
00000000
00000000
00000000
00000000
00000000
00000000
00000000
00000000
00000000
00000000
00000000
00000000
00000000
00000000
00000000
00000000
00000000
00000000
00000000
00000000
00000000
00000000
00000000
00000000
00000000
00000000
00000000
00000000
00000000
00000000
00000000
00000000
00000000
00000000
00000000
00000000
00000000
00000000
00000000
00000000
00000000
00000000
00000000
00000000
00000000
00000000
00000000
00000000
00000000
00000000
00000000
00000000
00000000
00000000
00000000
00000000
00000000
00000000
00000000
00000000
00000000
00000000
00000000
00000000
00000000
00000000
00000000
00000000
00000000
00000000
00000000
00000000
00000000
00000000
00000000
00000000
00000000
00000000
00000000
00000000
00000000
00000000
00000000
00000000
00000000
00000000
00000000
00000000
00000000
00000000
00000000
00000000
00000000
00000000
00000000
00000000
00000000
00000000
00000000
00000000
00000000
00000000
00000000
00000000
00000000
00000000
00000000
00000000
00000000
00000000
00000000
00000000
00000000
00000000
00000000
00000000
00000000
00000000
00000000
00000000
00000000
00000000
00000000
00000000
00000000
00000000
00000000
00000000
00000000
00000000
00000000
00000000
00000000
00000000
00000000
00000000
00000000
00000000
00000000
00000000
00000000
00000000
00000000
00000000
00000000
00000000
00000000
00000000
00000000
00000000
00000000
00000000
00000000
00000000
00000000
00000000
00000000
00000000
00000000
00000000
00000000
00000000
00000000
00000000
00000000
00000000
00000000
00000000
00000000
00000000
00000000
00000000
00000000
00000000
00000000
00000000
00000000
00000000
00000000
00000000
00000000
00000000
00000000
00000000
00000000
00000000
00000000
00000000
00000000
00000000
00000000
00000000
00000000
00000000
00000000
00000000
00000000
00000000
00000000
00000000
00000000
00000000
00000000
00000000
00000000
00000000
00000000
00000000
00000000
00000000
00000000
00000000
00000000
00000000
00000000
00000000
00000000
00000000
00000000
00000000
00000000
00000000
00000000
00000000
00000000
00000000
00000000
00000000
00000000
00000000
00000000
00000000
00000000
00000000
00000000
00000000
00000000
00000000
00000000
00000000
00000000
00000000
00000000
00000000
00000000
00000000
00000000
00000000
00000000
00000000
00000000
00000000
00000000
00000000
00000000
00000000
00000000
00000000
00000000
00000000
00000000
00000000
00000000
00000000
00000000
00000000
00000000
00000000
00000000
00000000
00000000
00000000
00000000
00000000
00000000
00000000
00000000
00000000
00000000
00000000
00000000
00000000
00000000
00000000
00000000
00000000
00000000
00000000
00000000
00000000
00000000
00000000
00000000
00000000
00000000
00000000
00000000
00000000
00000000
00000000
00000000
00000000
00000000
00000000
00000000
00000000
00000000
00000000
00000000
00000000
00000000
00000000
00000000
00000000
00000000
00000000
00000000
00000000
00000000
00000000
00000000
00000000
00000000
00000000
00000000
00000000
00000000
00000000
00000000
00000000
00000000
00000000
00000000
00000000
00000000
00000000
00000000
00000000
00000000
00000000
00000000
00000000
00000000
00000000
00000000
00000000
00000000
00000000
00000000
00000000
00000000
00000000
00000000
00000000
00000000
00000000
00000000
00000000
00000000
00000000
00000000
00000000
00000000
00000000
00000000
00000000
00000000
00000000
00000000
00000000
00000000
00000000
00000000
00000000
00000000
00000000
00000000
00000000
00000000
00000000
00000000
00000000
00000000
00000000
00000000
00000000
00000000
00000000
00000000
00000000
00000000
00000000
00000000
00000000
00000000
00000000
00000000
00000000
00000000
00000000
00000000
00000000
00000000
00000000
00000000
00000000
00000000
00000000
00000000
00000000
00000000
00000000
00000000
00000000
00000000
00000000
00000000
00000000
00000000
00000000
00000000
00000000
00000000
00000000
00000000
00000000
00000000
00000000
00000000
00000000
00000000
00000000
00000000
00000000
00000000
00000000
00000000
00000000
00000000
00000000
00000000
00000000
00000000
00000000
00000000
00000000
00000000
00000000
00000000
00000000
00000000
00000000
00000000
00000000
00000000
00000000
00000000
00000000
00000000
00000000
00000000
00000000
00000000
00000000
00000000
00000000
00000000
00000000
00000000
00000000
00000000
00000000
00000000
00000000
00000000
00000000
00000000
00000000
00000000
00000000
00000000
00000000
00000000
00000000
00000000
00000000
00000000
00000000
00000000
00000000
00000000
00000000
00000000
00000000
00000000
00000000
00000000
00000000
00000000
00000000
00000000
00000000
00000000
00000000
00000000
00000000
00000000
00000000
00000000
00000000
00000000
00000000
00000000
00000000
00000000
00000000
00000000
00000000
00000000
00000000
00000000
00000000
00000000
00000000
00000000
00000000
00000000
00000000
00000000
00000000
00000000
00000000
00000000
00000000
00000000
00000000
00000000
00000000
00000000
00000000
00000000
00000000
00000000
00000000
00000000
00000000
00000000
00000000
00000000
00000000
00000000
00000000
00000000
00000000
00000000
00000000
00000000
00000000
00000000
00000000
00000000
00000000
00000000
00000000
00000000
00000000
00000000
00000000
00000000
00000000
00000000
00000000
00000000
00000000
00000000
00000000
00000000
00000000
00000000
00000000
00000000
00000000
00000000
00000000
00000000
00000000
00000000
00000000
00000000
00000000
00000000
00000000
00000000
00000000
00000000
00000000
00000000
00000000
00000000
00000000
00000000
00000000
00000000
00000000
00000000
00000000
00000000
00000000
00000000
00000000
00000000
00000000
00000000
00000000
00000000
00000000
00000000
00000000
00000000
00000000
00000000
00000000
00000000
00000000
00000000
00000000
00000000
00000000
00000000
00000000
00000000
00000000
00000000
00000000
00000000
00000000
00000000
00000000
00000000
00000000
00000000
00000000
00000000
00000000
00000000
00000000
00000000
00000000
00000000
00000000
00000000
00000000
00000000
00000000
00000000
00000000
00000000
00000000
00000000
00000000
00000000
00000000
00000000
00000000
00000000
00000000
00000000
00000000
00000000
00000000
00000000
00000000
00000000
00000000
00000000
00000000
00000000
00000000
00000000
00000000
00000000
00000000
00000000
00000000
00000000
00000000
00000000
00000000
00000000
00000000
00000000
00000000
00000000
00000000
00000000
00000000
00000000
00000000
00000000
00000000
00000000
00000000
00000000
00000000
00000000
00000000
00000000
00000000
00000000
00000000
00000000
00000000
00000000
00000000
00000000
00000000
00000000
00000000
00000000
00000000
00000000
00000000
00000000
00000000
00000000
00000000
00000000
00000000
00000000
00000000
00000000
00000000
00000000
00000000
00000000
00000000
00000000
00000000
00000000
00000000
00000000
00000000
00000000
00000000
00000000
00000000
00000000
00000000
00000000
00000000
00000000
00000000
00000000
00000000
00000000
00000000
00000000
00000000
00000000
00000000
00000000
00000000
00000000
00000000
00000000
00000000
00000000
00000000
00000000
00000000
00000000
00000000
00000000
00000000
00000000
00000000
00000000
00000000
00000000
00000000
00000000
00000000
00000000
00000000
00000000
00000000
00000000
00000000
00000000
00000000
00000000
00000000
00000000
00000000
00000000
00000000
00000000
00000000
00000000
00000000
00000000
00000000
00000000
00000000
00000000
00000000
00000000
00000000
00000000
00000000
00000000
00000000
00000000
00000000
00000000
00000000
00000000
00000000
00000000
00000000
00000000
00000000
00000000
00000000
00000000
00000000
00000000
00000000
00000000
00000000
00000000
00000000
00000000
00000000
00000000
00000000
00000000
00000000
00000000
00000000
00000000
00000000
00000000
00000000
00000000
00000000
00000000
00000000
00000000
00000000
00000000
00000000
00000000
00000000
00000000
00000000
00000000
00000000
00000000
00000000
00000000
00000000
00000000
00000000
00000000
00000000
00000000
00000000
00000000
00000000
00000000
00000000
00000000
00000000
00000000
00000000
00000000
00000000
00000000
00000000
00000000
00000000
00000000
00000000
00000000
00000000
00000000
00000000
00000000
00000000
00000000
00000000
00000000
00000000
00000000
00000000
00000000
00000000
00000000
00000000
00000000
00000000
00000000
00000000
00000000
00000000
00000000
00000000
00000000
00000000
00000000
00000000
00000000
00000000
00000000
00000000
00000000
00000000
00000000
00000000
00000000
00000000
00000000
00000000
00000000
00000000
00000000
00000000
00000000
00000000
00000000
00000000
00000000
00000000
00000000
00000000
00000000
00000000
00000000
00000000
00000000
00000000
00000000
00000000
00000000
00000000
00000000
00000000
00000000
00000000
00000000
00000000
00000000
00000000
00000000
00000000
00000000
00000000
00000000
00000000
00000000
00000000
00000000
00000000
00000000
00000000
00000000
00000000
00000000
00000000
00000000
00000000
00000000
00000000
00000000
00000000
00000000
00000000
00000000
00000000
00000000
00000000
00000000
00000000
00000000
00000000
00000000
00000000
00000000
00000000
00000000
00000000
00000000
00000000
00000000
00000000
00000000
00000000
00000000
00000000
00000000
00000000
00000000
00000000
00000000
00000000
00000000
00000000
00000000
00000000
00000000
00000000
00000000
00000000
00000000
00000000
00000000
00000000
00000000
00000000
00000000
00000000
00000000
00000000
00000000
00000000
00000000
00000000
00000000
00000000
00000000
00000000
00000000
00000000
00000000
00000000
00000000
00000000
00000000
00000000
00000000
00000000
00000000
00000000
00000000
00000000
00000000
00000000
00000000
00000000
00000000
00000000
00000000
00000000
00000000
00000000
00000000
00000000
00000000
00000000
00000000
00000000
00000000
00000000
00000000
00000000
00000000
00000000
00000000
00000000
00000000
00000000
00000000
00000000
00000000
00000000
00000000
00000000
00000000
00000000
00000000
00000000
00000000
00000000
00000000
00000000
00000000
00000000
00000000
00000000
00000000
00000000
00000000
00000000
00000000
00000000
00000000
00000000
00000000
00000000
00000000
00000000
00000000
00000000
00000000
00000000
00000000
00000000
00000000
00000000
00000000
00000000
00000000
00000000
00000000
00000000
00000000
00000000
00000000
00000000
00000000
00000000
00000000
00000000
00000000
00000000
00000000
00000000
00000000
00000000
00000000
00000000
00000000
00000000
00000000
00000000
00000000
00000000
00000000
00000000
00000000
00000000
00000000
00000000
00000000
00000000
00000000
00000000
00000000
00000000
00000000
00000000
00000000
00000000
00000000
00000000
00000000
00000000
00000000
00000000
00000000
00000000
00000000
00000000
00000000
00000000
00000000
00000000
00000000
00000000
00000000
00000000
00000000
00000000
00000000
00000000
00000000
00000000
00000000
00000000
00000000
00000000
00000000
00000000
00000000
00000000
00000000
00000000
00000000
00000000
00000000
00000000
00000000
00000000
00000000
00000000
00000000
00000000
00000000
00000000
00000000
00000000
00000000
00000000
00000000
00000000
00000000
00000000
00000000
00000000
00000000
00000000
00000000
00000000
00000000
00000000
00000000
00000000
00000000
00000000
00000000
00000000
00000000
00000000
00000000
00000000
00000000
00000000
00000000
00000000
00000000
00000000
00000000
00000000
00000000
00000000
00000000
00000000
00000000
00000000
00000000
00000000
00000000
00000000
00000000
00000000
00000000
00000000
00000000
00000000
00000000
00000000
00000000
00000000
00000000
00000000
00000000
00000000
00000000
00000000
00000000
00000000
00000000
00000000
00000000
00000000
00000000
00000000
00000000
00000000
00000000
00000000
00000000
00000000
00000000
00000000
00000000
00000000
00000000
00000000
00000000
00000000
00000000
00000000
00000000
00000000
00000000
00000000
00000000
00000000
00000000
00000000
00000000
00000000
00000000
00000000
00000000
00000000
00000000
00000000
00000000
00000000
00000000
00000000
00000000
00000000
00000000
00000000
00000000
00000000
00000000
00000000
00000000
00000000
00000000
00000000
00000000
00000000
00000000
00000000
00000000
00000000
00000000
00000000
00000000
00000000
00000000
00000000
00000000
00000000
00000000
00000000
00000000
00000000
00000000
00000000
00000000
00000000
00000000
00000000
00000000
00000000
00000000
00000000
00000000
00000000
00000000
00000000
00000000
00000000
00000000
00000000
00000000
00000000
00000000
00000000
00000000
00000000
00000000
00000000
00000000
00000000
00000000
00000000
00000000
00000000
00000000
00000000
00000000
00000000
00000000
00000000
00000000
00000000
00000000
00000000
00000000
00000000
00000000
00000000
00000000
00000000
00000000
00000000
00000000
00000000
00000000
00000000
00000000
00000000
00000000
00000000
00000000
00000000
00000000
00000000
00000000
00000000
00000000
00000000
00000000
00000000
00000000
00000000
00000000
00000000
00000000
00000000
00000000
00000000
00000000
00000000
00000000
00000000
00000000
00000000
00000000
00000000
00000000
00000000
00000000
00000000
00000000
00000000
00000000
00000000
00000000
00000000
00000000
00000000
00000000
00000000
00000000
00000000
00000000
00000000
00000000
00000000
00000000
00000000
00000000
00000000
00000000
00000000
00000000
00000000
00000000
00000000
00000000
00000000
00000000
00000000
00000000
00000000
00000000
00000000
00000000
00000000
00000000
00000000
00000000
00000000
00000000
00000000
00000000
00000000
00000000
00000000
00000000
00000000
00000000
00000000
00000000
00000000
00000000
00000000
00000000
00000000
00000000
00000000
00000000
00000000
00000000
00000000
00000000
00000000
00000000
00000000
00000000
00000000
00000000
00000000
00000000
00000000
00000000
00000000
00000000
00000000
00000000
00000000
00000000
00000000
00000000
00000000
00000000
00000000
00000000
00000000
00000000
00000000
00000000
00000000
00000000
00000000
00000000
00000000
00000000
00000000
00000000
00000000
00000000
00000000
00000000
00000000
00000000
00000000
00000000
00000000
00000000
00000000
00000000
00000000
00000000
00000000
00000000
00000000
00000000
00000000
00000000
00000000
00000000
00000000
00000000
00000000
00000000
00000000
00000000
00000000
00000000
00000000
00000000
00000000
00000000
00000000
00000000
00000000
00000000
00000000
00000000
00000000
00000000
00000000
00000000
00000000
00000000
00000000
00000000
00000000
00000000
00000000
00000000
00000000
00000000
00000000
00000000
00000000
00000000
00000000
00000000
00000000
00000000
00000000
00000000
00000000
00000000
00000000
00000000
00000000
00000000
00000000
00000000
00000000
00000000
00000000
00000000
00000000
00000000
00000000
00000000
00000000
00000000
00000000
00000000
00000000
00000000
00000000
00000000
00000000
00000000
00000000
00000000
00000000
00000000
00000000
00000000
00000000
00000000
00000000
00000000
00000000
00000000
00000000
00000000
00000000
00000000
00000000
00000000
00000000
00000000
00000000
00000000
00000000
00000000
00000000
00000000
00000000
00000000
00000000
00000000
00000000
00000000
00000000
00000000
00000000
00000000
00000000
00000000
00000000
00000000
00000000
00000000
00000000
00000000
00000000
00000000
00000000
00000000
00000000
00000000
00000000
00000000
00000000
00000000
00000000
00000000
00000000
00000000
00000000
00000000
00000000
00000000
00000000
00000000
00000000
00000000
00000000
00000000
00000000
00000000
00000000
00000000
00000000
00000000
00000000
00000000
00000000
00000000
00000000
00000000
00000000
00000000
00000000
00000000
00000000
00000000
00000000
00000000
00000000
00000000
00000000
00000000
00000000
00000000
00000000
00000000
00000000
00000000
00000000
00000000
00000000
00000000
00000000
00000000
00000000
00000000
00000000
00000000
00000000
00000000
00000000
00000000
00000000
00000000
00000000
00000000
00000000
00000000
00000000
00000000
00000000
00000000
00000000
00000000
00000000
00000000
00000000
00000000
00000000
00000000
00000000
00000000
00000000
00000000
00000000
00000000
00000000
00000000
00000000
00000000
00000000
00000000
00000000
00000000
00000000
00000000
00000000
00000000
00000000
00000000
00000000
00000000
00000000
00000000
00000000
00000000
00000000
00000000
00000000
00000000
00000000
00000000
00000000
00000000
00000000
00000000
00000000
00000000
00000000
00000000
00000000
00000000
00000000
00000000
00000000
00000000
00000000
00000000
00000000
00000000
00000000
00000000
00000000
00000000
00000000
00000000
00000000
00000000
00000000
00000000
00000000
00000000
00000000
00000000
00000000
00000000
00000000
00000000
00000000
00000000
00000000
00000000
00000000
00000000
00000000
00000000
00000000
00000000
00000000
00000000
00000000
00000000
00000000
00000000
00000000
00000000
00000000
00000000
00000000
00000000
00000000
00000000
00000000
00000000
00000000
00000000
00000000
00000000
00000000
00000000
00000000
00000000
00000000
00000000
00000000
00000000
00000000
00000000
00000000
00000000
00000000
00000000
00000000
00000000
00000000
00000000
00000000
00000000
00000000
00000000
00000000
00000000
00000000
00000000
00000000
00000000
00000000
00000000
00000000
00000000
00000000
00000000
00000000
00000000
00000000
00000000
00000000
00000000
00000000
00000000
00000000
00000000
00000000
00000000
00000000
00000000
00000000
00000000
00000000
00000000
00000000
00000000
00000000
00000000
00000000
00000000
00000000
00000000
00000000
00000000
00000000
00000000
00000000
00000000
00000000
00000000
00000000
00000000
00000000
00000000
00000000
00000000
00000000
00000000
00000000
00000000
00000000
00000000
00000000
00000000
00000000
00000000
00000000
00000000
00000000
00000000
00000000
00000000
00000000
00000000
00000000
00000000
00000000
00000000
00000000
00000000
00000000
00000000
00000000
00000000
00000000
00000000
00000000
00000000
00000000
00000000
00000000
00000000
00000000
00000000
00000000
00000000
00000000
00000000
00000000
00000000
00000000
00000000
00000000
00000000
00000000
00000000
00000000
00000000
00000000
00000000
00000000
00000000
00000000
00000000
00000000
00000000
00000000
00000000
00000000
00000000
00000000
00000000
00000000
00000000
00000000
00000000
00000000
00000000
00000000
00000000
00000000
00000000
00000000
00000000
00000000
00000000
00000000
00000000
00000000
00000000
00000000
00000000
00000000
00000000
00000000
00000000
00000000
00000000
00000000
00000000
00000000
00000000
00000000
00000000
00000000
00000000
00000000
00000000
00000000
00000000
00000000
00000000
00000000
00000000
00000000
00000000
00000000
00000000
00000000
00000000
00000000
00000000
00000000
00000000
00000000
00000000
00000000
00000000
00000000
00000000
00000000
00000000
00000000
00000000
00000000
00000000
00000000
00000000
00000000
00000000
00000000
00000000
00000000
00000000
00000000
00000000
00000000
00000000
00000000
00000000
00000000
00000000
00000000
00000000
00000000
00000000
00000000
00000000
00000000
00000000
00000000
00000000
00000000
00000000
00000000
00000000
00000000
00000000
00000000
00000000
00000000
00000000
00000000
00000000
00000000
00000000
00000000
00000000
00000000
00000000
00000000
00000000
00000000
00000000
00000000
00000000
00000000
00000000
00000000
00000000
00000000
00000000
00000000
00000000
00000000
00000000
00000000
00000000
00000000
00000000
00000000
00000000
00000000
00000000
00000000
00000000
00000000
00000000
00000000
00000000
00000000
00000000
00000000
00000000
00000000
00000000
00000000
00000000
00000000
00000000
00000000
00000000
00000000
00000000
00000000
00000000
00000000
00000000
00000000
00000000
00000000
00000000
00000000
00000000
00000000
00000000
00000000
00000000
00000000
00000000
00000000
00000000
00000000
00000000
00000000
00000000
00000000
00000000
00000000
00000000
00000000
00000000
00000000
00000000
00000000
00000000
00000000
00000000
00000000
00000000
00000000
00000000
00000000
00000000
00000000
00000000
00000000
00000000
00000000
00000000
00000000
00000000
00000000
00000000
00000000
00000000
00000000
00000000
00000000
00000000
00000000
00000000
00000000
00000000
00000000
00000000
00000000
00000000
00000000
00000000
00000000
00000000
00000000
00000000
00000000
00000000
00000000
00000000
00000000
00000000
00000000
00000000
00000000
00000000
00000000
00000000
00000000
00000000
00000000
00000000
00000000
00000000
00000000
00000000
00000000
00000000
00000000
00000000
00000000
00000000
00000000
00000000
00000000
00000000
00000000
00000000
00000000
00000000
00000000
00000000
00000000
00000000
00000000
00000000
00000000
00000000
00000000
00000000
00000000
00000000
00000000
00000000
00000000
00000000
00000000
00000000
00000000
00000000
00000000
00000000
00000000
00000000
00000000
00000000
00000000
00000000
00000000
00000000
00000000
00000000
00000000
00000000
00000000
00000000
00000000
00000000
00000000
00000000
00000000
00000000
00000000
00000000
00000000
00000000
00000000
00000000
00000000
00000000
00000000
00000000
00000000
00000000
00000000
00000000
00000000
00000000
00000000
00000000
00000000
00000000
00000000
00000000
00000000
00000000
00000000
00000000
00000000
00000000
00000000
00000000
00000000
00000000
00000000
00000000
00000000
00000000
00000000
00000000
00000000
00000000
00000000
00000000
00000000
00000000
00000000
00000000
00000000
00000000
00000000
00000000
00000000
00000000
00000000
00000000
00000000
00000000
00000000
00000000
00000000
00000000
00000000
00000000
00000000
00000000
00000000
00000000
00000000
00000000
00000000
00000000
00000000
00000000
00000000
00000000
00000000
00000000
00000000
00000000
00000000
00000000
00000000
00000000
00000000
00000000
00000000
00000000
00000000
00000000
00000000
00000000
00000000
00000000
00000000
00000000
00000000
00000000
00000000
00000000
00000000
00000000
00000000
00000000
00000000
00000000
00000000
00000000
00000000
00000000
00000000
00000000
00000000
00000000
00000000
00000000
00000000
00000000
00000000
00000000
00000000
00000000
00000000
00000000
00000000
00000000
00000000
00000000
00000000
00000000
00000000
00000000
00000000
00000000
00000000
00000000
00000000
00000000
00000000
00000000
00000000
00000000
00000000
00000000
00000000
00000000
00000000
00000000
00000000
00000000
00000000
00000000
00000000
00000000
00000000
00000000
00000000
00000000
00000000
00000000
00000000
00000000
00000000
00000000
00000000
00000000
00000000
00000000
00000000
00000000
00000000
00000000
00000000
00000000
00000000
00000000
00000000
00000000
00000000
00000000
00000000
00000000
00000000
00000000
00000000
00000000
00000000
00000000
00000000
00000000
00000000
00000000
00000000
00000000
00000000
00000000
00000000
00000000
00000000
00000000
00000000
00000000
00000000
00000000
00000000
00000000
00000000
00000000
00000000
00000000
00000000
00000000
00000000
00000000
00000000
00000000
00000000
00000000
00000000
00000000
00000000
00000000
00000000
00000000
00000000
00000000
00000000
00000000
00000000
00000000
00000000
00000000
00000000
00000000
00000000
00000000
00000000
00000000
00000000
00000000
00000000
00000000
00000000
00000000
00000000
00000000
00000000
00000000
00000000
00000000
00000000
00000000
00000000
00000000
00000000
00000000
00000000
00000000
00000000
00000000
00000000
00000000
00000000
00000000
00000000
00000000
00000000
00000000
00000000
00000000
00000000
00000000
00000000
00000000
00000000
00000000
00000000
00000000
00000000
00000000
00000000
00000000
00000000
00000000
00000000
00000000
00000000
00000000
00000000
00000000
00000000
00000000
00000000
00000000
00000000
00000000
00000000
00000000
00000000
00000000
00000000
00000000
00000000
00000000
00000000
00000000
00000000
00000000
00000000
00000000
00000000
00000000
00000000
00000000
00000000
00000000
00000000
00000000
00000000
00000000
00000000
00000000
00000000
00000000
00000000
00000000
00000000
00000000
00000000
00000000
00000000
00000000
00000000
00000000
00000000
00000000
00000000
00000000
00000000
00000000
00000000
00000000
00000000
00000000
00000000
00000000
00000000
00000000
00000000
00000000
00000000
00000000
00000000
00000000
00000000
00000000
00000000
00000000
00000000
00000000
00000000
00000000
00000000
00000000
00000000
00000000
00000000
00000000
00000000
00000000
00000000
00000000
00000000
00000000
00000000
00000000
00000000
00000000
00000000
00000000
00000000
00000000
00000000
00000000
00000000
00000000
00000000
00000000
00000000
00000000
00000000
00000000
00000000
00000000
00000000
00000000
00000000
00000000
00000000
00000000
00000000
00000000
00000000
00000000
00000000
00000000
00000000
00000000
00000000
00000000
00000000
00000000
00000000
00000000
00000000
00000000
00000000
00000000
00000000
00000000
00000000
00000000
00000000
00000000
00000000
00000000
00000000
00000000
00000000
00000000
00000000
00000000
00000000
00000000
00000000
00000000
00000000
00000000
00000000
00000000
00000000
00000000
00000000
00000000
00000000
00000000
00000000
00000000
00000000
00000000
00000000
00000000
00000000
00000000
00000000
00000000
00000000
00000000
00000000
00000000
00000000
00000000
00000000
00000000
00000000
00000000
00000000
00000000
00000000
00000000
00000000
00000000
00000000
00000000
00000000
00000000
00000000
00000000
00000000
00000000
00000000
00000000
00000000
00000000
00000000
00000000
00000000
00000000
00000000
00000000
00000000
00000000
00000000
00000000
00000000
00000000
00000000
00000000
00000000
00000000
00000000
00000000
00000000
00000000
00000000
00000000
00000000
00000000
00000000
00000000
00000000
00000000
00000000
00000000
00000000
00000000
00000000
00000000
00000000
00000000
00000000
00000000
00000000
00000000
00000000
00000000
00000000
00000000
00000000
00000000
00000000
00000000
00000000
00000000
00000000
00000000
00000000
00000000
00000000
00000000
00000000
00000000
00000000
00000000
00000000
00000000
00000000
00000000
00000000
00000000
00000000
00000000
00000000
00000000
00000000
00000000
00000000
00000000
00000000
00000000
00000000
00000000
00000000
00000000
00000000
00000000
00000000
00000000
00000000
00000000
00000000
00000000
00000000
00000000
00000000
00000000
00000000
00000000
00000000
00000000
00000000
00000000
00000000
00000000
00000000
00000000
00000000
00000000
00000000
00000000
00000000
00000000
00000000
00000000
00000000
00000000
00000000
00000000
00000000
00000000
00000000
00000000
00000000
00000000
00000000
00000000
00000000
00000000
00000000
00000000
00000000
00000000
00000000
00000000
00000000
00000000
00000000
00000000
00000000
00000000
00000000
00000000
00000000
00000000
00000000
00000000
00000000
00000000
00000000
00000000
00000000
00000000
00000000
00000000
00000000
00000000
00000000
00000000
00000000
00000000
00000000
00000000
00000000
00000000
00000000
00000000
00000000
00000000
00000000
00000000
00000000
00000000
00000000
00000000
00000000
00000000
00000000
00000000
00000000
00000000
00000000
00000000
00000000
00000000
00000000
00000000
00000000
00000000
00000000
00000000
00000000
00000000
00000000
00000000
00000000
00000000
00000000
00000000
00000000
00000000
00000000
00000000
00000000
00000000
00000000
00000000
00000000
00000000
00000000
00000000
00000000
00000000
00000000
00000000
00000000
00000000
00000000
00000000
00000000
00000000
00000000
00000000
00000000
00000000
00000000
00000000
00000000
00000000
00000000
00000000
00000000
00000000
00000000
00000000
00000000
00000000
00000000
00000000
00000000
00000000
00000000
00000000
00000000
00000000
00000000
00000000
00000000
00000000
00000000
00000000
00000000
00000000
00000000
00000000
00000000
00000000
00000000
00000000
00000000
00000000
00000000
00000000
00000000
00000000
00000000
00000000
00000000
00000000
00000000
00000000
00000000
00000000
00000000
00000000
00000000
00000000
00000000
00000000
00000000
00000000
00000000
00000000
00000000
00000000
00000000
00000000
00000000
00000000
00000000
00000000
00000000
00000000
00000000
00000000
00000000
00000000
00000000
00000000
00000000
00000000
00000000
00000000
00000000
00000000
00000000
00000000
00000000
00000000
00000000
00000000
00000000
00000000
00000000
00000000
00000000
00000000
00000000
00000000
00000000
00000000
00000000
00000000
00000000
00000000
00000000
00000000
00000000
00000000
00000000
00000000
00000000
00000000
00000000
00000000
00000000
00000000
00000000
00000000
00000000
00000000
00000000
00000000
00000000
00000000
00000000
00000000
00000000
00000000
00000000
00000000
00000000
00000000
00000000
00000000
00000000
00000000
00000000
00000000
00000000
00000000
00000000
00000000
00000000
00000000
00000000
00000000
00000000
00000000
00000000
00000000
00000000
00000000
00000000
00000000
00000000
00000000
00000000
00000000
00000000
00000000
00000000
00000000
00000000
00000000
00000000
00000000
00000000
00000000
00000000
00000000
00000000
00000000
00000000
00000000
00000000
00000000
00000000
00000000
00000000
00000000
00000000
00000000
00000000
00000000
00000000
00000000
00000000
00000000
00000000
00000000
00000000
00000000
00000000
00000000
00000000
00000000
00000000
00000000
00000000
00000000
00000000
00000000
00000000
00000000
00000000
00000000
00000000
00000000
00000000
00000000
00000000
00000000
00000000
00000000
00000000
00000000
00000000
00000000
00000000
00000000
00000000
00000000
00000000
00000000
00000000
00000000
00000000
00000000
00000000
00000000
00000000
00000000
00000000
00000000
00000000
00000000
00000000
00000000
00000000
00000000
00000000
00000000
00000000
00000000
00000000
00000000
00000000
00000000
00000000
00000000
00000000
00000000
00000000
00000000
00000000
00000000
00000000
00000000
00000000
00000000
00000000
00000000
00000000
00000000
00000000
00000000
00000000
00000000
00000000
00000000
00000000
00000000
00000000
00000000
00000000
00000000
00000000
00000000
00000000
00000000
00000000
00000000
00000000
00000000
00000000
00000000
00000000
00000000
00000000
00000000
00000000
00000000
00000000
00000000
00000000
00000000
00000000
00000000
00000000
00000000
00000000
00000000
00000000
00000000
00000000
00000000
00000000
00000000
00000000
00000000
00000000
00000000
00000000
00000000
00000000
00000000
00000000
00000000
00000000
00000000
00000000
00000000
00000000
00000000
00000000
00000000
00000000
00000000
00000000
00000000
00000000
00000000
00000000
00000000
00000000
00000000
00000000
00000000
00000000
00000000
00000000
00000000
00000000
00000000
00000000
00000000
00000000
00000000
00000000
00000000
00000000
00000000
00000000
00000000
00000000
00000000
00000000
00000000
00000000
00000000
00000000
00000000
00000000
00000000
00000000
00000000
00000000
00000000
00000000
00000000
00000000
00000000
00000000
00000000
00000000
00000000
00000000
00000000
00000000
00000000
00000000
00000000
00000000
00000000
00000000
00000000
00000000
00000000
00000000
00000000
00000000
00000000
00000000
00000000
00000000
00000000
00000000
00000000
00000000
00000000
00000000
00000000
00000000
00000000
00000000
00000000
00000000
00000000
00000000
00000000
00000000
00000000
00000000
00000000
00000000
00000000
00000000
00000000
00000000
00000000
00000000
00000000
00000000
00000000
00000000
00000000
00000000
00000000
00000000
00000000
00000000
00000000
00000000
00000000
00000000
00000000
00000000
00000000
00000000
00000000
00000000
00000000
00000000
00000000
00000000
00000000
00000000
00000000
00000000
00000000
00000000
00000000
00000000
00000000
00000000
00000000
00000000
00000000
00000000
00000000
00000000
00000000
00000000
00000000
00000000
00000000
00000000
00000000
00000000
00000000
00000000
00000000
00000000
00000000
00000000
00000000
00000000
00000000
00000000
00000000
00000000
00000000
00000000
00000000
00000000
00000000
00000000
00000000
00000000
00000000
00000000
00000000
00000000
00000000
00000000
00000000
00000000
00000000
00000000
00000000
00000000
00000000
00000000
00000000
00000000
00000000
00000000
00000000
00000000
00000000
00000000
00000000
00000000
00000000
00000000
00000000
00000000
00000000
00000000
00000000
00000000
00000000
00000000
00000000
00000000
00000000
00000000
00000000
00000000
00000000
00000000
00000000
00000000
00000000
00000000
00000000
00000000
00000000
00000000
00000000
00000000
00000000
00000000
00000000
00000000
00000000
00000000
00000000
00000000
00000000
00000000
00000000
00000000
00000000
00000000
00000000
00000000
00000000
00000000
00000000
00000000
00000000
00000000
00000000
00000000
00000000
00000000
00000000
00000000
00000000
00000000
00000000
00000000
00000000
00000000
00000000
00000000
00000000
00000000
00000000
00000000
00000000
00000000
00000000
00000000
00000000
00000000
00000000
00000000
00000000
00000000
00000000
00000000
00000000
00000000
00000000
00000000
00000000
00000000
00000000
00000000
00000000
00000000
00000000
00000000
00000000
00000000
00000000
00000000
00000000
00000000
00000000
00000000
00000000
00000000
00000000
00000000
00000000
00000000
00000000
00000000
00000000
00000000
00000000
00000000
00000000
00000000
00000000
00000000
00000000
00000000
00000000
00000000
00000000
00000000
00000000
00000000
00000000
00000000
00000000
00000000
00000000
00000000
00000000
00000000
00000000
00000000
00000000
00000000
00000000
00000000
00000000
00000000
00000000
00000000
00000000
00000000
00000000
00000000
00000000
00000000
00000000
00000000
00000000
00000000
00000000
00000000
00000000
00000000
00000000
00000000
00000000
00000000
00000000
00000000
00000000
00000000
00000000
00000000
00000000
00000000
00000000
00000000
00000000
00000000
00000000
00000000
00000000
00000000
00000000
00000000
00000000
00000000
00000000
00000000
00000000
00000000
00000000
00000000
00000000
00000000
00000000
00000000
00000000
00000000
00000000
00000000
00000000
00000000
00000000
00000000
00000000
00000000
00000000
00000000
00000000
00000000
00000000
00000000
00000000
00000000
00000000
00000000
00000000
00000000
00000000
00000000
00000000
00000000
00000000
00000000
00000000
00000000
00000000
00000000
00000000
00000000
00000000
00000000
00000000
00000000
00000000
00000000
00000000
00000000
00000000
00000000
00000000
00000000
00000000
00000000
00000000
00000000
00000000
00000000
00000000
00000000
00000000
00000000
00000000
00000000
00000000
00000000
00000000
00000000
00000000
00000000
00000000
00000000
00000000
00000000
00000000
00000000
00000000
00000000
00000000
00000000
00000000
00000000
00000000
00000000
00000000
00000000
00000000
00000000
00000000
00000000
00000000
00000000
00000000
00000000
00000000
00000000
00000000
00000000
00000000
00000000
00000000
00000000
00000000
00000000
00000000
00000000
00000000
00000000
00000000
00000000
00000000
00000000
00000000
00000000
00000000
00000000
00000000
00000000
00000000
00000000
00000000
00000000
00000000
00000000
00000000
00000000
00000000
00000000
00000000
00000000
00000000
00000000
00000000
00000000
00000000
00000000
00000000
00000000
00000000
00000000
00000000
00000000
00000000
00000000
00000000
00000000
00000000
00000000
00000000
00000000
00000000
00000000
00000000
00000000
00000000
00000000
00000000
00000000
00000000
00000000
00000000
00000000
00000000
00000000
00000000
00000000
00000000
00000000
00000000
00000000
00000000
00000000
00000000
00000000
00000000
00000000
00000000
00000000
00000000
00000000
00000000
00000000
00000000
00000000
00000000
00000000
00000000
00000000
00000000
00000000
00000000
00000000
00000000
00000000
00000000
00000000
00000000
00000000
00000000
00000000
00000000
00000000
00000000
00000000
00000000
00000000
00000000
00000000
00000000
00000000
00000000
00000000
00000000
00000000
00000000
00000000
00000000
00000000
00000000
00000000
00000000
00000000
00000000
00000000
00000000
00000000
00000000
00000000
00000000
00000000
00000000
00000000
00000000
00000000
00000000
00000000
00000000
00000000
00000000
00000000
00000000
00000000
00000000
00000000
00000000
00000000
00000000
00000000
00000000
00000000
00000000
00000000
00000000
00000000
00000000
00000000
00000000
00000000
00000000
00000000
00000000
00000000
00000000
00000000
00000000
00000000
00000000
00000000
00000000
00000000
00000000
00000000
00000000
00000000
00000000
00000000
00000000
00000000
00000000
00000000
00000000
00000000
00000000
00000000
00000000
00000000
00000000
00000000
00000000
00000000
00000000
00000000
00000000
00000000
00000000
00000000
00000000
00000000
00000000
00000000
00000000
00000000
00000000
00000000
00000000
00000000
00000000
00000000
00000000
00000000
00000000
00000000
00000000
00000000
00000000
00000000
00000000
00000000
00000000
00000000
00000000
00000000
00000000
00000000
00000000
00000000
00000000
00000000
00000000
00000000
00000000
00000000
00000000
00000000
00000000
00000000
00000000
00000000
00000000
00000000
00000000
00000000
00000000
00000000
00000000
00000000
00000000
00000000
00000000
00000000
00000000
00000000
00000000
00000000
00000000
00000000
00000000
00000000
00000000
00000000
00000000
00000000
00000000
00000000
00000000
00000000
00000000
00000000
00000000
00000000
00000000
00000000
00000000
00000000
00000000
00000000
00000000
00000000
00000000
00000000
00000000
00000000
00000000
00000000
00000000
00000000
00000000
00000000
00000000
00000000
00000000
00000000
00000000
00000000
00000000
00000000
00000000
00000000
00000000
00000000
00000000
00000000
00000000
00000000
00000000
00000000
00000000
00000000
00000000
00000000
00000000
00000000
00000000
00000000
00000000
00000000
00000000
00000000
00000000
00000000
00000000
00000000
00000000
00000000
00000000
00000000
00000000
00000000
00000000
00000000
00000000
00000000
00000000
00000000
00000000
00000000
00000000
00000000
00000000
00000000
00000000
00000000
00000000
00000000
00000000
00000000
00000000
00000000
00000000
00000000
00000000
00000000
00000000
00000000
00000000
00000000
00000000
00000000
00000000
00000000
00000000
00000000
00000000
00000000
00000000
00000000
00000000
00000000
00000000
00000000
00000000
00000000
00000000
00000000
00000000
00000000
00000000
00000000
00000000
00000000
00000000
00000000
00000000
00000000
00000000
00000000
00000000
00000000
00000000
00000000
00000000
00000000
00000000
00000000
00000000
00000000
00000000
00000000
00000000
00000000
00000000
00000000
00000000
00000000
00000000
00000000
00000000
00000000
00000000
00000000
00000000
00000000
00000000
00000000
00000000
00000000
00000000
00000000
00000000
00000000
00000000
00000000
00000000
00000000
00000000
00000000
00000000
00000000
00000000
00000000
00000000
00000000
00000000
00000000
00000000
00000000
00000000
00000000
00000000
00000000
00000000
00000000
00000000
00000000
00000000
00000000
00000000
00000000
00000000
00000000
00000000
00000000
00000000
00000000
00000000
00000000
00000000
00000000
00000000
00000000
00000000
00000000
00000000
00000000
00000000
00000000
00000000
00000000
00000000
00000000
00000000
00000000
00000000
00000000
00000000
00000000
00000000
00000000
00000000
00000000
00000000
00000000
00000000
00000000
00000000
00000000
00000000
00000000
00000000
00000000
00000000
00000000
00000000
00000000
00000000
00000000
00000000
00000000
00000000
00000000
00000000
00000000
00000000
00000000
00000000
00000000
00000000
00000000
00000000
00000000
00000000
00000000
00000000
00000000
00000000
00000000
00000000
00000000
00000000
00000000
00000000
00000000
00000000
00000000
00000000
00000000
00000000
00000000
00000000
00000000
00000000
00000000
00000000
00000000
00000000
00000000
00000000
00000000
00000000
00000000
00000000
00000000
00000000
00000000
00000000
00000000
00000000
00000000
00000000
00000000
00000000
00000000
00000000
00000000
00000000
00000000
00000000
00000000
00000000
00000000
00000000
00000000
00000000
00000000
00000000
00000000
00000000
00000000
00000000
00000000
00000000
00000000
00000000
00000000
00000000
00000000
00000000
00000000
00000000
00000000
00000000
00000000
00000000
00000000
00000000
00000000
00000000
00000000
00000000
00000000
00000000
00000000
00000000
00000000
00000000
00000000
00000000
00000000
00000000
00000000
00000000
00000000
00000000
00000000
00000000
00000000
00000000
00000000
00000000
00000000
00000000
00000000
00000000
00000000
00000000
00000000
00000000
00000000
00000000
00000000
00000000
00000000
00000000
00000000
00000000
00000000
00000000
00000000
00000000
00000000
00000000
00000000
00000000
00000000
00000000
00000000
00000000
00000000
00000000
00000000
00000000
00000000
00000000
00000000
00000000
00000000
00000000
00000000
00000000
00000000
00000000
00000000
00000000
00000000
00000000
00000000
00000000
00000000
00000000
00000000
00000000
00000000
00000000
00000000
00000000
00000000
00000000
00000000
00000000
00000000
00000000
00000000
00000000
00000000
00000000
00000000
00000000
00000000
00000000
00000000
00000000
00000000
00000000
00000000
00000000
00000000
00000000
00000000
00000000
00000000
00000000
00000000
00000000
00000000
00000000
00000000
00000000
00000000
00000000
00000000
00000000
00000000
00000000
00000000
00000000
00000000
00000000
00000000
00000000
00000000
00000000
00000000
00000000
00000000
00000000
00000000
00000000
00000000
00000000
00000000
00000000
00000000
00000000
00000000
00000000
00000000
00000000
00000000
00000000
00000000
00000000
00000000
00000000
00000000
00000000
00000000
00000000
00000000
00000000
00000000
00000000
00000000
00000000
00000000
00000000
00000000
00000000
00000000
00000000
00000000
00000000
00000000
00000000
00000000
00000000
00000000
00000000
00000000
00000000
00000000
00000000
00000000
00000000
00000000
00000000
00000000
00000000
00000000
00000000
00000000
00000000
00000000
00000000
00000000
00000000
00000000
00000000
00000000
00000000
00000000
00000000
00000000
00000000
00000000
00000000
00000000
00000000
00000000
00000000
00000000
00000000
00000000
00000000
00000000
00000000
00000000
00000000
00000000
00000000
00000000
00000000
00000000
00000000
00000000
00000000
00000000
00000000
00000000
00000000
00000000
00000000
00000000
00000000
00000000
00000000
00000000
00000000
00000000
00000000
00000000
00000000
00000000
00000000
00000000
00000000
00000000
00000000
00000000
00000000
00000000
00000000
00000000
00000000
00000000
00000000
00000000
00000000
00000000
00000000
00000000
00000000
00000000
00000000
00000000
00000000
00000000
00000000
00000000
00000000
00000000
00000000
00000000
00000000
00000000
00000000
00000000
00000000
00000000
00000000
00000000
00000000
00000000
00000000
00000000
00000000
00000000
00000000
00000000
00000000
00000000
00000000
00000000
00000000
00000000
00000000
00000000
00000000
00000000
00000000
00000000
00000000
00000000
00000000
00000000
00000000
00000000
00000000
00000000
00000000
00000000
00000000
00000000
00000000
00000000
00000000
00000000
00000000
00000000
00000000
00000000
00000000
00000000
00000000
00000000
00000000
00000000
00000000
00000000
00000000
00000000
00000000
00000000
00000000
00000000
00000000
00000000
00000000
00000000
00000000
00000000
00000000
00000000
00000000
00000000
00000000
00000000
00000000
00000000
00000000
00000000
00000000
00000000
00000000
00000000
00000000
00000000
00000000
00000000
00000000
00000000
00000000
00000000
00000000
00000000
00000000
00000000
00000000
00000000
00000000
00000000
00000000
00000000
00000000
00000000
00000000
00000000
00000000
00000000
00000000
00000000
00000000
00000000
00000000
00000000
00000000
00000000
00000000
00000000
00000000
00000000
00000000
00000000
00000000
00000000
00000000
00000000
00000000
00000000
00000000
00000000
00000000
00000000
00000000
00000000
00000000
00000000
00000000
00000000
00000000
00000000
00000000
00000000
00000000
00000000
00000000
00000000
00000000
00000000
00000000
00000000
00000000
00000000
00000000
00000000
00000000
00000000
00000000
00000000
00000000
00000000
00000000
00000000
00000000
00000000
00000000
00000000
00000000
00000000
00000000
00000000
00000000
00000000
00000000
00000000
00000000
00000000
00000000
00000000
00000000
00000000
00000000
00000000
00000000
00000000
00000000
00000000
00000000
00000000
00000000
00000000
00000000
00000000
00000000
00000000
00000000
00000000
00000000
00000000
00000000
00000000
00000000
00000000
00000000
00000000
00000000
00000000
00000000
00000000
00000000
00000000
00000000
00000000
00000000
00000000
00000000
00000000
00000000
00000000
00000000
00000000
00000000
00000000
00000000
00000000
00000000
00000000
00000000
00000000
00000000
00000000
00000000
00000000
00000000
00000000
00000000
00000000
00000000
00000000
00000000
00000000
00000000
00000000
00000000
00000000
00000000
00000000
00000000
00000000
00000000
00000000
00000000
00000000
00000000
00000000
00000000
00000000
00000000
00000000
00000000
00000000
00000000
00000000
00000000
00000000
00000000
00000000
00000000
00000000
00000000
00000000
00000000
00000000
00000000
00000000
00000000
00000000
00000000
00000000
00000000
00000000
00000000
00000000
00000000
00000000
00000000
00000000
00000000
00000000
00000000
00000000
00000000
00000000
00000000
00000000
00000000
00000000
00000000
00000000
00000000
00000000
00000000
00000000
00000000
00000000
00000000
00000000
00000000
00000000
00000000
00000000
00000000
00000000
00000000
00000000
00000000
00000000
00000000
00000000
00000000
00000000
00000000
00000000
00000000
00000000
00000000
00000000
00000000
00000000
00000000
00000000
00000000
00000000
00000000
00000000
00000000
00000000
00000000
00000000
00000000
00000000
00000000
00000000
00000000
00000000
00000000
00000000
00000000
00000000
00000000
00000000
00000000
00000000
00000000
00000000
00000000
00000000
00000000
00000000
00000000
00000000
00000000
00000000
00000000
00000000
00000000
00000000
00000000
00000000
00000000
00000000
00000000
00000000
00000000
00000000
00000000
00000000
00000000
00000000
00000000
00000000
00000000
00000000
00000000
00000000
00000000
00000000
00000000
00000000
00000000
00000000
00000000
00000000
00000000
00000000
00000000
00000000
00000000
00000000
00000000
00000000
00000000
00000000
00000000
00000000
00000000
00000000
00000000
00000000
00000000
00000000
00000000
00000000
00000000
00000000
00000000
00000000
00000000
00000000
00000000
00000000
00000000
00000000
00000000
00000000
00000000
00000000
00000000
00000000
00000000
00000000
00000000
00000000
00000000
00000000
00000000
00000000
00000000
00000000
00000000
00000000
00000000
00000000
00000000
00000000
00000000
00000000
00000000
00000000
00000000
00000000
00000000
00000000
00000000
00000000
00000000
00000000
00000000
00000000
00000000
00000000
00000000
00000000
00000000
00000000
00000000
00000000
00000000
00000000
00000000
00000000
00000000
00000000
00000000
00000000
00000000
00000000
00000000
00000000
00000000
00000000
00000000
00000000
00000000
00000000
00000000
00000000
00000000
00000000
00000000
00000000
00000000
00000000
00000000
00000000
00000000
00000000
00000000
00000000
00000000
00000000
00000000
00000000
00000000
00000000
00000000
00000000
00000000
00000000
00000000
00000000
00000000
00000000
00000000
00000000
00000000
00000000
00000000
00000000
00000000
00000000
00000000
00000000
00000000
00000000
00000000
00000000
00000000
00000000
00000000
00000000
00000000
00000000
00000000
00000000
00000000
00000000
00000000
00000000
00000000
00000000
00000000
00000000
00000000
00000000
00000000
00000000
00000000
00000000
00000000
00000000
00000000
00000000
00000000
00000000
00000000
00000000
00000000
00000000
00000000
00000000
00000000
00000000
00000000
00000000
00000000
00000000
00000000
00000000
00000000
00000000
00000000
00000000
00000000
00000000
00000000
00000000
00000000
00000000
00000000
00000000
00000000
00000000
00000000
00000000
00000000
00000000
00000000
00000000
00000000
00000000
00000000
00000000
00000000
00000000
00000000
00000000
00000000
00000000
00000000
00000000
00000000
00000000
00000000
00000000
00000000
00000000
00000000
00000000
00000000
00000000
00000000
00000000
00000000
00000000
00000000
00000000
00000000
00000000
00000000
00000000
00000000
00000000
00000000
00000000
00000000
00000000
00000000
00000000
00000000
00000000
00000000
00000000
00000000
00000000
00000000
00000000
00000000
00000000
00000000
00000000
00000000
00000000
00000000
00000000
00000000
00000000
00000000
00000000
00000000
00000000
00000000
00000000
00000000
00000000
00000000
00000000
00000000
00000000
00000000
00000000
00000000
00000000
00000000
00000000
00000000
00000000
00000000
00000000
00000000
00000000
00000000
00000000
00000000
00000000
00000000
00000000
00000000
00000000
00000000
00000000
00000000
00000000
00000000
00000000
00000000
00000000
00000000
00000000
00000000
00000000
00000000
00000000
00000000
00000000
00000000
00000000
00000000
00000000
00000000
00000000
00000000
00000000
00000000
00000000
00000000
00000000
00000000
00000000
00000000
00000000
00000000
00000000
00000000
00000000
00000000
00000000
00000000
00000000
00000000
00000000
00000000
00000000
00000000
00000000
00000000
00000000
00000000
00000000
00000000
00000000
00000000
00000000
00000000
00000000
00000000
00000000
00000000
00000000
00000000
00000000
00000000
00000000
00000000
00000000
00000000
00000000
00000000
00000000
00000000
00000000
00000000
00000000
00000000
00000000
00000000
00000000
00000000
00000000
00000000
00000000
00000000
00000000
00000000
00000000
00000000
00000000
00000000
00000000
00000000
00000000
00000000
00000000
00000000
00000000
00000000
00000000
00000000
00000000
00000000
00000000
00000000
00000000
00000000
00000000
00000000
00000000
00000000
00000000
00000000
00000000
00000000
00000000
00000000
00000000
00000000
00000000
00000000
00000000
00000000
00000000
00000000
00000000
00000000
00000000
00000000
00000000
00000000
00000000
00000000
00000000
00000000
00000000
00000000
00000000
00000000
00000000
00000000
00000000
00000000
00000000
00000000
00000000
00000000
00000000
00000000
00000000
00000000
00000000
00000000
00000000
00000000
00000000
00000000
00000000
00000000
00000000
00000000
00000000
00000000
00000000
00000000
00000000
00000000
00000000
00000000
00000000
00000000
00000000
00000000
00000000
00000000
00000000
00000000
00000000
00000000
00000000
00000000
00000000
00000000
00000000
00000000
00000000
00000000
00000000
00000000
00000000
00000000
00000000
00000000
00000000
00000000
00000000
00000000
00000000
00000000
00000000
00000000
00000000
00000000
00000000
00000000
00000000
00000000
00000000
00000000
00000000
00000000
00000000
00000000
00000000
00000000
00000000
00000000
00000000
00000000
00000000
00000000
00000000
00000000
00000000
00000000
00000000
00000000
00000000
00000000
00000000
00000000
00000000
00000000
00000000
00000000
00000000
00000000
00000000
00000000
00000000
00000000
00000000
00000000
00000000
00000000
00000000
00000000
00000000
00000000
00000000
00000000
00000000
00000000
00000000
00000000
00000000
00000000
00000000
00000000
00000000
00000000
00000000
00000000
00000000
00000000
00000000
00000000
00000000
00000000
00000000
00000000
00000000
00000000
00000000
00000000
00000000
00000000
00000000
00000000
00000000
00000000
00000000
00000000
00000000
00000000
00000000
00000000
00000000
00000000
00000000
00000000
00000000
00000000
00000000
00000000
00000000
00000000
00000000
00000000
00000000
00000000
00000000
00000000
00000000
00000000
00000000
00000000
00000000
00000000
00000000
00000000
00000000
00000000
00000000
00000000
00000000
00000000
00000000
00000000
00000000
00000000
00000000
00000000
00000000
00000000
00000000
00000000
00000000
00000000
00000000
00000000
00000000
00000000
00000000
00000000
00000000
00000000
00000000
00000000
00000000
00000000
00000000
00000000
00000000
00000000
00000000
00000000
00000000
00000000
00000000
00000000
00000000
00000000
00000000
00000000
00000000
00000000
00000000
00000000
00000000
00000000
00000000
00000000
00000000
00000000
00000000
00000000
00000000
00000000
00000000
00000000
00000000
00000000
00000000
00000000
00000000
00000000
00000000
00000000
00000000
00000000
00000000
00000000
00000000
00000000
00000000
00000000
00000000
00000000
00000000
00000000
00000000
00000000
00000000
00000000
00000000
00000000
00000000
00000000
00000000
00000000
00000000
00000000
00000000
00000000
00000000
00000000
00000000
00000000
00000000
00000000
00000000
00000000
00000000
00000000
00000000
00000000
00000000
00000000
00000000
00000000
00000000
00000000
00000000
00000000
00000000
00000000
00000000
00000000
00000000
00000000
00000000
00000000
00000000
00000000
00000000
00000000
00000000
00000000
00000000
00000000
00000000
00000000
00000000
00000000
00000000
00000000
00000000
00000000
00000000
00000000
00000000
00000000
00000000
00000000
00000000
00000000
00000000
00000000
00000000
00000000
00000000
00000000
00000000
00000000
00000000
00000000
00000000
00000000
00000000
00000000
00000000
00000000
00000000
00000000
00000000
00000000
00000000
00000000
00000000
00000000
00000000
00000000
00000000
00000000
00000000
00000000
00000000
00000000
00000000
00000000
00000000
00000000
00000000
00000000
00000000
00000000
00000000
00000000
00000000
00000000
00000000
00000000
00000000
00000000
00000000
00000000
00000000
00000000
00000000
00000000
00000000
00000000
00000000
00000000
00000000
00000000
00000000
00000000
00000000
00000000
00000000
00000000
00000000
00000000
00000000
00000000
00000000
00000000
00000000
00000000
00000000
00000000
00000000
00000000
00000000
00000000
00000000
00000000
00000000
00000000
00000000
00000000
00000000
00000000
00000000
00000000
00000000
00000000
00000000
00000000
00000000
00000000
00000000
00000000
00000000
00000000
00000000
00000000
00000000
00000000
00000000
00000000
00000000
00000000
00000000
00000000
00000000
00000000
00000000
00000000
00000000
00000000
00000000
00000000
00000000
00000000
00000000
00000000
00000000
00000000
00000000
00000000
00000000
00000000
00000000
00000000
00000000
00000000
00000000
00000000
00000000
00000000
00000000
00000000
00000000
00000000
00000000
00000000
00000000
00000000
00000000
00000000
00000000
00000000
00000000
00000000
00000000
00000000
00000000
00000000
00000000
00000000
00000000
00000000
00000000
00000000
00000000
00000000
00000000
00000000
00000000
00000000
00000000
00000000
00000000
00000000
00000000
00000000
00000000
00000000
00000000
00000000
00000000
00000000
00000000
00000000
00000000
00000000
00000000
00000000
00000000
00000000
00000000
00000000
00000000
00000000
00000000
00000000
00000000
00000000
00000000
00000000
00000000
00000000
00000000
00000000
00000000
00000000
00000000
00000000
00000000
00000000
00000000
00000000
00000000
00000000
00000000
00000000
00000000
00000000
00000000
00000000
00000000
00000000
00000000
00000000
00000000
00000000
00000000
00000000
00000000
00000000
00000000
00000000
00000000
00000000
00000000
00000000
00000000
00000000
00000000
00000000
00000000
00000000
00000000
00000000
00000000
00000000
00000000
00000000
00000000
00000000
00000000
00000000
00000000
00000000
00000000
00000000
00000000
00000000
00000000
00000000
00000000
00000000
00000000
00000000
00000000
00000000
00000000
00000000
00000000
00000000
00000000
00000000
00000000
00000000
00000000
00000000
00000000
00000000
00000000
00000000
00000000
00000000
00000000
00000000
00000000
00000000
00000000
00000000
00000000
00000000
00000000
00000000
00000000
00000000
00000000
00000000
00000000
00000000
00000000
00000000
00000000
00000000
00000000
00000000
00000000
00000000
00000000
00000000
00000000
00000000
00000000
00000000
00000000
00000000
00000000
00000000
00000000
00000000
00000000
00000000
00000000
00000000
00000000
00000000
00000000
00000000
00000000
00000000
00000000
00000000
00000000
00000000
00000000
00000000
00000000
00000000
00000000
00000000
00000000
00000000
00000000
00000000
00000000
00000000
00000000
00000000
00000000
00000000
00000000
00000000
00000000
00000000
00000000
00000000
00000000
00000000
00000000
00000000
00000000
00000000
00000000
00000000
00000000
00000000
00000000
00000000
00000000
00000000
00000000
00000000
00000000
00000000
00000000
00000000
00000000
00000000
00000000
00000000
00000000
00000000
00000000
00000000
00000000
00000000
00000000
00000000
00000000
00000000
00000000
00000000
00000000
00000000
00000000
00000000
00000000
00000000
00000000
00000000
00000000
00000000
00000000
00000000
00000000
00000000
00000000
00000000
00000000
00000000
00000000
00000000
00000000
00000000
00000000
00000000
00000000
00000000
00000000
00000000
00000000
00000000
00000000
00000000
00000000
00000000
00000000
00000000
00000000
00000000
00000000
00000000
00000000
00000000
00000000
00000000
00000000
00000000
00000000
00000000
00000000
00000000
00000000
00000000
00000000
00000000
00000000
00000000
00000000
00000000
00000000
00000000
00000000
00000000
00000000
00000000
00000000
00000000
00000000
00000000
00000000
00000000
00000000
00000000
00000000
00000000
00000000
00000000
00000000
00000000
00000000
00000000
00000000
00000000
00000000
00000000
00000000
00000000
00000000
00000000
00000000
00000000
00000000
00000000
00000000
00000000
00000000
00000000
00000000
00000000
00000000
00000000
00000000
00000000
00000000
00000000
00000000
00000000
00000000
00000000
00000000
00000000
00000000
00000000
00000000
00000000
00000000
00000000
00000000
00000000
00000000
00000000
00000000
00000000
00000000
00000000
00000000
00000000
00000000
00000000
00000000
00000000
00000000
00000000
00000000
00000000
00000000
00000000
00000000
00000000
00000000
00000000
00000000
00000000
00000000
00000000
00000000
00000000
00000000
00000000
00000000
00000000
00000000
00000000
00000000
00000000
00000000
00000000
00000000
00000000
00000000
00000000
00000000
00000000
00000000
00000000
00000000
00000000
00000000
00000000
00000000
00000000
00000000
00000000
00000000
00000000
00000000
00000000
00000000
00000000
00000000
00000000
00000000
00000000
00000000
00000000
00000000
00000000
00000000
00000000
00000000
00000000
00000000
00000000
00000000
00000000
00000000
00000000
00000000
00000000
00000000
00000000
00000000
00000000
00000000
00000000
00000000
00000000
00000000
00000000
00000000
00000000
00000000
00000000
00000000
00000000
00000000
00000000
00000000
00000000
00000000
00000000
00000000
00000000
00000000
00000000
00000000
00000000
00000000
00000000
00000000
00000000
00000000
00000000
00000000
00000000
00000000
00000000
00000000
00000000
00000000
00000000
00000000
00000000
00000000
00000000
00000000
00000000
00000000
00000000
00000000
00000000
00000000
00000000
00000000
00000000
00000000
00000000
00000000
00000000
00000000
00000000
00000000
00000000
00000000
00000000
00000000
00000000
00000000
00000000
00000000
00000000
00000000
00000000
00000000
00000000
00000000
00000000
00000000
00000000
00000000
00000000
00000000
00000000
00000000
00000000
00000000
00000000
00000000
00000000
00000000
00000000
00000000
00000000
00000000
00000000
00000000
00000000
00000000
00000000
00000000
00000000
00000000
00000000
00000000
00000000
00000000
00000000
00000000
00000000
00000000
00000000
00000000
00000000
00000000
00000000
00000000
00000000
00000000
00000000
00000000
00000000
00000000
00000000
00000000
00000000
00000000
00000000
00000000
00000000
00000000
00000000
00000000
00000000
00000000
00000000
00000000
00000000
00000000
00000000
00000000
00000000
00000000
00000000
00000000
00000000
00000000
00000000
00000000
00000000
00000000
00000000
00000000
00000000
00000000
00000000
00000000
00000000
00000000
00000000
00000000
00000000
00000000
00000000
00000000
00000000
00000000
00000000
00000000
00000000
00000000
00000000
00000000
00000000
00000000
00000000
00000000
00000000
00000000
00000000
00000000
00000000
00000000
00000000
00000000
00000000
00000000
00000000
00000000
00000000
00000000
00000000
00000000
00000000
00000000
00000000
00000000
00000000
00000000
00000000
00000000
00000000
00000000
00000000
00000000
00000000
00000000
00000000
00000000
00000000
00000000
00000000
00000000
00000000
00000000
00000000
00000000
00000000
00000000
00000000
00000000
00000000
00000000
00000000
00000000
00000000
00000000
00000000
00000000
00000000
00000000
00000000
00000000
00000000
00000000
00000000
00000000
00000000
00000000
00000000
00000000
00000000
00000000
00000000
00000000
00000000
00000000
00000000
00000000
00000000
00000000
00000000
00000000
00000000
00000000
00000000
00000000
00000000
00000000
00000000
00000000
00000000
00000000
00000000
00000000
00000000
00000000
00000000
00000000
00000000
00000000
00000000
00000000
00000000
00000000
00000000
00000000
00000000
00000000
00000000
00000000
00000000
00000000
00000000
00000000
00000000
00000000
00000000
00000000
00000000
00000000
00000000
00000000
00000000
00000000
00000000
00000000
00000000
00000000
00000000
00000000
00000000
00000000
00000000
00000000
00000000
00000000
00000000
00000000
00000000
00000000
00000000
00000000
00000000
00000000
00000000
00000000
00000000
00000000
00000000
00000000
00000000
00000000
00000000
00000000
00000000
00000000
00000000
00000000
00000000
00000000
00000000
00000000
00000000
00000000
00000000
00000000
00000000
00000000
00000000
00000000
00000000
00000000
00000000
00000000
00000000
00000000
00000000
00000000
00000000
00000000
00000000
00000000
00000000
00000000
00000000
00000000
00000000
00000000
00000000
00000000
00000000
00000000
00000000
00000000
00000000
00000000
00000000
00000000
00000000
00000000
00000000
00000000
00000000
00000000
00000000
00000000
00000000
00000000
00000000
00000000
00000000
00000000
00000000
00000000
00000000
00000000
00000000
00000000
00000000
00000000
00000000
00000000
00000000
00000000
00000000
00000000
00000000
00000000
00000000
00000000
00000000
00000000
00000000
00000000
00000000
00000000
00000000
00000000
00000000
00000000
00000000
00000000
00000000
00000000
00000000
00000000
00000000
00000000
00000000
00000000
00000000
00000000
00000000
00000000
00000000
00000000
00000000
00000000
00000000
00000000
00000000
00000000
00000000
00000000
00000000
00000000
00000000
00000000
00000000
00000000
00000000
00000000
00000000
00000000
00000000
00000000
00000000
00000000
00000000
00000000
00000000
00000000
00000000
00000000
00000000
00000000
00000000
00000000
00000000
00000000
00000000
00000000
00000000
00000000
00000000
00000000
00000000
00000000
00000000
00000000
00000000
00000000
00000000
00000000
00000000
00000000
00000000
00000000
00000000
00000000
00000000
00000000
00000000
00000000
00000000
00000000
00000000
00000000
00000000
00000000
00000000
00000000
00000000
00000000
00000000
00000000
00000000
00000000
00000000
00000000
00000000
00000000
00000000
00000000
00000000
00000000
00000000
00000000
00000000
00000000
00000000
00000000
00000000
00000000
00000000
00000000
00000000
00000000
00000000
00000000
00000000
00000000
00000000
00000000
00000000
00000000
00000000
00000000
00000000
00000000
00000000
00000000
00000000
00000000
00000000
00000000
00000000
00000000
00000000
00000000
00000000
00000000
00000000
00000000
00000000
00000000
00000000
00000000
00000000
00000000
00000000
00000000
00000000
00000000
00000000
00000000
00000000
00000000
00000000
00000000
00000000
00000000
00000000
00000000
00000000
00000000
00000000
00000000
00000000
00000000
00000000
00000000
00000000
00000000
00000000
00000000
00000000
00000000
00000000
00000000
00000000
00000000
00000000
00000000
00000000
00000000
00000000
00000000
00000000
00000000
00000000
00000000
00000000
00000000
00000000
00000000
00000000
00000000
00000000
00000000
00000000
00000000
00000000
00000000
00000000
00000000
00000000
00000000
00000000
00000000
00000000
00000000
00000000
00000000
00000000
00000000
00000000
00000000
00000000
00000000
00000000
00000000
00000000
00000000
00000000
00000000
00000000
00000000
00000000
00000000
00000000
00000000
00000000
00000000
00000000
00000000
00000000
00000000
00000000
00000000
00000000
00000000
00000000
00000000
00000000
00000000
00000000
00000000
00000000
00000000
00000000
00000000
00000000
00000000
00000000
00000000
00000000
00000000
00000000
00000000
00000000
00000000
00000000
00000000
00000000
00000000
00000000
00000000
00000000
00000000
00000000
00000000
00000000
00000000
00000000
00000000
00000000
00000000
00000000
00000000
00000000
00000000
00000000
00000000
00000000
00000000
00000000
00000000
00000000
00000000
00000000
00000000
00000000
00000000
00000000
00000000
00000000
00000000
00000000
00000000
00000000
00000000
00000000
00000000
00000000
00000000
00000000
00000000
00000000
00000000
00000000
00000000
00000000
00000000
00000000
00000000
00000000
00000000
00000000
00000000
00000000
00000000
00000000
00000000
00000000
00000000
00000000
00000000
00000000
00000000
00000000
00000000
00000000
00000000
00000000
00000000
00000000
00000000
00000000
00000000
00000000
00000000
00000000
00000000
00000000
00000000
00000000
00000000
00000000
00000000
00000000
00000000
00000000
00000000
00000000
00000000
00000000
00000000
00000000
00000000
00000000
00000000
00000000
00000000
00000000
00000000
00000000
00000000
00000000
00000000
00000000
00000000
00000000
00000000
00000000
00000000
00000000
00000000
00000000
00000000
00000000
00000000
00000000
00000000
00000000
00000000
00000000
00000000
00000000
00000000
00000000
00000000
00000000
00000000
00000000
00000000
00000000
00000000
00000000
00000000
00000000
00000000
00000000
00000000
00000000
00000000
00000000
00000000
00000000
00000000
00000000
00000000
00000000
00000000
00000000
00000000
00000000
00000000
00000000
00000000
00000000
00000000
00000000
00000000
00000000
00000000
00000000
00000000
00000000
00000000
00000000
00000000
00000000
00000000
00000000
00000000
00000000
00000000
00000000
00000000
00000000
00000000
00000000
00000000
00000000
00000000
00000000
00000000
00000000
00000000
00000000
00000000
00000000
00000000
00000000
00000000
00000000
00000000
00000000
00000000
00000000
00000000
00000000
00000000
00000000
00000000
00000000
00000000
00000000
00000000
00000000
00000000
00000000
00000000
00000000
00000000
00000000
00000000
00000000
00000000
00000000
00000000
00000000
00000000
00000000
00000000
00000000
00000000
00000000
00000000
00000000
00000000
00000000
00000000
00000000
00000000
00000000
00000000
00000000
00000000
00000000
00000000
00000000
00000000
00000000
00000000
00000000
00000000
00000000
00000000
00000000
00000000
00000000
00000000
00000000
00000000
00000000
00000000
00000000
00000000
00000000
00000000
00000000
00000000
00000000
00000000
00000000
00000000
00000000
00000000
00000000
00000000
00000000
00000000
00000000
00000000
00000000
00000000
00000000
00000000
00000000
00000000
00000000
00000000
00000000
00000000
00000000
00000000
00000000
00000000
00000000
00000000
00000000
00000000
00000000
00000000
00000000
00000000
00000000
00000000
00000000
00000000
00000000
00000000
00000000
00000000
00000000
00000000
00000000
00000000
00000000
00000000
00000000
00000000
00000000
00000000
00000000
00000000
00000000
00000000
00000000
00000000
00000000
00000000
00000000
00000000
00000000
00000000
00000000
00000000
00000000
00000000
00000000
00000000
00000000
00000000
00000000
00000000
00000000
00000000
00000000
00000000
00000000
00000000
00000000
00000000
00000000
00000000
00000000
00000000
00000000
00000000
00000000
00000000
00000000
00000000
00000000
00000000
00000000
00000000
00000000
00000000
00000000
00000000
00000000
00000000
00000000
00000000
00000000
00000000
00000000
00000000
00000000
00000000
00000000
00000000
00000000
00000000
00000000
00000000
00000000
00000000
00000000
00000000
00000000
00000000
00000000
00000000
00000000
00000000
00000000
00000000
00000000
00000000
00000000
00000000
00000000
00000000
00000000
00000000
00000000
00000000
00000000
00000000
00000000
00000000
00000000
00000000
00000000
00000000
00000000
00000000
00000000
00000000
00000000
00000000
00000000
00000000
00000000
00000000
00000000
00000000
00000000
00000000
00000000
00000000
00000000
00000000
00000000
00000000
00000000
00000000
00000000
00000000
00000000
00000000
00000000
00000000
00000000
00000000
00000000
00000000
00000000
00000000
00000000
00000000
00000000
00000000
00000000
00000000
00000000
00000000
00000000
00000000
00000000
00000000
00000000
00000000
00000000
00000000
00000000
00000000
00000000
00000000
00000000
00000000
00000000
00000000
00000000
00000000
00000000
00000000
00000000
00000000
00000000
00000000
00000000
00000000
00000000
00000000
00000000
00000000
00000000
00000000
00000000
00000000
00000000
00000000
00000000
00000000
00000000
00000000
00000000
00000000
00000000
00000000
00000000
00000000
00000000
00000000
00000000
00000000
00000000
00000000
00000000
00000000
00000000
00000000
00000000
00000000
00000000
00000000
00000000
00000000
00000000
00000000
00000000
00000000
00000000
00000000
00000000
00000000
00000000
00000000
00000000
00000000
00000000
00000000
00000000
00000000
00000000
00000000
00000000
00000000
00000000
00000000
00000000
00000000
00000000
00000000
00000000
00000000
00000000
00000000
00000000
00000000
00000000
00000000
00000000
00000000
00000000
00000000
00000000
00000000
00000000
00000000
00000000
00000000
00000000
00000000
00000000
00000000
00000000
00000000
00000000
00000000
00000000
00000000
00000000
00000000
00000000
00000000
00000000
00000000
00000000
00000000
00000000
00000000
00000000
00000000
00000000
00000000
00000000
00000000
00000000
00000000
00000000
00000000
00000000
00000000
00000000
00000000
00000000
00000000
00000000
00000000
00000000
00000000
00000000
00000000
00000000
00000000
00000000
00000000
00000000
00000000
00000000
00000000
00000000
00000000
00000000
00000000
00000000
00000000
00000000
00000000
00000000
00000000
00000000
00000000
00000000
00000000
00000000
00000000
00000000
00000000
00000000
00000000
00000000
00000000
00000000
00000000
00000000
00000000
00000000
00000000
00000000
00000000
00000000
00000000
00000000
00000000
00000000
00000000
00000000
00000000
00000000
00000000
00000000
00000000
00000000
00000000
00000000
00000000
00000000
00000000
00000000
00000000
00000000
00000000
00000000
00000000
00000000
00000000
00000000
00000000
00000000
00000000
00000000
00000000
00000000
00000000
00000000
00000000
00000000
00000000
00000000
00000000
00000000
00000000
00000000
00000000
00000000
00000000
00000000
00000000
00000000
00000000
00000000
00000000
00000000
00000000
00000000
00000000
00000000
00000000
00000000
00000000
00000000
00000000
00000000
00000000
00000000
00000000
00000000
00000000
00000000
00000000
00000000
00000000
00000000
00000000
00000000
00000000
00000000
00000000
00000000
00000000
00000000
00000000
00000000
00000000
00000000
00000000
00000000
00000000
00000000
00000000
00000000
00000000
00000000
00000000
00000000
00000000
00000000
00000000
00000000
00000000
00000000
00000000
00000000
00000000
00000000
00000000
00000000
00000000
00000000
00000000
00000000
00000000
00000000
00000000
00000000
00000000
00000000
00000000
00000000
00000000
00000000
00000000
00000000
00000000
00000000
00000000
00000000
00000000
00000000
00000000
00000000
00000000
00000000
00000000
00000000
00000000
00000000
00000000
00000000
00000000
00000000
00000000
00000000
00000000
00000000
00000000
00000000
00000000
00000000
00000000
00000000
00000000
00000000
00000000
00000000
00000000
00000000
00000000
00000000
00000000
00000000
00000000
00000000
00000000
00000000
00000000
00000000
00000000
00000000
00000000
00000000
00000000
00000000
00000000
00000000
00000000
00000000
00000000
00000000
00000000
00000000
00000000
00000000
00000000
00000000
00000000
00000000
00000000
00000000
00000000
00000000
00000000
00000000
00000000
00000000
00000000
00000000
00000000
00000000
00000000
00000000
00000000
00000000
00000000
00000000
00000000
00000000
00000000
00000000
00000000
00000000
00000000
00000000
00000000
00000000
00000000
00000000
00000000
00000000
00000000
00000000
00000000
00000000
00000000
00000000
00000000
00000000
00000000
00000000
00000000
00000000
00000000
00000000
00000000
00000000
00000000
00000000
00000000
00000000
00000000
00000000
00000000
00000000
00000000
00000000
00000000
00000000
00000000
00000000
00000000
00000000
00000000
00000000
00000000
00000000
00000000
00000000
00000000
00000000
00000000
00000000
00000000
00000000
00000000
00000000
00000000
00000000
00000000
00000000
00000000
00000000
00000000
00000000
00000000
00000000
00000000
00000000
00000000
00000000
00000000
00000000
00000000
00000000
00000000
00000000
00000000
00000000
00000000
00000000
00000000
00000000
00000000
00000000
00000000
00000000
00000000
00000000
00000000
00000000
00000000
00000000
00000000
00000000
00000000
00000000
00000000
00000000
00000000
00000000
00000000
00000000
00000000
00000000
00000000
00000000
00000000
00000000
00000000
00000000
00000000
00000000
00000000
00000000
00000000
00000000
00000000
00000000
00000000
00000000
00000000
00000000
00000000
00000000
00000000
00000000
00000000
00000000
00000000
00000000
00000000
00000000
00000000
00000000
00000000
00000000
00000000
00000000
00000000
00000000
00000000
00000000
00000000
00000000
00000000
00000000
00000000
00000000
00000000
00000000
00000000
00000000
00000000
00000000
00000000
00000000
00000000
00000000
00000000
00000000
00000000
00000000
00000000
00000000
00000000
00000000
00000000
00000000
00000000
00000000
00000000
00000000
00000000
00000000
00000000
00000000
00000000
00000000
00000000
00000000
00000000
00000000
00000000
00000000
00000000
00000000
00000000
00000000
00000000
00000000
00000000
00000000
00000000
00000000
00000000
00000000
00000000
00000000
00000000
00000000
00000000
00000000
00000000
00000000
00000000
00000000
00000000
00000000
00000000
00000000
00000000
00000000
00000000
00000000
00000000
00000000
00000000
00000000
00000000
00000000
00000000
00000000
00000000
00000000
00000000
00000000
00000000
00000000
00000000
00000000
00000000
00000000
00000000
00000000
00000000
00000000
00000000
00000000
00000000
00000000
00000000
00000000
00000000
00000000
00000000
00000000
00000000
00000000
00000000
00000000
00000000
00000000
00000000
00000000
00000000
00000000
00000000
00000000
00000000
00000000
00000000
00000000
00000000
00000000
00000000
00000000
00000000
00000000
00000000
00000000
00000000
00000000
00000000
00000000
00000000
00000000
00000000
00000000
00000000
00000000
00000000
00000000
00000000
00000000
00000000
00000000
00000000
00000000
00000000
00000000
00000000
00000000
00000000
00000000
00000000
00000000
00000000
00000000
00000000
00000000
00000000
00000000
00000000
00000000
00000000
00000000
00000000
00000000
00000000
00000000
00000000
00000000
00000000
00000000
00000000
00000000
00000000
00000000
00000000
00000000
00000000
00000000
00000000
00000000
00000000
00000000
00000000
00000000
00000000
00000000
00000000
00000000
00000000
00000000
00000000
00000000
00000000
00000000
00000000
00000000
00000000
00000000
00000000
00000000
00000000
00000000
00000000
00000000
00000000
00000000
00000000
00000000
00000000
00000000
00000000
00000000
00000000
00000000
00000000
00000000
00000000
00000000
00000000
00000000
00000000
00000000
00000000
00000000
00000000
00000000
00000000
00000000
00000000
00000000
00000000
00000000
00000000
00000000
00000000
00000000
00000000
00000000
00000000
00000000
00000000
00000000
00000000
00000000
00000000
00000000
00000000
00000000
00000000
00000000
00000000
00000000
00000000
00000000
00000000
00000000
00000000
00000000
00000000
00000000
00000000
00000000
00000000
00000000
00000000
00000000
00000000
00000000
00000000
00000000
00000000
00000000
00000000
00000000
00000000
00000000
00000000
00000000
00000000
00000000
00000000
00000000
00000000
00000000
00000000
00000000
00000000
00000000
00000000
00000000
00000000
00000000
00000000
00000000
00000000
00000000
00000000
00000000
00000000
00000000
00000000
00000000
00000000
00000000
00000000
00000000
00000000
00000000
00000000
00000000
00000000
00000000
00000000
00000000
00000000
00000000
00000000
00000000
00000000
00000000
00000000
00000000
00000000
00000000
00000000
00000000
00000000
00000000
00000000
00000000
00000000
00000000
00000000
00000000
00000000
00000000
00000000
00000000
00000000
00000000
00000000
00000000
00000000
00000000
00000000
00000000
00000000
00000000
00000000
00000000
00000000
00000000
00000000
00000000
00000000
00000000
00000000
00000000
00000000
00000000
00000000
00000000
00000000
00000000
00000000
00000000
00000000
00000000
00000000
00000000
00000000
00000000
00000000
00000000
00000000
00000000
00000000
00000000
00000000
00000000
00000000
00000000
00000000
00000000
00000000
00000000
00000000
00000000
00000000
00000000
00000000
00000000
00000000
00000000
00000000
00000000
00000000
00000000
00000000
00000000
00000000
00000000
00000000
00000000
00000000
00000000
00000000
00000000
00000000
00000000
00000000
00000000
00000000
00000000
00000000
00000000
00000000
00000000
00000000
00000000
00000000
00000000
00000000
00000000
00000000
00000000
00000000
00000000
00000000
00000000
00000000
00000000
00000000
00000000
00000000
00000000
00000000
00000000
00000000
00000000
00000000
00000000
00000000
00000000
00000000
00000000
00000000
00000000
00000000
00000000
00000000
00000000
00000000
00000000
00000000
00000000
00000000
00000000
00000000
00000000
00000000
00000000
00000000
00000000
00000000
00000000
00000000
00000000
00000000
00000000
00000000
00000000
00000000
00000000
00000000
00000000
00000000
00000000
00000000
00000000
00000000
00000000
00000000
00000000
00000000
00000000
00000000
00000000
00000000
00000000
00000000
00000000
00000000
00000000
00000000
00000000
00000000
00000000
00000000
00000000
00000000
00000000
00000000
00000000
00000000
00000000
00000000
00000000
00000000
00000000
00000000
00000000
00000000
00000000
00000000
00000000
00000000
00000000
00000000
00000000
00000000
00000000
00000000
00000000
00000000
00000000
00000000
00000000
00000000
00000000
00000000
00000000
00000000
00000000
00000000
00000000
00000000
00000000
00000000
00000000
00000000
00000000
00000000
00000000
00000000
00000000
00000000
00000000
00000000
00000000
00000000
00000000
00000000
00000000
00000000
00000000
00000000
00000000
00000000
00000000
00000000
00000000
00000000
00000000
00000000
00000000
00000000
00000000
00000000
00000000
00000000
00000000
00000000
00000000
00000000
00000000
00000000
00000000
00000000
00000000
00000000
00000000
00000000
00000000
00000000
00000000
00000000
00000000
00000000
00000000
00000000
00000000
00000000
00000000
00000000
00000000
00000000
00000000
00000000
00000000
00000000
00000000
00000000
00000000
00000000
00000000
00000000
00000000
00000000
00000000
00000000
00000000
00000000
00000000
00000000
00000000
00000000
00000000
00000000
00000000
00000000
00000000
00000000
00000000
00000000
00000000
00000000
00000000
00000000
00000000
00000000
00000000
00000000
00000000
00000000
00000000
00000000
00000000
00000000
00000000
00000000
00000000
00000000
00000000
00000000
00000000
00000000
00000000
00000000
00000000
00000000
00000000
00000000
00000000
00000000
00000000
00000000
00000000
00000000
00000000
00000000
00000000
00000000
00000000
00000000
00000000
00000000
00000000
00000000
00000000
00000000
00000000
00000000
00000000
00000000
00000000
00000000
00000000
00000000
00000000
00000000
00000000
00000000
00000000
00000000
00000000
00000000
00000000
00000000
00000000
00000000
00000000
00000000
00000000
00000000
00000000
00000000
00000000
00000000
00000000
00000000
00000000
00000000
00000000
00000000
00000000
00000000
00000000
00000000
00000000
00000000
00000000
00000000
00000000
00000000
00000000
00000000
00000000
00000000
00000000
00000000
00000000
00000000
00000000
00000000
00000000
00000000
00000000
00000000
00000000
00000000
00000000
00000000
00000000
00000000
00000000
00000000
00000000
00000000
00000000
00000000
00000000
00000000
00000000
00000000
00000000
00000000
00000000
00000000
00000000
00000000
00000000
00000000
00000000
00000000
00000000
00000000
00000000
00000000
00000000
00000000
00000000
00000000
00000000
00000000
00000000
00000000
00000000
00000000
00000000
00000000
00000000
00000000
00000000
00000000
00000000
00000000
00000000
00000000
00000000
00000000
00000000
00000000
00000000
00000000
00000000
00000000
00000000
00000000
00000000
00000000
00000000
00000000
00000000
00000000
00000000
00000000
00000000
00000000
00000000
00000000
00000000
00000000
00000000
00000000
00000000
00000000
00000000
00000000
00000000
00000000
00000000
00000000
00000000
00000000
00000000
00000000
00000000
00000000
00000000
00000000
00000000
00000000
00000000
00000000
00000000
00000000
00000000
00000000
00000000
00000000
00000000
00000000
00000000
00000000
00000000
00000000
00000000
00000000
00000000
00000000
00000000
00000000
00000000
00000000
00000000
00000000
00000000
00000000
00000000
00000000
00000000
00000000
00000000
00000000
00000000
00000000
00000000
00000000
00000000
00000000
00000000
00000000
00000000
00000000
00000000
00000000
00000000
00000000
00000000
00000000
00000000
00000000
00000000
00000000
00000000
00000000
00000000
00000000
00000000
00000000
00000000
00000000
00000000
00000000
00000000
00000000
00000000
00000000
00000000
00000000
00000000
00000000
00000000
00000000
00000000
00000000
00000000
00000000
00000000
00000000
00000000
00000000
00000000
00000000
00000000
00000000
00000000
00000000
00000000
00000000
00000000
00000000
00000000
00000000
00000000
00000000
00000000
00000000
00000000
00000000
00000000
00000000
00000000
00000000
00000000
00000000
00000000
00000000
00000000
00000000
00000000
00000000
00000000
00000000
00000000
00000000
00000000
00000000
00000000
00000000
00000000
00000000
00000000
00000000
00000000
00000000
00000000
00000000
00000000
00000000
00000000
00000000
00000000
00000000
00000000
00000000
00000000
00000000
00000000
00000000
00000000
00000000
00000000
00000000
00000000
00000000
00000000
00000000
00000000
00000000
00000000
00000000
00000000
00000000
00000000
00000000
00000000
00000000
00000000
00000000
00000000
00000000
00000000
00000000
00000000
00000000
00000000
00000000
00000000
00000000
00000000
00000000
00000000
00000000
00000000
00000000
00000000
00000000
00000000
00000000
00000000
00000000
00000000
00000000
00000000
00000000
00000000
00000000
00000000
00000000
00000000
00000000
00000000
00000000
00000000
00000000
00000000
00000000
00000000
00000000
00000000
00000000
00000000
00000000
00000000
00000000
00000000
00000000
00000000
00000000
00000000
00000000
00000000
00000000
00000000
00000000
00000000
00000000
00000000
00000000
00000000
00000000
00000000
00000000
00000000
00000000
00000000
00000000
00000000
00000000
00000000
00000000
00000000
00000000
00000000
00000000
00000000
00000000
00000000
00000000
00000000
00000000
00000000
00000000
00000000
00000000
00000000
00000000
00000000
00000000
00000000
00000000
00000000
00000000
00000000
00000000
00000000
00000000
00000000
00000000
00000000
00000000
00000000
00000000
00000000
00000000
00000000
00000000
00000000
00000000
00000000
00000000
00000000
00000000
00000000
00000000
00000000
00000000
00000000
00000000
00000000
00000000
00000000
00000000
00000000
00000000
00000000
00000000
00000000
00000000
00000000
00000000
00000000
00000000
00000000
00000000
00000000
00000000
00000000
00000000
00000000
00000000
00000000
00000000
00000000
00000000
00000000
00000000
00000000
00000000
00000000
00000000
00000000
00000000
00000000
00000000
00000000
00000000
00000000
00000000
00000000
00000000
00000000
00000000
00000000
00000000
00000000
00000000
00000000
00000000
00000000
00000000
00000000
00000000
00000000
00000000
00000000
00000000
00000000
00000000
00000000
00000000
00000000
00000000
00000000
00000000
00000000
00000000
00000000
00000000
00000000
00000000
00000000
00000000
00000000
00000000
00000000
00000000
00000000
00000000
00000000
00000000
00000000
00000000
00000000
00000000
00000000
00000000
00000000
00000000
00000000
00000000
00000000
00000000
00000000
00000000
00000000
00000000
00000000
00000000
00000000
00000000
00000000
00000000
00000000
00000000
00000000
00000000
00000000
00000000
00000000
00000000
00000000
00000000
00000000
00000000
00000000
00000000
00000000
00000000
00000000
00000000
00000000
00000000
00000000
00000000
00000000
00000000
00000000
00000000
00000000
00000000
00000000
00000000
00000000
00000000
00000000
00000000
00000000
00000000
00000000
00000000
00000000
00000000
00000000
00000000
00000000
00000000
00000000
00000000
00000000
00000000
00000000
00000000
00000000
00000000
00000000
00000000
00000000
00000000
00000000
00000000
00000000
00000000
00000000
00000000
00000000
00000000
00000000
00000000
00000000
00000000
00000000
00000000
00000000
00000000
00000000
00000000
00000000
00000000
00000000
00000000
00000000
00000000
00000000
00000000
00000000
00000000
00000000
00000000
00000000
00000000
00000000
00000000
00000000
00000000
00000000
00000000
00000000
00000000
00000000
00000000
00000000
00000000
00000000
00000000
00000000
00000000
00000000
00000000
00000000
00000000
00000000
00000000
00000000
00000000
00000000
00000000
00000000
00000000
00000000
00000000
00000000
00000000
00000000
00000000
00000000
00000000
00000000
00000000
00000000
00000000
00000000
00000000
00000000
00000000
00000000
00000000
00000000
00000000
00000000
00000000
00000000
00000000
00000000
00000000
00000000
00000000
00000000
00000000
00000000
00000000
00000000
00000000
00000000
00000000
00000000
00000000
00000000
00000000
00000000
00000000
00000000
00000000
00000000
00000000
00000000
00000000
00000000
00000000
00000000
00000000
00000000
00000000
00000000
00000000
00000000
00000000
00000000
00000000
00000000
00000000
00000000
00000000
00000000
00000000
00000000
00000000
00000000
00000000
00000000
00000000
00000000
00000000
00000000
00000000
00000000
00000000
00000000
00000000
00000000
00000000
00000000
00000000
00000000
00000000
00000000
00000000
00000000
00000000
00000000
00000000
00000000
00000000
00000000
00000000
00000000
00000000
00000000
00000000
00000000
00000000
00000000
00000000
00000000
00000000
00000000
00000000
00000000
00000000
00000000
00000000
00000000
00000000
00000000
00000000
00000000
00000000
00000000
00000000
00000000
00000000
00000000
00000000
00000000
00000000
00000000
00000000
00000000
00000000
00000000
00000000
00000000
00000000
00000000
00000000
00000000
00000000
00000000
00000000
00000000
00000000
00000000
00000000
00000000
00000000
00000000
00000000
00000000
00000000
00000000
00000000
00000000
00000000
00000000
00000000
00000000
00000000
00000000
00000000
00000000
00000000
00000000
00000000
00000000
00000000
00000000
00000000
00000000
00000000
00000000
00000000
00000000
00000000
00000000
00000000
00000000
00000000
00000000
00000000
00000000
00000000
00000000
00000000
00000000
00000000
00000000
00000000
00000000
00000000
00000000
00000000
00000000
00000000
00000000
00000000
00000000
00000000
00000000
00000000
00000000
00000000
00000000
00000000
00000000
00000000
00000000
00000000
00000000
00000000
00000000
00000000
00000000
00000000
00000000
00000000
00000000
00000000
00000000
00000000
00000000
00000000
00000000
00000000
00000000
00000000
00000000
00000000
00000000
00000000
00000000
00000000
00000000
00000000
00000000
00000000
00000000
00000000
00000000
00000000
00000000
00000000
00000000
00000000
00000000
00000000
00000000
00000000
00000000
00000000
00000000
00000000
00000000
00000000
00000000
00000000
00000000
00000000
00000000
00000000
00000000
00000000
00000000
00000000
00000000
00000000
00000000
00000000
00000000
00000000
00000000
00000000
00000000
00000000
00000000
00000000
00000000
00000000
00000000
00000000
00000000
00000000
00000000
00000000
00000000
00000000
00000000
00000000
00000000
00000000
00000000
00000000
00000000
00000000
00000000
00000000
00000000
00000000
00000000
00000000
00000000
00000000
00000000
00000000
00000000
00000000
00000000
00000000
00000000
00000000
00000000
00000000
00000000
00000000
00000000
00000000
00000000
00000000
00000000
00000000
00000000
00000000
00000000
00000000
00000000
00000000
00000000
00000000
00000000
00000000
00000000
00000000
00000000
00000000
00000000
00000000
00000000
00000000
00000000
00000000
00000000
00000000
00000000
00000000
00000000
00000000
00000000
00000000
00000000
00000000
00000000
00000000
00000000
00000000
00000000
00000000
00000000
00000000
00000000
00000000
00000000
00000000
00000000
00000000
00000000
00000000
00000000
00000000
00000000
00000000
00000000
00000000
00000000
00000000
00000000
00000000
00000000
00000000
00000000
00000000
00000000
00000000
00000000
00000000
00000000
00000000
00000000
00000000
00000000
00000000
00000000
00000000
00000000
00000000
00000000
00000000
00000000
00000000
00000000
00000000
00000000
00000000
00000000
00000000
00000000
00000000
00000000
00000000
00000000
00000000
00000000
00000000
00000000
00000000
00000000
00000000
00000000
00000000
00000000
00000000
00000000
00000000
00000000
00000000
00000000
00000000
00000000
00000000
00000000
00000000
00000000
00000000
00000000
00000000
00000000
00000000
00000000
00000000
00000000
00000000
00000000
00000000
00000000
00000000
00000000
00000000
00000000
00000000
00000000
00000000
00000000
00000000
00000000
00000000
00000000
00000000
00000000
00000000
00000000
00000000
00000000
00000000
00000000
00000000
00000000
00000000
00000000
00000000
00000000
00000000
00000000
00000000
00000000
00000000
00000000
00000000
00000000
00000000
00000000
00000000
00000000
00000000
00000000
00000000
00000000
00000000
00000000
00000000
00000000
00000000
00000000
00000000
00000000
00000000
00000000
00000000
00000000
00000000
00000000
00000000
00000000
00000000
00000000
00000000
00000000
00000000
00000000
00000000
00000000
00000000
00000000
00000000
00000000
00000000
00000000
00000000
00000000
00000000
00000000
00000000
00000000
00000000
00000000
00000000
00000000
00000000
00000000
00000000
00000000
00000000
00000000
00000000
00000000
00000000
00000000
00000000
00000000
00000000
00000000
00000000
00000000
00000000
00000000
00000000
00000000
00000000
00000000
00000000
00000000
00000000
00000000
00000000
00000000
00000000
00000000
00000000
00000000
00000000
00000000
00000000
00000000
00000000
00000000
00000000
00000000
00000000
00000000
00000000
00000000
00000000
00000000
00000000
00000000
00000000
00000000
00000000
00000000
00000000
00000000
00000000
00000000
00000000
00000000
00000000
00000000
00000000
00000000
00000000
00000000
00000000
00000000
00000000
00000000
00000000
00000000
00000000
00000000
00000000
00000000
00000000
00000000
00000000
00000000
00000000
00000000
00000000
00000000
00000000
00000000
00000000
00000000
00000000
00000000
00000000
00000000
00000000
00000000
00000000
00000000
00000000
00000000
00000000
00000000
00000000
00000000
00000000
00000000
00000000
00000000
00000000
00000000
00000000
00000000
00000000
00000000
00000000
00000000
00000000
00000000
00000000
00000000
00000000
00000000
00000000
00000000
00000000
00000000
00000000
00000000
00000000
00000000
00000000
00000000
00000000
00000000
00000000
00000000
00000000
00000000
00000000
00000000
00000000
00000000
00000000
00000000
00000000
00000000
00000000
00000000
00000000
00000000
00000000
00000000
00000000
00000000
00000000
00000000
00000000
00000000
00000000
00000000
00000000
00000000
00000000
00000000
00000000
00000000
00000000
00000000
00000000
00000000
00000000
00000000
00000000
00000000
00000000
00000000
00000000
00000000
00000000
00000000
00000000
00000000
00000000
00000000
00000000
00000000
00000000
00000000
00000000
00000000
00000000
00000000
00000000
00000000
00000000
00000000
00000000
00000000
00000000
00000000
00000000
00000000
00000000
00000000
00000000
00000000
00000000
00000000
00000000
00000000
00000000
00000000
00000000
00000000
00000000
00000000
00000000
00000000
00000000
00000000
00000000
00000000
00000000
00000000
00000000
00000000
00000000
00000000
00000000
00000000
00000000
00000000
00000000
00000000
00000000
00000000
00000000
00000000
00000000
00000000
00000000
00000000
00000000
00000000
00000000
00000000
00000000
00000000
00000000
00000000
00000000
00000000
00000000
00000000
00000000
00000000
00000000
00000000
00000000
00000000
00000000
00000000
00000000
00000000
00000000
00000000
00000000
00000000
00000000
00000000
00000000
00000000
00000000
00000000
00000000
00000000
00000000
00000000
00000000
00000000
00000000
00000000
00000000
00000000
00000000
00000000
00000000
00000000
00000000
00000000
00000000
00000000
00000000
00000000
00000000
00000000
00000000
00000000
00000000
00000000
00000000
00000000
00000000
00000000
00000000
00000000
00000000
00000000
00000000
00000000
00000000
00000000
00000000
00000000
00000000
00000000
00000000
00000000
00000000
00000000
00000000
00000000
00000000
00000000
00000000
00000000
00000000
00000000
00000000
00000000
00000000
00000000
00000000
00000000
00000000
00000000
00000000
00000000
00000000
00000000
00000000
00000000
00000000
00000000
00000000
00000000
00000000
00000000
00000000
00000000
00000000
00000000
00000000
00000000
00000000
00000000
00000000
00000000
00000000
00000000
00000000
00000000
00000000
00000000
00000000
00000000
00000000
00000000
00000000
00000000
00000000
00000000
00000000
00000000
00000000
00000000
00000000
00000000
00000000
00000000
00000000
00000000
00000000
00000000
00000000
00000000
00000000
00000000
00000000
00000000
00000000
00000000
00000000
00000000
00000000
00000000
00000000
00000000
00000000
00000000
00000000
00000000
00000000
00000000
00000000
00000000
00000000
00000000
00000000
00000000
00000000
00000000
00000000
00000000
00000000
00000000
00000000
00000000
00000000
00000000
00000000
00000000
00000000
00000000
00000000
00000000
00000000
00000000
00000000
00000000
00000000
00000000
00000000
00000000
00000000
00000000
00000000
00000000
00000000
00000000
00000000
00000000
00000000
00000000
00000000
00000000
00000000
00000000
00000000
00000000
00000000
00000000
00000000
00000000
00000000
00000000
00000000
00000000
00000000
00000000
00000000
00000000
00000000
00000000
00000000
00000000
00000000
00000000
00000000
00000000
00000000
00000000
00000000
00000000
00000000
00000000
00000000
00000000
00000000
00000000
00000000
00000000
00000000
00000000
00000000
00000000
00000000
00000000
00000000
00000000
00000000
00000000
00000000
00000000
00000000
00000000
00000000
00000000
00000000
00000000
00000000
00000000
00000000
00000000
00000000
00000000
00000000
00000000
00000000
00000000
00000000
00000000
00000000
00000000
00000000
00000000
00000000
00000000
00000000
00000000
00000000
00000000
00000000
00000000
00000000
00000000
00000000
00000000
00000000
00000000
00000000
00000000
00000000
00000000
00000000
00000000
00000000
00000000
00000000
00000000
00000000
00000000
00000000
00000000
00000000
00000000
00000000
00000000
00000000
00000000
00000000
00000000
00000000
00000000
00000000
00000000
00000000
00000000
00000000
00000000
00000000
00000000
00000000
00000000
00000000
00000000
00000000
00000000
00000000
00000000
00000000
00000000
00000000
00000000
00000000
00000000
00000000
00000000
00000000
00000000
00000000
00000000
00000000
00000000
00000000
00000000
00000000
00000000
00000000
00000000
00000000
00000000
00000000
00000000
00000000
00000000
00000000
00000000
00000000
00000000
00000000
00000000
00000000
00000000
00000000
00000000
00000000
00000000
00000000
00000000
00000000
00000000
00000000
00000000
00000000
00000000
00000000
00000000
00000000
00000000
00000000
00000000
00000000
00000000
00000000
00000000
00000000
00000000
00000000
00000000
00000000
00000000
00000000
00000000
00000000
00000000
00000000
00000000
00000000
00000000
00000000
00000000
00000000
00000000
00000000
00000000
00000000
00000000
00000000
00000000
00000000
00000000
00000000
00000000
00000000
00000000
00000000
00000000
00000000
00000000
00000000
00000000
00000000
00000000
00000000
00000000
00000000
00000000
00000000
00000000
00000000
00000000
00000000
00000000
00000000
00000000
00000000
00000000
00000000
00000000
00000000
00000000
00000000
00000000
00000000
00000000
00000000
00000000
00000000
00000000
00000000
00000000
00000000
00000000
00000000
00000000
00000000
00000000
00000000
00000000
00000000
00000000
00000000
00000000
00000000
00000000
00000000
00000000
00000000
00000000
00000000
00000000
00000000
00000000
00000000
00000000
00000000
00000000
00000000
00000000
00000000
00000000
00000000
00000000
00000000
00000000
00000000
00000000
00000000
00000000
00000000
00000000
00000000
00000000
00000000
00000000
00000000
00000000
00000000
00000000
00000000
00000000
00000000
00000000
00000000
00000000
00000000
00000000
00000000
00000000
00000000
00000000
00000000
00000000
00000000
00000000
00000000
00000000
00000000
00000000
00000000
00000000
00000000
00000000
00000000
00000000
00000000
00000000
00000000
00000000
00000000
00000000
00000000
00000000
00000000
00000000
00000000
00000000
00000000
00000000
00000000
00000000
00000000
00000000
00000000
00000000
00000000
00000000
00000000
00000000
00000000
00000000
00000000
00000000
00000000
00000000
00000000
00000000
00000000
00000000
00000000
00000000
00000000
00000000
00000000
00000000
00000000
00000000
00000000
00000000
00000000
00000000
00000000
00000000
00000000
00000000
00000000
00000000
00000000
00000000
00000000
00000000
00000000
00000000
00000000
00000000
00000000
00000000
00000000
00000000
00000000
00000000
00000000
00000000
00000000
00000000
00000000
00000000
00000000
00000000
00000000
00000000
00000000
00000000
00000000
00000000
00000000
00000000
00000000
00000000
00000000
00000000
00000000
00000000
00000000
00000000
00000000
00000000
00000000
00000000
00000000
00000000
00000000
00000000
00000000
00000000
00000000
00000000
00000000
00000000
00000000
00000000
00000000
00000000
00000000
00000000
00000000
00000000
00000000
00000000
00000000
00000000
00000000
00000000
00000000
00000000
00000000
00000000
00000000
00000000
00000000
00000000
00000000
00000000
00000000
00000000
00000000
00000000
00000000
00000000
00000000
00000000
00000000
00000000
00000000
00000000
00000000
00000000
00000000
00000000
00000000
00000000
00000000
00000000
00000000
00000000
00000000
00000000
00000000
00000000
00000000
00000000
00000000
00000000
00000000
00000000
00000000
00000000
00000000
00000000
00000000
00000000
00000000
00000000
00000000
00000000
00000000
00000000
00000000
00000000
00000000
00000000
00000000
00000000
00000000
00000000
00000000
00000000
00000000
00000000
00000000
00000000
00000000
00000000
00000000
00000000
00000000
00000000
00000000
00000000
00000000
00000000
00000000
00000000
00000000
00000000
00000000
00000000
00000000
00000000
00000000
00000000
00000000
00000000
00000000
00000000
00000000
00000000
00000000
00000000
00000000
00000000
00000000
00000000
00000000
00000000
00000000
00000000
00000000
00000000
00000000
00000000
00000000
00000000
00000000
00000000
00000000
00000000
00000000
00000000
00000000
00000000
00000000
00000000
00000000
00000000
00000000
00000000
00000000
00000000
00000000
00000000
00000000
00000000
00000000
00000000
00000000
00000000
00000000
00000000
00000000
00000000
00000000
00000000
00000000
00000000
00000000
00000000
00000000
00000000
00000000
00000000
00000000
00000000
00000000
00000000
00000000
00000000
00000000
00000000
00000000
00000000
00000000
00000000
00000000
00000000
00000000
00000000
00000000
00000000
00000000
00000000
00000000
00000000
00000000
00000000
00000000
00000000
00000000
00000000
00000000
00000000
00000000
00000000
00000000
00000000
00000000
00000000
00000000
00000000
00000000
00000000
00000000
00000000
00000000
00000000
00000000
00000000
00000000
00000000
00000000
00000000
00000000
00000000
00000000
00000000
00000000
00000000
00000000
00000000
00000000
00000000
00000000
00000000
00000000
00000000
00000000
00000000
00000000
00000000
00000000
00000000
00000000
00000000
00000000
00000000
00000000
00000000
00000000
00000000
00000000
00000000
00000000
00000000
00000000
00000000
00000000
00000000
00000000
00000000
00000000
00000000
00000000
00000000
00000000
00000000
00000000
00000000
00000000
00000000
00000000
00000000
00000000
00000000
00000000
00000000
00000000
00000000
00000000
00000000
00000000
00000000
00000000
00000000
00000000
00000000
00000000
00000000
00000000
00000000
00000000
00000000
00000000
00000000
00000000
00000000
00000000
00000000
00000000
00000000
00000000
00000000
00000000
00000000
00000000
00000000
00000000
00000000
00000000
00000000
00000000
00000000
00000000
00000000
00000000
00000000
00000000
00000000
00000000
00000000
00000000
00000000
00000000
00000000
00000000
00000000
00000000
00000000
00000000
00000000
00000000
00000000
00000000
00000000
00000000
00000000
00000000
00000000
00000000
00000000
00000000
00000000
00000000
00000000
00000000
00000000
00000000
00000000
00000000
00000000
00000000
00000000
00000000
00000000
00000000
00000000
00000000
00000000
00000000
00000000
00000000
00000000
00000000
00000000
00000000
00000000
00000000
00000000
00000000
00000000
00000000
00000000
00000000
00000000
00000000
00000000
00000000
00000000
00000000
00000000
00000000
00000000
00000000
00000000
00000000
00000000
00000000
00000000
00000000
00000000
00000000
00000000
00000000
00000000
00000000
00000000
00000000
00000000
00000000
00000000
00000000
00000000
00000000
00000000
00000000
00000000
00000000
00000000
00000000
00000000
00000000
00000000
00000000
00000000
00000000
00000000
00000000
00000000
00000000
00000000
00000000
00000000
00000000
00000000
00000000
00000000
00000000
00000000
00000000
00000000
00000000
00000000
00000000
00000000
00000000
00000000
00000000
00000000
00000000
00000000
00000000
00000000
00000000
00000000
00000000
00000000
00000000
00000000
00000000
00000000
00000000
00000000
00000000
00000000
00000000
00000000
00000000
00000000
00000000
00000000
00000000
00000000
00000000
00000000
00000000
00000000
00000000
00000000
00000000
00000000
00000000
00000000
00000000
00000000
00000000
00000000
00000000
00000000
00000000
00000000
00000000
00000000
00000000
00000000
00000000
00000000
00000000
00000000
00000000
00000000
00000000
00000000
00000000
00000000
00000000
00000000
00000000
00000000
00000000
00000000
00000000
00000000
00000000
00000000
00000000
00000000
00000000
00000000
00000000
00000000
00000000
00000000
00000000
00000000
00000000
00000000
00000000
00000000
00000000
00000000
00000000
00000000
00000000
00000000
00000000
00000000
00000000
00000000
00000000
00000000
00000000
00000000
00000000
00000000
00000000
00000000
00000000
00000000
00000000
00000000
00000000
00000000
00000000
00000000
00000000
00000000
00000000
00000000
00000000
00000000
00000000
00000000
00000000
00000000
00000000
00000000
00000000
00000000
00000000
00000000
00000000
00000000
00000000
00000000
00000000
00000000
00000000
00000000
00000000
00000000
00000000
00000000
00000000
00000000
00000000
00000000
00000000
00000000
00000000
00000000
00000000
00000000
00000000
00000000
00000000
00000000
00000000
00000000
00000000
00000000
00000000
00000000
00000000
00000000
00000000
00000000
00000000
00000000
00000000
00000000
00000000
00000000
00000000
00000000
00000000
00000000
00000000
00000000
00000000
00000000
00000000
00000000
00000000
00000000
00000000
00000000
00000000
00000000
00000000
00000000
00000000
00000000
00000000
00000000
00000000
00000000
00000000
00000000
00000000
00000000
00000000
00000000
00000000
00000000
00000000
00000000
00000000
00000000
00000000
00000000
00000000
00000000
00000000
00000000
00000000
00000000
00000000
00000000
00000000
00000000
00000000
00000000
00000000
00000000
00000000
00000000
00000000
00000000
00000000
00000000
00000000
00000000
00000000
00000000
00000000
00000000
00000000
00000000
00000000
00000000
00000000
00000000
00000000
00000000
00000000
00000000
00000000
00000000
00000000
00000000
00000000
00000000
00000000
00000000
00000000
00000000
00000000
00000000
00000000
00000000
00000000
00000000
00000000
00000000
00000000
00000000
00000000
00000000
00000000
00000000
00000000
00000000
00000000
00000000
00000000
00000000
00000000
00000000
00000000
00000000
00000000
00000000
00000000
00000000
00000000
00000000
00000000
00000000
00000000
00000000
00000000
00000000
00000000
00000000
00000000
00000000
00000000
00000000
00000000
00000000
00000000
00000000
00000000
00000000
00000000
00000000
00000000
00000000
00000000
00000000
00000000
00000000
00000000
00000000
00000000
00000000
00000000
00000000
00000000
00000000
00000000
00000000
00000000
00000000
00000000
00000000
00000000
00000000
00000000
00000000
00000000
00000000
00000000
00000000
00000000
00000000
00000000
00000000
00000000
00000000
00000000
00000000
00000000
00000000
00000000
00000000
00000000
00000000
00000000
00000000
00000000
00000000
00000000
00000000
00000000
00000000
00000000
00000000
00000000
00000000
00000000
00000000
00000000
00000000
00000000
00000000
00000000
00000000
00000000
00000000
00000000
00000000
00000000
00000000
00000000
00000000
00000000
00000000
00000000
00000000
00000000
00000000
00000000
00000000
00000000
00000000
00000000
00000000
00000000
00000000
00000000
00000000
00000000
00000000
00000000
00000000
00000000
00000000
00000000
00000000
00000000
00000000
00000000
00000000
00000000
00000000
00000000
00000000
00000000
00000000
00000000
00000000
00000000
00000000
00000000
00000000
00000000
00000000
00000000
00000000
00000000
00000000
00000000
00000000
00000000
00000000
00000000
00000000
00000000
00000000
00000000
00000000
00000000
00000000
00000000
00000000
00000000
00000000
00000000
00000000
00000000
00000000
00000000
00000000
00000000
00000000
00000000
00000000
00000000
00000000
00000000
00000000
00000000
00000000
00000000
00000000
00000000
00000000
00000000
00000000
00000000
00000000
00000000
00000000
00000000
00000000
00000000
00000000
00000000
00000000
00000000
00000000
00000000
00000000
00000000
00000000
00000000
00000000
00000000
00000000
00000000
00000000
00000000
00000000
00000000
00000000
00000000
00000000
00000000
00000000
00000000
00000000
00000000
00000000
00000000
00000000
00000000
00000000
00000000
00000000
00000000
00000000
00000000
00000000
00000000
00000000
00000000
00000000
00000000
00000000
00000000
00000000
00000000
00000000
00000000
00000000
00000000
00000000
00000000
00000000
00000000
00000000
00000000
00000000
00000000
00000000
00000000
00000000
00000000
00000000
00000000
00000000
00000000
00000000
00000000
00000000
00000000
00000000
00000000
00000000
00000000
00000000
00000000
00000000
00000000
00000000
00000000
00000000
00000000
00000000
00000000
00000000
00000000
00000000
00000000
00000000
00000000
00000000
00000000
00000000
00000000
00000000
00000000
00000000
00000000
00000000
00000000
00000000
00000000
00000000
00000000
00000000
00000000
00000000
00000000
00000000
00000000
00000000
00000000
00000000
00000000
00000000
00000000
00000000
00000000
00000000
00000000
00000000
00000000
00000000
00000000
00000000
00000000
00000000
00000000
00000000
00000000
00000000
00000000
00000000
00000000
00000000
00000000
00000000
00000000
00000000
00000000
00000000
00000000
00000000
00000000
00000000
00000000
00000000
00000000
00000000
00000000
00000000
00000000
00000000
00000000
00000000
00000000
00000000
00000000
00000000
00000000
00000000
00000000
00000000
00000000
00000000
00000000
00000000
00000000
00000000
00000000
00000000
00000000
00000000
00000000
00000000
00000000
00000000
00000000
00000000
00000000
00000000
00000000
00000000
00000000
00000000
00000000
00000000
00000000
00000000
00000000
00000000
00000000
00000000
00000000
00000000
00000000
00000000
00000000
00000000
00000000
00000000
00000000
00000000
00000000
00000000
00000000
00000000
00000000
00000000
00000000
00000000
00000000
00000000
00000000
00000000
00000000
00000000
00000000
00000000
00000000
00000000
00000000
00000000
00000000
00000000
00000000
00000000
00000000
00000000
00000000
00000000
00000000
00000000
00000000
00000000
00000000
00000000
00000000
00000000
00000000
00000000
00000000
00000000
00000000
00000000
00000000
00000000
00000000
00000000
00000000
00000000
00000000
00000000
00000000
00000000
00000000
00000000
00000000
00000000
00000000
00000000
00000000
00000000
00000000
00000000
00000000
00000000
00000000
00000000
00000000
00000000
00000000
00000000
00000000
00000000
00000000
00000000
00000000
00000000
00000000
00000000
00000000
00000000
00000000
00000000
00000000
00000000
00000000
00000000
00000000
00000000
00000000
00000000
00000000
00000000
00000000
00000000
00000000
00000000
00000000
00000000
00000000
00000000
00000000
00000000
00000000
00000000
00000000
00000000
00000000
00000000
00000000
00000000
00000000
00000000
00000000
00000000
00000000
00000000
00000000
00000000
00000000
00000000
00000000
00000000
00000000
00000000
00000000
00000000
00000000
00000000
00000000
00000000
00000000
00000000
00000000
00000000
00000000
00000000
00000000
00000000
00000000
00000000
00000000
00000000
00000000
00000000
00000000
00000000
00000000
00000000
00000000
00000000
00000000
00000000
00000000
00000000
00000000
00000000
00000000
00000000
00000000
00000000
00000000
00000000
00000000
00000000
00000000
00000000
00000000
00000000
00000000
00000000
00000000
00000000
00000000
00000000
00000000
00000000
00000000
00000000
00000000
00000000
00000000
00000000
00000000
00000000
00000000
00000000
00000000
00000000
00000000
00000000
00000000
00000000
00000000
00000000
00000000
00000000
00000000
00000000
00000000
00000000
00000000
00000000
00000000
00000000
00000000
00000000
00000000
00000000
00000000
00000000
00000000
00000000
00000000
00000000
00000000
00000000
00000000
00000000
00000000
00000000
00000000
00000000
00000000
00000000
00000000
00000000
00000000
00000000
00000000
00000000
00000000
00000000
00000000
00000000
00000000
00000000
00000000
00000000
00000000
00000000
00000000
00000000
00000000
00000000
00000000
00000000
00000000
00000000
00000000
00000000
00000000
00000000
00000000
00000000
00000000
00000000
00000000
00000000
00000000
00000000
00000000
00000000
00000000
00000000
00000000
00000000
00000000
00000000
00000000
00000000
00000000
00000000
00000000
00000000
00000000
00000000
00000000
00000000
00000000
00000000
00000000
00000000
00000000
00000000
00000000
00000000
00000000
00000000
00000000
00000000
00000000
00000000
00000000
00000000
00000000
00000000
00000000
00000000
00000000
00000000
00000000
00000000
00000000
00000000
00000000
00000000
00000000
00000000
00000000
00000000
00000000
00000000
00000000
00000000
00000000
00000000
00000000
00000000
00000000
00000000
00000000
00000000
00000000
00000000
00000000
00000000
00000000
00000000
00000000
00000000
00000000
00000000
00000000
00000000
00000000
00000000
00000000
00000000
00000000
00000000
00000000
00000000
00000000
00000000
00000000
00000000
00000000
00000000
00000000
00000000
00000000
00000000
00000000
00000000
00000000
00000000
00000000
00000000
00000000
00000000
00000000
00000000
00000000
00000000
00000000
00000000
00000000
00000000
00000000
00000000
00000000
00000000
00000000
00000000
00000000
00000000
00000000
00000000
00000000
00000000
00000000
00000000
00000000
00000000
00000000
00000000
00000000
00000000
00000000
00000000
00000000
00000000
00000000
00000000
00000000
00000000
00000000
00000000
00000000
00000000
00000000
00000000
00000000
00000000
00000000
00000000
00000000
00000000
00000000
00000000
00000000
00000000
00000000
00000000
00000000
00000000
00000000
00000000
00000000
00000000
00000000
00000000
00000000
00000000
00000000
00000000
00000000
00000000
00000000
00000000
00000000
00000000
00000000
00000000
00000000
00000000
00000000
00000000
00000000
00000000
00000000
00000000
00000000
00000000
00000000
00000000
00000000
00000000
00000000
00000000
00000000
00000000
00000000
00000000
00000000
00000000
00000000
00000000
00000000
00000000
00000000
00000000
00000000
00000000
00000000
00000000
00000000
00000000
00000000
00000000
00000000
00000000
00000000
00000000
00000000
00000000
00000000
00000000
00000000
00000000
00000000
00000000
00000000
00000000
00000000
00000000
00000000
00000000
00000000
00000000
00000000
00000000
00000000
00000000
00000000
00000000
00000000
00000000
00000000
00000000
00000000
00000000
00000000
00000000
00000000
00000000
00000000
00000000
00000000
00000000
00000000
00000000
00000000
00000000
00000000
00000000
00000000
00000000
00000000
00000000
00000000
00000000
00000000
00000000
00000000
00000000
00000000
00000000
00000000
00000000
00000000
00000000
00000000
00000000
00000000
00000000
00000000
00000000
00000000
00000000
00000000
00000000
00000000
00000000
00000000
00000000
00000000
00000000
00000000
00000000
00000000
00000000
00000000
00000000
00000000
00000000
00000000
00000000
00000000
00000000
00000000
00000000
00000000
00000000
00000000
00000000
00000000
00000000
00000000
00000000
00000000
00000000
00000000
00000000
00000000
00000000
00000000
00000000
00000000
00000000
00000000
00000000
00000000
00000000
00000000
00000000
00000000
00000000
00000000
00000000
00000000
00000000
00000000
00000000
00000000
00000000
00000000
00000000
00000000
00000000
00000000
00000000
00000000
00000000
00000000
00000000
00000000
00000000
00000000
00000000
00000000
00000000
00000000
00000000
00000000
00000000
00000000
00000000
00000000
00000000
00000000
00000000
00000000
00000000
00000000
00000000
00000000
00000000
00000000
00000000
00000000
00000000
00000000
00000000
00000000
00000000
00000000
00000000
00000000
00000000
00000000
00000000
00000000
00000000
00000000
00000000
00000000
00000000
00000000
00000000
00000000
00000000
00000000
00000000
00000000
00000000
00000000
00000000
00000000
00000000
00000000
00000000
00000000
00000000
00000000
00000000
00000000
00000000
00000000
00000000
00000000
00000000
00000000
00000000
00000000
00000000
00000000
00000000
00000000
00000000
00000000
00000000
00000000
00000000
00000000
00000000
00000000
00000000
00000000
00000000
00000000
00000000
00000000
00000000
00000000
00000000
00000000
00000000
00000000
00000000
00000000
00000000
00000000
00000000
00000000
00000000
00000000
00000000
00000000
00000000
00000000
00000000
00000000
00000000
00000000
00000000
00000000
00000000
00000000
00000000
00000000
00000000
00000000
00000000
00000000
00000000
00000000
00000000
00000000
00000000
00000000
00000000
00000000
00000000
00000000
00000000
00000000
00000000
00000000
00000000
00000000
00000000
00000000
00000000
00000000
00000000
00000000
00000000
00000000
00000000
00000000
00000000
00000000
00000000
00000000
00000000
00000000
00000000
00000000
00000000
00000000
00000000
00000000
00000000
00000000
00000000
00000000
00000000
00000000
00000000
00000000
00000000
00000000
00000000
00000000
00000000
00000000
00000000
00000000
00000000
00000000
00000000
00000000
00000000
00000000
00000000
00000000
00000000
00000000
00000000
00000000
00000000
00000000
00000000
00000000
00000000
00000000
00000000
00000000
00000000
00000000
00000000
00000000
00000000
00000000
00000000
00000000
00000000
00000000
00000000
00000000
00000000
00000000
00000000
00000000
00000000
00000000
00000000
00000000
00000000
00000000
00000000
00000000
00000000
00000000
00000000
00000000
00000000
00000000
00000000
00000000
00000000
00000000
00000000
00000000
00000000
00000000
00000000
00000000
00000000
00000000
00000000
00000000
00000000
00000000
00000000
00000000
00000000
00000000
00000000
00000000
00000000
00000000
00000000
00000000
00000000
00000000
00000000
00000000
00000000
00000000
00000000
00000000
00000000
00000000
00000000
00000000
00000000
00000000
00000000
00000000
00000000
00000000
00000000
00000000
00000000
00000000
00000000
00000000
00000000
00000000
00000000
00000000
00000000
00000000
00000000
00000000
00000000
00000000
00000000
00000000
00000000
00000000
00000000
00000000
00000000
00000000
00000000
00000000
00000000
00000000
00000000
00000000
00000000
00000000
00000000
00000000
00000000
00000000
00000000
00000000
00000000
00000000
00000000
00000000
00000000
00000000
00000000
00000000
00000000
00000000
00000000
00000000
00000000
00000000
00000000
00000000
00000000
00000000
00000000
00000000
00000000
00000000
00000000
00000000
00000000
00000000
00000000
00000000
00000000
00000000
00000000
00000000
00000000
00000000
00000000
00000000
00000000
00000000
00000000
00000000
00000000
00000000
00000000
00000000
00000000
00000000
00000000
00000000
00000000
00000000
00000000
00000000
00000000
00000000
00000000
00000000
00000000
00000000
00000000
00000000
00000000
00000000
00000000
00000000
00000000
00000000
00000000
00000000
00000000
00000000
00000000
00000000
00000000
00000000
00000000
00000000
00000000
00000000
00000000
00000000
00000000
00000000
00000000
00000000
00000000
00000000
00000000
00000000
00000000
00000000
00000000
00000000
00000000
00000000
00000000
00000000
00000000
00000000
00000000
00000000
00000000
00000000
00000000
00000000
00000000
00000000
00000000
00000000
00000000
00000000
00000000
00000000
00000000
00000000
00000000
00000000
00000000
00000000
00000000
00000000
00000000
00000000
00000000
00000000
00000000
00000000
00000000
00000000
00000000
00000000
00000000
00000000
00000000
00000000
00000000
00000000
00000000
00000000
00000000
00000000
00000000
00000000
00000000
00000000
00000000
00000000
00000000
00000000
00000000
00000000
00000000
00000000
00000000
00000000
00000000
00000000
00000000
00000000
00000000
00000000
00000000
00000000
00000000
00000000
00000000
00000000
00000000
00000000
00000000
00000000
00000000
00000000
00000000
00000000
00000000
00000000
00000000
00000000
00000000
00000000
00000000
00000000
00000000
00000000
00000000
00000000
00000000
00000000
00000000
00000000
00000000
00000000
00000000
00000000
00000000
00000000
00000000
00000000
00000000
00000000
00000000
00000000
00000000
00000000
00000000
00000000
00000000
00000000
00000000
00000000
00000000
00000000
00000000
00000000
00000000
00000000
00000000
00000000
00000000
00000000
00000000
00000000
00000000
00000000
00000000
00000000
00000000
00000000
00000000
00000000
00000000
00000000
00000000
00000000
00000000
00000000
00000000
00000000
00000000
00000000
00000000
00000000
00000000
00000000
00000000
00000000
00000000
00000000
00000000
00000000
00000000
00000000
00000000
00000000
00000000
00000000
00000000
00000000
00000000
00000000
00000000
00000000
00000000
00000000
00000000
00000000
00000000
00000000
00000000
00000000
00000000
00000000
00000000
00000000
00000000
00000000
00000000
00000000
00000000
00000000
00000000
00000000
00000000
00000000
00000000
00000000
00000000
00000000
00000000
00000000
00000000
00000000
00000000
00000000
00000000
00000000
00000000
00000000
00000000
00000000
00000000
00000000
00000000
00000000
00000000
00000000
00000000
00000000
00000000
00000000
00000000
00000000
00000000
00000000
00000000
00000000
00000000
00000000
00000000
00000000
00000000
00000000
00000000
00000000
00000000
00000000
00000000
00000000
00000000
00000000
00000000
00000000
00000000
00000000
00000000
00000000
00000000
00000000
00000000
00000000
00000000
00000000
00000000
00000000
00000000
00000000
00000000
00000000
00000000
00000000
00000000
00000000
00000000
00000000
00000000
00000000
00000000
00000000
00000000
00000000
00000000
00000000
00000000
00000000
00000000
00000000
00000000
00000000
00000000
00000000
00000000
00000000
00000000
00000000
00000000
00000000
00000000
00000000
00000000
00000000
00000000
00000000
00000000
00000000
00000000
00000000
00000000
00000000
00000000
00000000
00000000
00000000
00000000
00000000
00000000
00000000
00000000
00000000
00000000
00000000
00000000
00000000
00000000
00000000
00000000
00000000
00000000
00000000
00000000
00000000
00000000
00000000
00000000
00000000
00000000
00000000
00000000
00000000
00000000
00000000
00000000
00000000
00000000
00000000
00000000
00000000
00000000
00000000
00000000
00000000
00000000
00000000
00000000
00000000
00000000
00000000
00000000
00000000
00000000
00000000
00000000
00000000
00000000
00000000
00000000
00000000
00000000
00000000
00000000
00000000
00000000
00000000
00000000
00000000
00000000
00000000
00000000
00000000
00000000
00000000
00000000
00000000
00000000
00000000
00000000
00000000
00000000
00000000
00000000
00000000
00000000
00000000
00000000
00000000
00000000
00000000
00000000
00000000
00000000
00000000
00000000
00000000
00000000
00000000
00000000
00000000
00000000
00000000
00000000
00000000
00000000
00000000
00000000
00000000
00000000
00000000
00000000
00000000
00000000
00000000
00000000
00000000
00000000
00000000
00000000
00000000
00000000
00000000
00000000
00000000
00000000
00000000
00000000
00000000
00000000
00000000
00000000
00000000
00000000
00000000
00000000
00000000
00000000
00000000
00000000
00000000
00000000
00000000
00000000
00000000
00000000
00000000
00000000
00000000
00000000
00000000
00000000
00000000
00000000
00000000
00000000
00000000
00000000
00000000
00000000
00000000
00000000
00000000
00000000
00000000
00000000
00000000
00000000
00000000
00000000
00000000
00000000
00000000
00000000
00000000
00000000
00000000
00000000
00000000
00000000
00000000
00000000
00000000
00000000
00000000
00000000
00000000
00000000
00000000
00000000
00000000
00000000
00000000
00000000
00000000
00000000
00000000
00000000
00000000
00000000
00000000
00000000
00000000
00000000
00000000
00000000
00000000
00000000
00000000
00000000
00000000
00000000
00000000
00000000
00000000
00000000
00000000
00000000
00000000
00000000
00000000
00000000
00000000
00000000
00000000
00000000
00000000
00000000
00000000
00000000
00000000
00000000
00000000
00000000
00000000
00000000
00000000
00000000
00000000
00000000
00000000
00000000
00000000
00000000
00000000
00000000
00000000
00000000
00000000
00000000
00000000
00000000
00000000
00000000
00000000
00000000
00000000
00000000
00000000
00000000
00000000
00000000
00000000
00000000
00000000
00000000
00000000
00000000
00000000
00000000
00000000
00000000
00000000
00000000
00000000
00000000
00000000
00000000
00000000
00000000
00000000
00000000
00000000
00000000
00000000
00000000
00000000
00000000
00000000
00000000
00000000
00000000
00000000
00000000
00000000
00000000
00000000
00000000
00000000
00000000
00000000
00000000
00000000
00000000
00000000
00000000
00000000
00000000
00000000
00000000
00000000
00000000
00000000
00000000
00000000
00000000
00000000
00000000
00000000
00000000
00000000
00000000
00000000
00000000
00000000
00000000
00000000
00000000
00000000
00000000
00000000
00000000
00000000
00000000
00000000
00000000
00000000
00000000
00000000
00000000
00000000
00000000
00000000
00000000
00000000
00000000
00000000
00000000
00000000
00000000
00000000
00000000
00000000
00000000
00000000
00000000
00000000
00000000
00000000
00000000
00000000
00000000
00000000
00000000
00000000
00000000
00000000
00000000
00000000
00000000
00000000
00000000
00000000
00000000
00000000
00000000
00000000
00000000
00000000
00000000
00000000
00000000
00000000
00000000
00000000
00000000
00000000
00000000
00000000
00000000
00000000
00000000
00000000
00000000
00000000
00000000
00000000
00000000
00000000
00000000
00000000
00000000
00000000
00000000
00000000
00000000
00000000
00000000
00000000
00000000
00000000
00000000
00000000
00000000
00000000
00000000
00000000
00000000
00000000
00000000
00000000
00000000
00000000
00000000
00000000
00000000
00000000
00000000
00000000
00000000
00000000
00000000
00000000
00000000
00000000
00000000
00000000
00000000
00000000
00000000
00000000
00000000
00000000
00000000
00000000
00000000
00000000
00000000
00000000
00000000
00000000
00000000
00000000
00000000
00000000
00000000
00000000
00000000
00000000
00000000
00000000
00000000
00000000
00000000
00000000
00000000
00000000
00000000
00000000
00000000
00000000
00000000
00000000
00000000
00000000
00000000
00000000
00000000
00000000
00000000
00000000
00000000
00000000
00000000
00000000
00000000
00000000
00000000
00000000
00000000
00000000
00000000
00000000
00000000
00000000
00000000
00000000
00000000
00000000
00000000
00000000
00000000
00000000
00000000
00000000
00000000
00000000
00000000
00000000
00000000
00000000
00000000
00000000
00000000
00000000
00000000
00000000
00000000
00000000
00000000
00000000
00000000
00000000
00000000
00000000
00000000
00000000
00000000
00000000
00000000
00000000
00000000
00000000
00000000
00000000
00000000
00000000
00000000
00000000
00000000
00000000
00000000
00000000
00000000
00000000
00000000
00000000
00000000
00000000
00000000
00000000
00000000
00000000
00000000
00000000
00000000
00000000
00000000
00000000
00000000
00000000
00000000
00000000
00000000
00000000
00000000
00000000
00000000
00000000
00000000
00000000
00000000
00000000
00000000
00000000
00000000
00000000
00000000
00000000
00000000
00000000
00000000
00000000
00000000
00000000
00000000
00000000
00000000
00000000
00000000
00000000
00000000
00000000
00000000
00000000
00000000
00000000
00000000
00000000
00000000
00000000
00000000
00000000
00000000
00000000
00000000
00000000
00000000
00000000
00000000
00000000
00000000
00000000
00000000
00000000
00000000
00000000
00000000
00000000
00000000
00000000
00000000
00000000
00000000
00000000
00000000
00000000
00000000
00000000
00000000
00000000
00000000
00000000
00000000
00000000
00000000
00000000
00000000
00000000
00000000
00000000
00000000
00000000
00000000
00000000
00000000
00000000
00000000
00000000
00000000
00000000
00000000
00000000
00000000
00000000
00000000
00000000
00000000
00000000
00000000
00000000
00000000
00000000
00000000
00000000
00000000
00000000
00000000
00000000
00000000
00000000
00000000
00000000
00000000
00000000
00000000
00000000
00000000
00000000
00000000
00000000
00000000
00000000
00000000
00000000
00000000
00000000
00000000
00000000
00000000
00000000
00000000
00000000
00000000
00000000
00000000
00000000
00000000
00000000
00000000
00000000
00000000
00000000
00000000
00000000
00000000
00000000
00000000
00000000
00000000
00000000
00000000
00000000
00000000
00000000
00000000
00000000
00000000
00000000
00000000
00000000
00000000
00000000
00000000
00000000
00000000
00000000
00000000
00000000
00000000
00000000
00000000
00000000
00000000
00000000
00000000
00000000
00000000
00000000
00000000
00000000
00000000
00000000
00000000
00000000
00000000
00000000
00000000
00000000
00000000
00000000
00000000
00000000
00000000
00000000
00000000
00000000
00000000
00000000
00000000
00000000
00000000
00000000
00000000
00000000
00000000
00000000
00000000
00000000
00000000
00000000
00000000
00000000
00000000
00000000
00000000
00000000
00000000
00000000
00000000
00000000
00000000
00000000
00000000
00000000
00000000
00000000
00000000
00000000
00000000
00000000
00000000
00000000
00000000
00000000
00000000
00000000
00000000
00000000
00000000
00000000
00000000
00000000
00000000
00000000
00000000
00000000
00000000
00000000
00000000
00000000
00000000
00000000
00000000
00000000
00000000
00000000
00000000
00000000
00000000
00000000
00000000
00000000
00000000
00000000
00000000
00000000
00000000
00000000
00000000
00000000
00000000
00000000
00000000
00000000
00000000
00000000
00000000
00000000
00000000
00000000
00000000
00000000
00000000
00000000
00000000
00000000
00000000
00000000
00000000
00000000
00000000
00000000
00000000
00000000
00000000
00000000
00000000
00000000
00000000
00000000
00000000
00000000
00000000
00000000
00000000
00000000
00000000
00000000
00000000
00000000
00000000
00000000
00000000
00000000
00000000
00000000
00000000
00000000
00000000
00000000
00000000
00000000
00000000
00000000
00000000
00000000
00000000
00000000
00000000
00000000
00000000
00000000
00000000
00000000
00000000
00000000
00000000
00000000
00000000
00000000
00000000
00000000
00000000
00000000
00000000
00000000
00000000
00000000
00000000
00000000
00000000
00000000
00000000
00000000
00000000
00000000
00000000
00000000
00000000
00000000
00000000
00000000
00000000
00000000
00000000
00000000
00000000
00000000
00000000
00000000
00000000
00000000
00000000
00000000
00000000
00000000
00000000
00000000
00000000
00000000
00000000
00000000
00000000
00000000
00000000
00000000
00000000
00000000
00000000
00000000
00000000
00000000
00000000
00000000
00000000
00000000
00000000
00000000
00000000
00000000
00000000
00000000
00000000
00000000
00000000
00000000
00000000
00000000
00000000
00000000
00000000
00000000
00000000
00000000
00000000
00000000
00000000
00000000
00000000
00000000
00000000
00000000
00000000
00000000
00000000
00000000
00000000
00000000
00000000
00000000
00000000
00000000
00000000
00000000
00000000
00000000
00000000
00000000
00000000
00000000
00000000
00000000
00000000
00000000
00000000
00000000
00000000
00000000
00000000
00000000
00000000
00000000
00000000
00000000
00000000
00000000
00000000
00000000
00000000
00000000
00000000
00000000
00000000
00000000
00000000
00000000
00000000
00000000
00000000
00000000
00000000
00000000
00000000
00000000
00000000
00000000
00000000
00000000
00000000
00000000
00000000
00000000
00000000
00000000
00000000
00000000
00000000
00000000
00000000
00000000
00000000
00000000
00000000
00000000
00000000
00000000
00000000
00000000
00000000
00000000
00000000
00000000
00000000
00000000
00000000
00000000
00000000
00000000
00000000
00000000
00000000
00000000
00000000
00000000
00000000
00000000
00000000
00000000
00000000
00000000
00000000
00000000
00000000
00000000
00000000
00000000
00000000
00000000
00000000
00000000
00000000
00000000
00000000
00000000
00000000
00000000
00000000
00000000
00000000
00000000
00000000
00000000
00000000
00000000
00000000
00000000
00000000
00000000
00000000
00000000
00000000
00000000
00000000
00000000
00000000
00000000
00000000
00000000
00000000
00000000
00000000
00000000
00000000
00000000
00000000
00000000
00000000
00000000
00000000
00000000
00000000
00000000
00000000
00000000
00000000
00000000
00000000
00000000
00000000
00000000
00000000
00000000
00000000
00000000
00000000
00000000
00000000
00000000
00000000
00000000
00000000
00000000
00000000
00000000
00000000
00000000
00000000
00000000
00000000
00000000
00000000
00000000
00000000
00000000
00000000
00000000
00000000
00000000
00000000
00000000
00000000
00000000
00000000
00000000
00000000
00000000
00000000
00000000
00000000
00000000
00000000
00000000
00000000
00000000
00000000
00000000
00000000
00000000
00000000
00000000
00000000
00000000
00000000
00000000
00000000
00000000
00000000
00000000
00000000
00000000
00000000
00000000
00000000
00000000
00000000
00000000
00000000
00000000
00000000
00000000
00000000
00000000
00000000
00000000
00000000
00000000
00000000
00000000
00000000
00000000
00000000
00000000
00000000
00000000
00000000
00000000
00000000
00000000
00000000
00000000
00000000
00000000
00000000
00000000
00000000
00000000
00000000
00000000
00000000
00000000
00000000
00000000
00000000
00000000
00000000
00000000
00000000
00000000
00000000
00000000
00000000
00000000
00000000
00000000
00000000
00000000
00000000
00000000
00000000
00000000
00000000
00000000
00000000
00000000
00000000
00000000
00000000
00000000
00000000
00000000
00000000
00000000
00000000
00000000
00000000
00000000
00000000
00000000
00000000
00000000
00000000
00000000
00000000
00000000
00000000
00000000
00000000
00000000
00000000
00000000
00000000
00000000
00000000
00000000
00000000
00000000
00000000
00000000
00000000
00000000
00000000
00000000
00000000
00000000
00000000
00000000
00000000
00000000
00000000
00000000
00000000
00000000
00000000
00000000
00000000
00000000
00000000
00000000
00000000
00000000
00000000
00000000
00000000
00000000
00000000
00000000
00000000
00000000
00000000
00000000
00000000
00000000
00000000
00000000
00000000
00000000
00000000
00000000
00000000
00000000
00000000
00000000
00000000
00000000
00000000
00000000
00000000
00000000
00000000
00000000
00000000
00000000
00000000
00000000
00000000
00000000
00000000
00000000
00000000
00000000
00000000
00000000
00000000
00000000
00000000
00000000
00000000
00000000
00000000
00000000
00000000
00000000
00000000
00000000
00000000
00000000
00000000
00000000
00000000
00000000
00000000
00000000
00000000
00000000
00000000
00000000
00000000
00000000
00000000
00000000
00000000
00000000
00000000
00000000
00000000
00000000
00000000
00000000
00000000
00000000
00000000
00000000
00000000
00000000
00000000
00000000
00000000
00000000
00000000
00000000
00000000
00000000
00000000
00000000
00000000
00000000
00000000
00000000
00000000
00000000
00000000
00000000
00000000
00000000
00000000
00000000
00000000
00000000
00000000
00000000
00000000
00000000
00000000
00000000
00000000
00000000
00000000
00000000
00000000
00000000
00000000
00000000
00000000
00000000
00000000
00000000
00000000
00000000
00000000
00000000
00000000
00000000
00000000
00000000
00000000
00000000
00000000
00000000
00000000
00000000
00000000
00000000
00000000
00000000
00000000
00000000
00000000
00000000
00000000
00000000
00000000
00000000
00000000
00000000
00000000
00000000
00000000
00000000
00000000
00000000
00000000
00000000
00000000
00000000
00000000
00000000
00000000
00000000
00000000
00000000
00000000
00000000
00000000
00000000
00000000
00000000
00000000
00000000
00000000
00000000
00000000
00000000
00000000
00000000
00000000
00000000
00000000
00000000
00000000
00000000
00000000
00000000
00000000
00000000
00000000
00000000
00000000
00000000
00000000
00000000
00000000
00000000
00000000
00000000
00000000
00000000
00000000
00000000
00000000
00000000
00000000
00000000
00000000
00000000
00000000
00000000
00000000
00000000
00000000
00000000
00000000
00000000
00000000
00000000
00000000
00000000
00000000
00000000
00000000
00000000
00000000
00000000
00000000
00000000
00000000
00000000
00000000
00000000
00000000
00000000
00000000
00000000
00000000
00000000
00000000
00000000
00000000
00000000
00000000
00000000
00000000
00000000
00000000
00000000
00000000
00000000
00000000
00000000
00000000
00000000
00000000
00000000
00000000
00000000
00000000
00000000
00000000
00000000
00000000
00000000
00000000
00000000
157f5fe4
02810084
157f5fe5
0280c0a5
157f5fe6
028080c6
157f5ff8
02814318
1400000d
028009ad
1400000e
028005ce
1400020f
02bffdef
1400001a
2980008d
298000ae
298000cf
2980031a
14000017
5405a000
54009400
5422f800
54008c00
54389000
54008400
54582800
54007c00
5473c000
54007400
54956800
54006c00
14000017
028052f7
58003afa
157f5fe4
02808084
157f5fe5
028100a5
157f5fe6
0280c0c6
1400000d
028009ad
29800080
298000ad
298000cd
03800404
50002800
1400000d
028005ad
157f5fe4
02810084
157f5fe5
0280c0a5
2980008d
298000ad
00150004
57001fff
157f5fec
0282418c
1400016d
02aaa9ad
2880018e
0015b5ce
0040a5cf
028005ef
02bffdef
2880018e
0015b5ce
0040a5ce
0012b9f0
5c000a00
028001cf
5fffe5e0
4c000020
00000000
04000420
04001820
04003020
1438010c
0400302c
4c000020
04000420
04001820
04003020
04001c20
0400c020
0400c420
0400c820
0400cc20
04010420
1438010c
0400302c
4c000020
04000420
04001820
04003020
04001c20
0400c020
0400c420
0400c820
0400cc20
04010420
04004020
04004420
04004820
04004c20
04006020
04022020
0015000c
03800c0d
040001ac
04060020
04060420
4c000020
03400000
04000420
04001820
04003020
04001c20
0400c020
0400c420
0400c820
0400cc20
04010420
04004020
04004420
04004820
04004c20
04006020
04022020
0380200c
0380600d
040001ac
04060020
04060420
4c000020
03400000
1418000c
1400020e
1400004f
00103dcd
0382a80e
0400602e
14006950
03ac0210
1401ff51
03ac0231
0280018e
028001af
0400402e
0400442f
04004830
04004c31
06483000
0280058c
14000051
001045ad
14006b50
03ac0210
14020151
03ac0231
0280018e
028001af
0400402e
0400442f
04004830
04004c31
06483000
0280058c
14000051
001045ad
14006d50
03ac0210
14020351
03ac0231
0280018e
028001af
0400402e
0400442f
04004830
04004c31
06483000
0280058c
14000051
001045ad
14006f50
03ac0210
14020551
03ac0231
0280018e
028001af
0400402e
0400442f
04004830
04004c31
06483000
0280058c
14000051
001045ad
0382ac0e
0400602e
14007150
03ac0210
14020751
03ac0231
0280018e
028001af
0400402e
0400442f
04004830
04004c31
06483000
0280058c
14000051
001045ad
14007350
03ac0210
14020951
03ac0231
0280018e
028001af
0400402e
0400442f
04004830
04004c31
06483000
0280058c
14000051
001045ad
14007550
03ac0210
1401ff51
03ac0231
0280018e
028001af
0400402e
0400442f
04004830
04004c31
06483000
0280058c
14000051
001045ad
14026950
03ac0210
1403ff51
03ac0231
0280018e
028001af
0400402e
0400442f
04004830
04004c31
06483000
0280058c
14000051
001045ad
0382b00e
0400602e
141c6950
03ac0210
141dff51
03ac0231
0280018e
028001af
0400402e
0400442f
04004830
04004c31
06483000
0280058c
14000051
001045ad
141e6950
03ac0210
141fff51
03ac0231
0280018e
028001af
0400402e
0400442f
04004830
04004c31
06483000
0280058c
14000051
001045ad
14069570
03840210
141ff571
03840231
0280018e
028001af
0400402e
0400442f
04004830
04004c31
06483000
0280058c
14000051
001045ad
14069570
03880210
141ff571
03880231
0280018e
028001af
0400402e
0400442f
04004830
04004c31
06483000
0280058c
14000051
001045ad
0382b40e
0400602e
14069570
03a50210
141ff571
03a50231
0280018e
028001af
0400402e
0400442f
04004830
04004c31
06483000
0280058c
14000051
001045ad
14069570
03a90210
141ff571
03a90231
0280018e
028001af
0400402e
0400442f
04004830
04004c31
06483000
0280058c
14000051
001045ad
14069570
039d0210
141ff571
039d0231
0280018e
028001af
0400402e
0400442f
04004830
04004c31
06483000
0280058c
14000051
001045ad
14069570
03a10210
141ff571
03a10231
0280018e
028001af
0400402e
0400442f
04004830
04004c31
06483000
0280058c
14000051
001045ad
04004420
04004820
04004c20
04004020
4c000020
03400000
028006f7
00150019
1590762d
02af81ad
14001acc
029d818c
1400000f
02802def
299e818d
02801184
02bfe185
299e8084
299e80a5
281e8590
289e8085
289e80a4
289e80a6
5c1d0df0
143dd86d
02a031ad
14001a8c
0296618c
1400000f
028031ef
29a0318d
02801184
02bfe185
29a03084
29a030a5
28203190
28a03085
28a030a4
28a030a6
5c1ccdf0
15415fed
02b549ad
14001a8c
0296418c
1400000f
02bebdef
29aa018d
02801184
02bfe185
29aa0084
29aa00a5
282a0990
28aa0085
28aa00a4
28aa00a6
5c1c8df0
143d6c6d
029f1dad
14001a2c
0299718c
1400000f
02bed9ef
29aa618d
02801184
02bfe185
29aa6084
29aa60a5
282a6990
28aa6085
28aa60a4
28aa60a6
5c1c4df0
150a82cd
02bef1ad
14001a2c
0290c18c
1400000f
02bef1ef
29b9218d
02801184
02bfe185
29b92084
29b920a5
28392190
28b92085
28b920a4
28b920a6
5c1c0df0
14933b0d
02b751ad
14001aac
02a5d18c
1400000f
02bf51ef
29bb718d
02801184
02bfe185
29bb7084
29bb70a5
283b7190
28bb7085
28bb70a4
28bb70a6
5c1bcdf0
158dc64d
02a159ad
14001bac
029c118c
1400000f
028159ef
29ba718d
02801184
02bfe185
29ba7084
29ba70a5
283a7190
28ba7085
28ba70a4
28ba70a6
5c1b8df0
14b5b32d
028061ad
14001aec
02a3c18c
1400000f
028061ef
29ae918d
02801184
02bfe185
29ae9084
29ae90a5
282e9190
28ae9085
28ae90a4
28ae90a6
5c1b4df0
1488082d
0286b1ad
14001aec
0293a18c
1400000f
02beb1ef
2989018d
02801184
02bfe185
29890084
298900a5
28090190
28890085
288900a4
288900a6
5c1b0df0
15caad0d
02bf59ad
14001acc
02bd818c
1400000f
02bf59ef
2990618d
02801184
02bfe185
29906084
299060a5
28106190
28906085
289060a4
289060a6
5c1acdf0
145dbd2d
02ab99ad
14001a8c
02af718c
1400000f
02be29ef
29b0b18d
02801184
02bfe185
29b0b084
29b0b0a5
2830b590
28b0b085
28b0b0a4
28b0b0a6
5c1a8df0
14c9104d
02a841ad
14001bac
02b5f18c
1400000f
02be21ef
2992118d
02801184
02bfe185
29921084
299210a5
28121990
28921085
289210a4
289210a6
5c1a4df0
1491f86d
029599ad
14001acc
02a7d18c
1400000f
02bff1ef
29b1418d
02801184
02bfe185
29b14084
29b140a5
28314990
28b14085
28b140a4
28b140a6
5c1a0df0
15b2668d
029001ad
14001acc
0299218c
1400000f
028001ef
2981518d
02801184
02bfe185
29815084
298150a5
28015190
28815085
288150a4
288150a6
5c19cdf0
14ea38ed
02a859ad
14001a4c
029e318c
1400000f
0281a9ef
2984918d
02801184
02bfe185
29849084
298490a5
28049590
28849085
288490a4
288490a6
5c198df0
14b3d4cd
029a01ad
14001b4c
02ad218c
1400000f
02bfa9ef
29bd018d
02801184
02bfe185
29bd0084
29bd00a5
283d0990
28bd0085
28bd00a4
28bd00a6
5c194df0
15f70fed
02b751ad
14001a8c
02bc618c
1400000f
02bf51ef
29bc018d
02801184
02bfe185
29bc0084
29bc00a5
283c0190
28bc0085
28bc00a4
28bc00a6
5c190df0
15b94a6d
02a101ad
14001a8c
02a5818c
1400000f
028101ef
29bbf18d
02801184
02bfe185
29bbf084
29bbf0a5
283bf190
28bbf085
28bbf0a4
28bbf0a6
5c18cdf0
1499ba8d
028f21ad
14001b4c
029b818c
1400000f
02bf21ef
2984f18d
02801184
02bfe185
2984f084
2984f0a5
2804f190
2884f085
2884f0a4
2884f0a6
5c188df0
14da7bad
02bae1ad
14001a2c
02b2418c
1400000f
02bee1ef
298ce18d
02801184
02bfe185
298ce084
298ce0a5
280ce190
288ce085
288ce0a4
288ce0a6
5c184df0
15d0702d
0293c1ad
14001a8c
0293a18c
1400000f
02bfc1ef
2985d18d
02801184
02bfe185
2985d084
2985d0a5
2805d190
2885d085
2885d0a4
2885d0a6
5c180df0
1576c60d
02a6e9ad
14001a2c
0290218c
1400000f
02bee9ef
29b1018d
02801184
02bfe185
29b10084
29b100a5
28310190
28b10085
28b100a4
28b100a6
5c17cdf0
153d6a6d
02ae01ad
14001bac
0291b18c
1400000f
02bed5ef
298ab18d
02801184
02bfe185
298ab084
298ab0a5
280ab990
288ab085
288ab0a4
288ab0a6
5c178df0
147fd0ed
02ad51ad
14001a4c
0290918c
1400000f
0280fdef
299bd18d
02801184
02bfe185
299bd084
299bd0a5
281bdd90
289bd085
289bd0a4
289bd0a6
5c174df0
1577a5cd
02b0f1ad
14001a8c
0281018c
1400000f
0280f1ef
2994a18d
02801184
02bfe185
2994a084
2994a0a5
2814a190
2894a085
2894a0a4
2894a0a6
5c170df0
15b81b2d
0289c1ad
14001aac
02b9018c
1400000f
0281c1ef
29b2618d
02801184
02bfe185
29b26084
29b260a5
28326190
28b26085
28b260a4
28b260a6
5c16cdf0
1528d74d
02b401ad
14001a6c
02aea18c
1400000f
028001ef
29b5018d
02801184
02bfe185
29b50084
29b500a5
28350190
28b50085
28b500a4
28b500a6
5c168df0
157cdb2d
029cd1ad
14001b4c
029b518c
1400000f
0280d1ef
29a3c18d
02801184
02bfe185
29a3c084
29a3c0a5
2823c190
28a3c085
28a3c0a4
28a3c0a6
5c164df0
142dc16d
028f01ad
14001b0c
0282b18c
1400000f
028059ef
29bfa18d
02801184
02bfe185
29bfa084
29bfa0a5
283fad90
28bfa085
28bfa0a4
28bfa0a6
5c160df0
14d7894d
02b641ad
14001b8c
02a7718c
1400000f
02bf11ef
2996e18d
02801184
02bfe185
2996e084
2996e0a5
2816e990
2896e085
2896e0a4
2896e0a6
5c15cdf0
14c68e0d
02a601ad
14001b0c
02bcb18c
1400000f
02be01ef
29b0e18d
02801184
02bfe185
29b0e084
29b0e0a5
2830e190
28b0e085
28b0e0a4
28b0e0a6
5c158df0
158348cd
029c81ad
14001acc
02a3d18c
1400000f
02be91ef
299e918d
02801184
02bfe185
299e9084
299e90a5
281e9990
289e9085
289e90a4
289e90a6
5c154df0
14c99ded
028eb1ad
14001a2c
0292618c
1400000f
02beb1ef
298a718d
02801184
02bfe185
298a7084
298a70a5
280a7190
288a7085
288a70a4
288a70a6
5c150df0
154e61ad
02bf01ad
14001a4c
02ae018c
1400000f
02be9def
2995318d
02801184
02bfe185
29953084
299530a5
28153d90
28953085
289530a4
289530a6
5c14cdf0
1470482d
02a881ad
14001a6c
028a018c
1400000f
0280e1ef
29a7418d
02801184
02bfe185
29a74084
29a740a5
28274d90
28a74085
28a740a4
28a740a6
5c148df0
154de78d
029c41ad
14001a0c
028d118c
1400000f
028041ef
298ec18d
02801184
02bfe185
298ec084
298ec0a5
280ec190
288ec085
288ec0a4
288ec0a6
5c144df0
14d39aed
02a601ad
14001aec
028ea18c
1400000f
02bf35ef
2996718d
02801184
02bfe185
29967084
299670a5
28167990
28967085
289670a4
289670a6
5c140df0
14f5d96d
029519ad
14001b0c
029cc18c
1400000f
028119ef
29ad818d
02801184
02bfe185
29ad8084
29ad80a5
282d8190
28ad8085
28ad80a4
28ad80a6
5c13cdf0
153848ad
02a1c1ad
14001a6c
02af418c
1400000f
0281c1ef
298d118d
02801184
02bfe185
298d1084
298d10a5
280d1190
288d1085
288d10a4
288d10a6
5c138df0
143ba5ad
029489ad
14001a0c
029b618c
1400000f
02bf49ef
298dd18d
02801184
02bfe185
298dd084
298dd0a5
280dd990
288dd085
288dd0a4
288dd0a6
5c134df0
15f94e4d
02b731ad
14001a4c
028ea18c
1400000f
028075ef
2993718d
02801184
02bfe185
29937084
299370a5
28137590
28937085
289370a4
289370a6
5c130df0
1516630d
02bb81ad
14001a2c
02b2918c
1400000f
02bf81ef
2991f18d
02801184
02bfe185
2991f084
2991f0a5
2811f190
2891f085
2891f0a4
2891f0a6
5c12cdf0
14616e6d
028851ad
14001a0c
029db18c
1400000f
02beddef
29ad218d
02801184
02bfe185
29ad2084
29ad20a5
282d2990
28ad2085
28ad20a4
28ad20a6
5c128df0
15deef2d
02b071ad
14001b6c
02a5f18c
1400000f
028071ef
29b7e18d
02801184
02bfe185
29b7e084
29b7e0a5
2837e190
28b7e085
28b7e0a4
28b7e0a6
5c124df0
1589544d
02a301ad
14001a8c
02abe18c
1400000f
02bf01ef
298ab18d
02801184
02bfe185
298ab084
298ab0a5
280ab190
288ab085
288ab0a4
288ab0a6
5c120df0
15fc96ed
029451ad
14001bcc
0282018c
1400000f
028051ef
299f218d
02801184
02bfe185
299f2084
299f20a5
281f2190
289f2085
289f20a4
289f20a6
5c11cdf0
1487f86d
028fa1ad
14001acc
0291e18c
1400000f
02bff1ef
2989f18d
02801184
02bfe185
2989f084
2989f0a5
2809f990
2889f085
2889f0a4
2889f0a6
5c118df0
1543c60d
029591ad
14001acc
02ba318c
1400000f
028015ef
29bd118d
02801184
02bfe185
29bd1084
29bd10a5
283d1590
28bd1085
28bd10a4
28bd10a6
5c114df0
1535768d
02a201ad
14001a4c
02b7818c
1400000f
02beedef
29b9a18d
02801184
02bfe185
29b9a084
29b9a0a5
2839a990
28b9a085
28b9a0a4
28b9a0a6
5c110df0
148ca7cd
0298c1ad
14001a4c
0291318c
1400000f
0280c1ef
29a1e18d
02801184
02bfe185
29a1e084
29a1e0a5
2821e190
28a1e085
28a1e0a4
28a1e0a6
5c10cdf0
15bfa64d
029041ad
14001b0c
028cf18c
1400000f
028041ef
2980f18d
02801184
02bfe185
2980f084
2980f0a5
2800f190
2880f085
2880f0a4
2880f0a6
5c108df0
15d6f8ad
029401ad
14001acc
02aab18c
1400000f
028001ef
29b7c18d
02801184
02bfe185
29b7c084
29b7c0a5
2837c190
28b7c085
28b7c0a4
28b7c0a6
5c104df0
15c820ed
02af41ad
14001a8c
02b7118c
1400000f
02bf41ef
2984b18d
02801184
02bfe185
2984b084
2984b0a5
2804b190
2884b085
2884b0a4
2884b0a6
5c100df0
15d5a50d
029bd1ad
14001aac
0283118c
1400000f
02bf49ef
2988818d
02801184
02bfe185
29888084
298880a5
28088990
28888085
288880a4
288880a6
5c0fcdf0
15d3e92d
0295c1ad
14001a4c
02b5018c
1400000f
0281c1ef
299c918d
02801184
02bfe185
299c9084
299c90a5
281c9190
289c9085
289c90a4
289c90a6
5c0f8df0
15c72bed
028b01ad
14001b8c
02aee18c
1400000f
02be55ef
29a5818d
02801184
02bfe185
29a58084
29a580a5
28258990
28a58085
28a580a4
28a580a6
5c0f4df0
14d9396d
02ab01ad
14001aac
02b7118c
1400000f
02bea9ef
2999218d
02801184
02bfe185
29992084
299920a5
28192590
28992085
289920a4
289920a6
5c0f0df0
1423cd6d
02bc81ad
14001a0c
0280018c
1400000f
028081ef
29ac318d
02801184
02bfe185
29ac3084
29ac30a5
282c3190
28ac3085
28ac30a4
28ac30a6
5c0ecdf0
150f32ed
029261ad
14001a0c
0280018c
1400000f
02be61ef
29ac018d
02801184
02bfe185
29ac0084
29ac00a5
282c0190
28ac0085
28ac00a4
28ac00a6
5c0e8df0
142b576d
028481ad
14001a0c
0280018c
1400000f
028081ef
2989e18d
02801184
02bfe185
2989e084
2989e0a5
2809e190
2889e085
2889e0a4
2889e0a6
5c0e4df0
15067bad
029f41ad
14001a0c
0280018c
1400000f
02bf41ef
298e018d
02801184
02bfe185
298e0084
298e00a5
280e0190
288e0085
288e00a4
288e00a6
5c0e0df0
14fe89cd
028a41ad
14001a0c
0280018c
1400000f
02be41ef
2987418d
02801184
02bfe185
29874084
298740a5
28074190
28874085
288740a4
288740a6
5c0dcdf0
15325a4d
029a3dad
14001a0c
0280018c
1400000f
02be65ef
29acb18d
02801184
02bfe185
29acb084
29acb0a5
282cbd90
28acb085
28acb0a4
28acb0a6
5c0d8df0
142b32ed
02afddad
14001a0c
0280018c
1400000f
02be65ef
2992218d
02801184
02bfe185
29922084
299220a5
28122990
28922085
289220a4
289220a6
5c0d4df0
145b406d
02b641ad
14001a0c
0280018c
1400000f
02be41ef
29b0418d
02801184
02bfe185
29b04084
29b040a5
28304190
28b04085
28b040a4
28b040a6
5c0d0df0
1449b58d
029801ad
14001a0c
0280018c
1400000f
02bf69ef
2983618d
02801184
02bfe185
29836084
298360a5
28036990
28836085
288360a4
288360a6
5c0ccdf0
158b39ad
029cf1ad
14001a0c
0280018c
1400000f
0280f1ef
29bf618d
02801184
02bfe185
29bf6084
29bf60a5
283f6190
28bf6085
28bf60a4
28bf60a6
5c0c8df0
153294ed
028c01ad
14001a0c
0280018c
1400000f
028129ef
298b218d
02801184
02bfe185
298b2084
298b20a5
280b2990
288b2085
288b20a4
288b20a6
5c0c4df0
14fc80ad
028735ad
14001a0c
0280018c
1400000f
028101ef
29b3618d
02801184
02bfe185
29b36084
29b360a5
28336990
28b36085
28b360a4
28b360a6
5c0c0df0
15753f8d
02a101ad
14001a0c
0280018c
1400000f
028101ef
29ae318d
02801184
02bfe185
29ae3084
29ae30a5
282e3190
28ae3085
28ae30a4
28ae30a6
5c0bcdf0
14fa212d
029401ad
14001a0c
0280018c
1400000f
0281f5ef
29a3d18d
02801184
02bfe185
29a3d084
29a3d0a5
2823dd90
28a3d085
28a3d0a4
28a3d0a6
5c0b8df0
15b4e12d
028181ad
14001a0c
0280018c
1400000f
028181ef
299e018d
02801184
02bfe185
299e0084
299e00a5
281e0190
289e0085
289e00a4
289e00a6
5c0b4df0
154b3f4d
02bae1ad
14001a0c
0280018c
1400000f
02bee1ef
2996418d
02801184
02bfe185
29964084
299640a5
28164190
28964085
289640a4
289640a6
5c0b0df0
1437374d
02b481ad
14001a0c
0280018c
1400000f
028081ef
29a5618d
02801184
02bfe185
29a56084
29a560a5
28256190
28a56085
28a560a4
28a560a6
5c0acdf0
15d28bad
02ae8dad
14001a0c
0280018c
1400000f
02be8def
29aef18d
02801184
02bfe185
29aef084
29aef0a5
282ef190
28aef085
28aef0a4
28aef0a6
5c0a8df0
14c245ed
029039ad
14001a0c
0280018c
1400000f
028089ef
298de18d
02801184
02bfe185
298de084
298de0a5
280de990
288de085
288de0a4
288de0a6
5c0a4df0
140cd9cd
02aba1ad
14001a0c
0280018c
1400000f
0281b1ef
29b4518d
02801184
02bfe185
29b45084
29b450a5
28345990
28b45085
28b450a4
28b450a6
5c0a0df0
14639cad
02b4f1ad
14001a0c
0280018c
1400000f
0280f1ef
29bca18d
02801184
02bfe185
29bca084
29bca0a5
283ca190
28bca085
28bca0a4
28bca0a6
5c09cdf0
15d2b68d
029ce9ad
14001a0c
0280018c
1400000f
0280e9ef
29b2018d
02801184
02bfe185
29b20084
29b200a5
28320190
28b20085
28b200a4
28b200a6
5c098df0
144f45ad
028071ad
14001a0c
0280018c
1400000f
02809def
29b4918d
02801184
02bfe185
29b49084
29b490a5
28349d90
28b49085
28b490a4
28b490a6
5c094df0
15a7b7ad
02bf21ad
14001a0c
0280018c
1400000f
02bf6def
2988318d
02801184
02bfe185
29883084
298830a5
28083990
28883085
288830a4
288830a6
5c090df0
14c09f8d
02b729ad
14001a0c
0280018c
1400000f
02bf29ef
2998118d
02801184
02bfe185
29981084
299810a5
28181190
28981085
289810a4
289810a6
5c08cdf0
15a633cd
02a139ad
14001a0c
0280018c
1400000f
028139ef
29a9d18d
02801184
02bfe185
29a9d084
29a9d0a5
2829d190
28a9d085
28a9d0a4
28a9d0a6
5c088df0
14ca0c6d
02b635ad
14001a0c
0280018c
1400000f
02be35ef
2982f18d
02801184
02bfe185
2982f084
2982f0a5
2802f190
2882f085
2882f0a4
2882f0a6
5c084df0
14d6618d
029c41ad
14001a0c
0280018c
1400000f
0280c1ef
29bb818d
02801184
02bfe185
29bb8084
29bb80a5
283b8990
28bb8085
28bb80a4
28bb80a6
5c080df0
141f48cd
02b0bdad
14001a0c
0280018c
1400000f
02be91ef
29b4918d
02801184
02bfe185
29b49084
29b490a5
28349990
28b49085
28b490a4
28b490a6
5c07cdf0
14f209ad
02a8e1ad
14001a0c
0280018c
1400000f
0281e5ef
29bf618d
02801184
02bfe185
29bf6084
29bf60a5
283f6d90
28bf6085
28bf60a4
28bf60a6
5c078df0
1490224d
02b901ad
14001a0c
0280018c
1400000f
028101ef
29b4d18d
02801184
02bfe185
29b4d084
29b4d0a5
2834d190
28b4d085
28b4d0a4
28b4d0a6
5c074df0
1516222d
02a0a1ad
14001a0c
0280018c
1400000f
028045ef
2992f18d
02801184
02bfe185
2992f084
2992f0a5
2812f990
2892f085
2892f0a4
2892f0a6
5c070df0
146cd88d
02a601ad
14001a0c
0280018c
1400000f
02be01ef
29bae18d
02801184
02bfe185
29bae084
29bae0a5
283ae190
28bae085
28bae0a4
28bae0a6
5c06cdf0
155f4c8d
02b041ad
14001a0c
0280018c
1400000f
028041ef
298fa18d
02801184
02bfe185
298fa084
298fa0a5
280fa190
288fa085
288fa0a4
288fa0a6
5c068df0
1460ba8d
029795ad
14001a0c
0280018c
1400000f
028175ef
29b0f18d
02801184
02bfe185
29b0f084
29b0f0a5
2830f990
28b0f085
28b0f0a4
28b0f0a6
5c064df0
15c2cbed
029f81ad
14001a0c
0280018c
1400000f
028195ef
29bcf18d
02801184
02bfe185
29bcf084
29bcf0a5
283cf990
28bcf085
28bcf0a4
28bcf0a6
5c060df0
15e5052d
0297a1ad
14001a0c
0280018c
1400000f
02be55ef
2997f18d
02801184
02bfe185
2997f084
2997f0a5
2817f590
2897f085
2897f0a4
2897f0a6
5c05cdf0
14f7982d
02a261ad
14001a0c
0280018c
1400000f
028021ef
29b1d18d
02801184
02bfe185
29b1d084
29b1d0a5
2831d590
28b1d085
28b1d0a4
28b1d0a6
5c058df0
15d542cd
0296d1ad
14001a0c
0280018c
1400000f
02bfa9ef
298de18d
02801184
02bfe185
298de084
298de0a5
280ded90
288de085
288de0a4
288de0a6
5c054df0
147feb0d
02aa01ad
14001a0c
0280018c
1400000f
0280fdef
29bc018d
02801184
02bfe185
29bc0084
29bc00a5
283c0d90
28bc0085
28bc00a4
28bc00a6
5c050df0
14601d2d
02a101ad
14001a0c
0280018c
1400000f
028101ef
29ac118d
02801184
02bfe185
29ac1084
29ac10a5
282c1190
28ac1085
28ac10a4
28ac10a6
5c04cdf0
15f6c76d
029121ad
14001a0c
0280018c
1400000f
028121ef
2980018d
02801184
02bfe185
29800084
298000a5
28000190
28800085
288000a4
288000a6
5c048df0
146b192d
02a901ad
14001a0c
0280018c
1400000f
02be31ef
2980018d
02801184
02bfe185
29800084
298000a5
28000990
28800085
288000a4
288000a6
5c044df0
14bd206d
029481ad
14001a0c
0280018c
1400000f
028081ef
2980018d
02801184
02bfe185
29800084
298000a5
28000190
28800085
288000a4
288000a6
5c040df0
1507066d
02b309ad
14001a0c
0280018c
1400000f
0280b1ef
2980018d
02801184
02bfe185
29800084
298000a5
28000590
28800085
288000a4
288000a6
5c03cdf0
148aa9cd
02aa01ad
14001a0c
0280018c
1400000f
028151ef
2980018d
02801184
02bfe185
29800084
298000a5
28000990
28800085
288000a4
288000a6
5c038df0
151c620d
029c01ad
14001a0c
0280018c
1400000f
02801def
2980018d
02801184
02bfe185
29800084
298000a5
28000590
28800085
288000a4
288000a6
5c034df0
15e2a5ad
0280e1ad
14001a0c
0280018c
1400000f
02bf41ef
2980018d
02801184
02bfe185
29800084
298000a5
28000590
28800085
288000a4
288000a6
5c030df0
1542018d
029261ad
14001a0c
0280018c
1400000f
028001ef
2980018d
02801184
02bfe185
29800084
298000a5
28000990
28800085
288000a4
288000a6
5c02cdf0
15d4952d
0284a1ad
14001a0c
0280018c
1400000f
02bfa9ef
2980018d
02801184
02bfe185
29800084
298000a5
28000d90
28800085
288000a4
288000a6
5c028df0
151283ed
02bac1ad
14001a0c
0280018c
1400000f
02bec1ef
2980018d
02801184
02bfe185
29800084
298000a5
28000190
28800085
288000a4
288000a6
5c024df0
1436514d
02b831ad
14001a0c
0280018c
1400000f
0280a1ef
2980018d
02801184
02bfe185
29800084
298000a5
28000990
28800085
288000a4
288000a6
5c020df0
1466790d
02a9c1ad
14001a0c
0280018c
1400000f
0280f1ef
2980018d
02801184
02bfe185
29800084
298000a5
28000990
28800085
288000a4
288000a6
5c01cdf0
150cbe0d
02abc1ad
14001a0c
0280018c
1400000f
028179ef
2980018d
02801184
02bfe185
29800084
298000a5
28000990
28800085
288000a4
288000a6
5c018df0
155881ed
02ba91ad
14001a0c
0280018c
1400000f
028101ef
2980018d
02801184
02bfe185
29800084
298000a5
28000990
28800085
288000a4
288000a6
5c014df0
14496bed
02a5a9ad
14001a0c
0280018c
1400000f
02bed5ef
2980018d
02801184
02bfe185
29800084
298000a5
28000990
28800085
288000a4
288000a6
5c010df0
1463552d
028e31ad
14001a0c
0280018c
1400000f
02bea9ef
2980018d
02801184
02bfe185
29800084
298000a5
28000990
28800085
288000a4
288000a6
5c00cdf0
140cc3ad
02b001ad
14001a0c
0280018c
1400000f
028019ef
2980018d
02801184
02bfe185
29800084
298000a5
28000d90
28800085
288000a4
288000a6
5c008df0
14fd712d
029691ad
14001a0c
0280018c
1400000f
02be55ef
2980018d
02801184
02bfe185
29800084
298000a5
28000590
28800085
288000a4
288000a6
5c004df0
1400000d
028001ad
14001a0c
0280018c
1400000f
028001ef
2980018d
02801184
02bfe185
29800084
298000a5
28000190
28800085
288000a4
288000a6
5c000df0
5c000b20
0280075a
0040e2ed
001569ac
2980030c
4c000020
028006f7
00150019
14a3084d
029581ad
14001a6c
02af118c
1400004f
029581ef
2989f18d
02801184
02bfe185
2989f084
2989f0a5
2849f190
2889f085
2889f0a4
2889f0a6
5c154df0
144a2c2d
0285b9ad
14001a4c
0288818c
1400002f
0285b9ef
29a2418d
02801184
02bfe185
29a24084
29a240a5
28624190
28a24085
28a240a4
28a240a6
5c150df0
1492646d
028c31ad
14001a8c
02a0418c
140000af
02a4c9ef
2994918d
02801184
02bfe185
29949084
299490a5
28549990
28949085
289490a4
289490a6
5c14cdf0
157c9b4d
02ab21ad
14001b6c
02b1818c
15ffff8f
02b935ef
2982418d
02801184
02bfe185
29824084
298240a5
28424990
28824085
288240a4
288240a6
5c148df0
14be182d
02a159ad
14001a4c
02a0018c
1400002f
02a159ef
29a5918d
02801184
02bfe185
29a59084
29a590a5
28659190
28a59085
28a590a4
28a590a6
5c144df0
157f4b8d
02b201ad
14001b4c
02b2818c
15ffff8f
02b201ef
29a5418d
02801184
02bfe185
29a54084
29a540a5
28654190
28a54085
28a540a4
28a540a6
5c140df0
14cf61ad
02aa01ad
14001b6c
0289618c
15ffffaf
02aa01ef
29bdd18d
02801184
02bfe185
29bdd084
29bdd0a5
287dd190
28bdd085
28bdd0a4
28bdd0a6
5c13cdf0
156189ed
02ba21ad
14001a2c
02a8218c
15ffffef
02ba21ef
29a7518d
02801184
02bfe185
29a75084
29a750a5
28675190
28a75085
28a750a4
28a750a6
5c138df0
15451f8d
02bb71ad
14001a2c
028c318c
15ffff8f
02bb71ef
29bca18d
02801184
02bfe185
29bca084
29bca0a5
287ca190
28bca085
28bca0a4
28bca0a6
5c134df0
1402b12d
029001ad
14001a6c
0295a18c
1400000f
028561ef
29bcd18d
02801184
02bfe185
29bcd084
29bcd0a5
287cd990
28bcd085
28bcd0a4
28bcd0a6
5c130df0
1440908d
02b809ad
14001bac
0298018c
1400008f
02b809ef
29b9f18d
02801184
02bfe185
29b9f084
29b9f0a5
2879f190
28b9f085
28b9f0a4
28b9f0a6
5c12cdf0
14c2e32d
02ac01ad
14001b0c
0295418c
15ffff2f
02ac01ef
2993818d
02801184
02bfe185
29938084
299380a5
28538190
28938085
289380a4
289380a6
5c128df0
1564088d
029d01ad
14001a4c
02a8c18c
1400008f
029d01ef
29b6218d
02801184
02bfe185
29b62084
29b620a5
28762190
28b62085
28b620a4
28b620a6
5c124df0
14db7d2d
028ed9ad
14001a6c
02a8218c
15ffff2f
028ed9ef
298f818d
02801184
02bfe185
298f8084
298f80a5
284f8190
288f8085
288f80a4
288f80a6
5c120df0
15d2dd0d
02b6c1ad
14001a4c
0297a18c
15ffffef
02a5b9ef
2994218d
02801184
02bfe185
29942084
299420a5
28542990
28942085
289420a4
289420a6
5c11cdf0
14ce6f4d
028461ad
14001aac
02bde18c
140000cf
029cddef
29beb18d
02801184
02bfe185
29beb084
29beb0a5
287eb990
28beb085
28beb0a4
28beb0a6
5c118df0
145fd90d
02a901ad
14001aac
0288a18c
1400006f
02bfb1ef
2991918d
02801184
02bfe185
29919084
299190a5
28519990
28919085
289190a4
289190a6
5c114df0
14b00bcd
02bcf5ad
14001bec
02a1c18c
15ffffcf
02bcf5ef
2991518d
02801184
02bfe185
29915084
299150a5
28515190
28915085
289150a4
289150a6
5c110df0
149d41ad
028831ad
14001a4c
0286518c
15ffffaf
028831ef
299f218d
02801184
02bfe185
299f2084
299f20a5
285f2190
289f2085
289f20a4
289f20a6
5c10cdf0
14f7f1cd
02a509ad
14001acc
02b5418c
15ffffcf
02a509ef
2980018d
02801184
02bfe185
29800084
298000a5
28400190
28800085
288000a4
288000a6
5c108df0
146fdd2d
028439ad
14001b2c
029fc18c
15ffff2f
028439ef
2985d18d
02801184
02bfe185
2985d084
2985d0a5
2845d190
2885d085
2885d0a4
2885d0a6
5c104df0
1404b28d
02a481ad
14001a4c
028ee18c
1400008f
02a481ef
2980318d
02801184
02bfe185
29803084
298030a5
28403190
28803085
288030a4
288030a6
5c100df0
156fc42d
0289a1ad
14001bac
02aea18c
1400002f
0289a1ef
2988718d
02801184
02bfe185
29887084
298870a5
28487190
28887085
288870a4
288870a6
5c0fcdf0
1400e98d
02a741ad
14001a2c
029ea18c
15ffff8f
02a741ef
298a318d
02801184
02bfe185
298a3084
298a30a5
284a3190
288a3085
288a30a4
288a30a6
5c0f8df0
14264ded
02a001ad
14001a2c
02a1218c
1400002f
028c99ef
2985b18d
02801184
02bfe185
2985b084
2985b0a5
2845b990
2885b085
2885b0a4
2885b0a6
5c0f4df0
15685ccd
02a901ad
14001a8c
02acd18c
140000cf
02a901ef
2993618d
02801184
02bfe185
29936084
299360a5
28536190
28936085
289360a4
289360a6
5c0f0df0
14f07c2d
02a801ad
14001b0c
02a0e18c
1400002f
02a801ef
29b0f18d
02801184
02bfe185
29b0f084
29b0f0a5
2870f190
28b0f085
28b0f0a4
28b0f0a6
5c0ecdf0
15ad286d
02a561ad
14001aac
028ea18c
15ffffaf
029a51ef
2999218d
02801184
02bfe185
29992084
299920a5
28592990
28992085
289920a4
289920a6
5c0e8df0
153a470d
02b581ad
14001a0c
0298018c
1400010f
02b581ef
29a4318d
02801184
02bfe185
29a43084
29a430a5
28643190
28a43085
28a430a4
28a430a6
5c0e4df0
14131e4d
029cc1ad
14001a4c
02ad618c
1400004f
029cc1ef
29a2a18d
02801184
02bfe185
29a2a084
29a2a0a5
2862a190
28a2a085
28a2a0a4
28a2a0a6
5c0e0df0
145571ad
02ba41ad
14001a6c
0287b18c
15ffffaf
02ba41ef
29a3418d
02801184
02bfe185
29a34084
29a340a5
28634190
28a34085
28a340a4
28a340a6
5c0dcdf0
146ffb8d
02bb21ad
14001aac
02a2418c
1400006f
029ff5ef
29af418d
02801184
02bfe185
29af4084
29af40a5
286f4990
28af4085
28af40a4
28af40a6
5c0d8df0
1469f86d
028eb1ad
14001aac
0291218c
1400006f
0293f1ef
299b418d
02801184
02bfe185
299b4084
299b40a5
285b4990
289b4085
289b40a4
289b40a6
5c0d4df0
15b9828d
029321ad
14001aec
02a5018c
1400008f
029321ef
299cf18d
02801184
02bfe185
299cf084
299cf0a5
285cf190
289cf085
289cf0a4
289cf0a6
5c0d0df0
1466a9cd
0296d1ad
14001acc
02a0d18c
1400006f
028d51ef
29a4918d
02801184
02bfe185
29a49084
29a490a5
28649990
28a49085
28a490a4
28a490a6
5c0ccdf0
156bcfcd
02aa39ad
14001bac
02b1e18c
15ffffcf
02aa39ef
29a0018d
02801184
02bfe185
29a00084
29a000a5
28600190
28a00085
28a000a4
28a000a6
5c0c8df0
15190f4d
029941ad
14001a6c
02b6718c
15ffff4f
029941ef
2991018d
02801184
02bfe185
29910084
299100a5
28510190
28910085
289100a4
289100a6
5c0c4df0
147be54d
02af01ad
14001a0c
0280018c
1400008f
02b7c9ef
298d318d
02801184
02bfe185
298d3084
298d30a5
284d3990
288d3085
288d30a4
288d30a6
5c0c0df0
152eb88d
02a971ad
14001a0c
0280018c
1400008f
02a971ef
29a3318d
02801184
02bfe185
29a33084
29a330a5
28633190
28a33085
28a330a4
28a330a6
5c0bcdf0
145356ad
028f59ad
14001a0c
0280018c
140000af
028f59ef
29a7a18d
02801184
02bfe185
29a7a084
29a7a0a5
2867a190
28a7a085
28a7a0a4
28a7a0a6
5c0b8df0
14ec764d
029801ad
14001a0c
0280018c
1400004f
029801ef
29b9f18d
02801184
02bfe185
29b9f084
29b9f0a5
2879f190
28b9f085
28b9f0a4
28b9f0a6
5c0b4df0
14ee9dad
028dc1ad
14001a0c
0280018c
15ffffaf
028dc1ef
299d818d
02801184
02bfe185
299d8084
299d80a5
285d8190
289d8085
289d80a4
289d80a6
5c0b0df0
151c49ad
029a01ad
14001a0c
0280018c
15ffffaf
029a01ef
29bf818d
02801184
02bfe185
29bf8084
29bf80a5
287f8190
28bf8085
28bf80a4
28bf80a6
5c0acdf0
15fc726d
029b2dad
14001a0c
0280018c
1400006f
029b2def
299ec18d
02801184
02bfe185
299ec084
299ec0a5
285ec190
289ec085
289ec0a4
289ec0a6
5c0a8df0
1417126d
02a901ad
14001a0c
0280018c
1400002f
02ae25ef
2980e18d
02801184
02bfe185
2980e084
2980e0a5
2840e990
2880e085
2880e0a4
2880e0a6
5c0a4df0
15b25fcd
028421ad
14001a0c
0280018c
15ffffcf
028421ef
29b5218d
02801184
02bfe185
29b52084
29b520a5
28752190
28b52085
28b520a4
28b520a6
5c0a0df0
149897ad
02a551ad
14001a0c
0280018c
15ffffaf
02a551ef
2989618d
02801184
02bfe185
29896084
298960a5
28496190
28896085
288960a4
288960a6
5c09cdf0
156f758d
02a901ad
14001a0c
0280018c
15ffff6f
029ee9ef
2984118d
02801184
02bfe185
29841084
298410a5
28441990
28841085
288410a4
288410a6
5c098df0
1514eaad
02a8d1ad
14001a0c
0280018c
140000af
02a8d1ef
298ea18d
02801184
02bfe185
298ea084
298ea0a5
284ea190
288ea085
288ea0a4
288ea0a6
5c094df0
140c582d
02a641ad
14001a0c
0280018c
1400002f
02a641ef
299f018d
02801184
02bfe185
299f0084
299f00a5
285f0190
289f0085
289f00a4
289f00a6
5c090df0
15e7820d
02b141ad
14001a0c
0280018c
15ffffef
028f01ef
299a418d
02801184
02bfe185
299a4084
299a40a5
285a4990
289a4085
289a40a4
289a40a6
5c08cdf0
15283c4d
02adc1ad
14001a0c
0280018c
1400004f
02adc1ef
2995118d
02801184
02bfe185
29951084
299510a5
28551190
28951085
289510a4
289510a6
5c088df0
140d51ed
029801ad
14001a0c
0280018c
1400000f
029aa1ef
2985318d
02801184
02bfe185
29853084
298530a5
28453990
28853085
288530a4
288530a6
5c084df0
15e1940d
02a301ad
14001a0c
0280018c
15ffffef
028325ef
2985518d
02801184
02bfe185
29855084
298550a5
28455990
28855085
288550a4
288550a6
5c080df0
14dacfcd
02bdf1ad
14001a0c
0280018c
140000ef
02b59def
29b3918d
02801184
02bfe185
29b39084
29b390a5
28739990
28b39085
28b390a4
28b390a6
5c07cdf0
14f6b92d
02b101ad
14001a0c
0280018c
15ffff2f
02b101ef
2985c18d
02801184
02bfe185
2985c084
2985c0a5
2845c190
2885c085
2885c0a4
2885c0a6
5c078df0
15403b2d
02a359ad
14001a0c
0280018c
15ffff4f
028075ef
2988d18d
02801184
02bfe185
2988d084
2988d0a5
2848d990
2888d085
2888d0a4
2888d0a6
5c074df0
157722ed
028579ad
14001a0c
0280018c
15ffff8f
02ae45ef
29a9718d
02801184
02bfe185
29a97084
29a970a5
28697990
28a97085
28a970a4
28a970a6
5c070df0
154410cd
0289a1ad
14001a0c
0280018c
140000cf
0289a1ef
29b9b18d
02801184
02bfe185
29b9b084
29b9b0a5
2879b190
28b9b085
28b9b0a4
28b9b0a6
5c06cdf0
1582dd0d
02bf49ad
14001a0c
0280018c
1400010f
02bf49ef
2983918d
02801184
02bfe185
29839084
298390a5
28439190
28839085
288390a4
288390a6
5c068df0
15e4de0d
029501ad
14001a0c
0280018c
1400000f
029501ef
29bee18d
02801184
02bfe185
29bee084
29bee0a5
287ee190
28bee085
28bee0a4
28bee0a6
5c064df0
14bbeb6d
02889dad
14001a0c
0280018c
140000cf
02b7d5ef
29ad518d
02801184
02bfe185
29ad5084
29ad50a5
286d5990
28ad5085
28ad50a4
28ad50a6
5c060df0
142f964d
028a19ad
14001a0c
0280018c
1400004f
028a19ef
2998418d
02801184
02bfe185
29984084
299840a5
28584190
28984085
289840a4
289840a6
5c05cdf0
1598b66d
02afb9ad
14001a0c
0280018c
15ffffaf
02b16def
29a8c18d
02801184
02bfe185
29a8c084
29a8c0a5
2868c990
28a8c085
28a8c0a4
28a8c0a6
5c058df0
15e2918d
02ae81ad
14001a0c
0280018c
15ffffef
028521ef
2983418d
02801184
02bfe185
29834084
298340a5
28434990
28834085
288340a4
288340a6
5c054df0
1466ee4d
029699ad
14001a0c
0280018c
1400006f
028dddef
2998b18d
02801184
02bfe185
2998b084
2998b0a5
2858b990
2898b085
2898b0a4
2898b0a6
5c050df0
1453042d
0285b1ad
14001a0c
0280018c
1400002f
0285b1ef
29a6018d
02801184
02bfe185
29a60084
29a600a5
28660190
28a60085
28a600a4
28a600a6
5c04cdf0
15e66b6d
02b899ad
14001a0c
0280018c
15ffff6f
02b899ef
29b8518d
02801184
02bfe185
29b85084
29b850a5
28785190
28b85085
28b850a4
28b850a6
5c048df0
1439d46d
028045ad
14001a0c
0280018c
1400006f
028045ef
2998418d
02801184
02bfe185
29984084
299840a5
28584190
28984085
289840a4
289840a6
5c044df0
14a5114d
0292f9ad
14001a0c
0280018c
15ffff4f
0292f9ef
2983818d
02801184
02bfe185
29838084
298380a5
28438190
28838085
288380a4
288380a6
5c040df0
15574b2d
02b201ad
14001a0c
0280018c
15ffff2f
02b201ef
29bb318d
02801184
02bfe185
29bb3084
29bb30a5
287b3190
28bb3085
28bb30a4
28bb30a6
5c03cdf0
150f004d
02a301ad
14001a0c
0280018c
1400004f
02a301ef
29a8218d
02801184
02bfe185
29a82084
29a820a5
28682190
28a82085
28a820a4
28a820a6
5c038df0
15b9fd0d
02a421ad
14001a0c
0280018c
15ffffcf
02b3f9ef
2980018d
02801184
02bfe185
29800084
298000a5
28400990
28800085
288000a4
288000a6
5c034df0
1594fc4d
0294d1ad
14001a0c
0280018c
1400004f
0294d1ef
2980018d
02801184
02bfe185
29800084
298000a5
28400190
28800085
288000a4
288000a6
5c030df0
1474bead
028001ad
14001a0c
0280018c
140000af
028001ef
2980018d
02801184
02bfe185
29800084
298000a5
28400190
28800085
288000a4
288000a6
5c02cdf0
15810f2d
028c71ad
14001a0c
0280018c
15ffff2f
028c71ef
2980018d
02801184
02bfe185
29800084
298000a5
28400190
28800085
288000a4
288000a6
5c028df0
1406a58d
028ad1ad
14001a0c
0280018c
1400000f
028d49ef
2980018d
02801184
02bfe185
29800084
298000a5
28400990
28800085
288000a4
288000a6
5c024df0
14ce846d
029ac1ad
14001a0c
0280018c
1400006f
029ac1ef
2980018d
02801184
02bfe185
29800084
298000a5
28400190
28800085
288000a4
288000a6
5c020df0
1570012d
02ab71ad
14001a0c
0280018c
15ffff8f
02a001ef
2980018d
02801184
02bfe185
29800084
298000a5
28400990
28800085
288000a4
288000a6
5c01cdf0
1526d18d
0295d9ad
14001a0c
0280018c
15ffff8f
0295d9ef
2980018d
02801184
02bfe185
29800084
298000a5
28400190
28800085
288000a4
288000a6
5c018df0
15f743ad
02b901ad
14001a0c
0280018c
15ffffaf
02b901ef
2980018d
02801184
02bfe185
29800084
298000a5
28400190
28800085
288000a4
288000a6
5c014df0
14b0b8cd
02b8c1ad
14001a0c
0280018c
140000cf
02b8c1ef
2980018d
02801184
02bfe185
29800084
298000a5
28400190
28800085
288000a4
288000a6
5c010df0
15322c0d
02a271ad
14001a0c
0280018c
1400000f
02a271ef
2980018d
02801184
02bfe185
29800084
298000a5
28400190
28800085
288000a4
288000a6
5c00cdf0
1515df4d
028881ad
14001a0c
0280018c
15ffff2f
02abbdef
2980018d
02801184
02bfe185
29800084
298000a5
28400990
28800085
288000a4
288000a6
5c008df0
148599ad
02a989ad
14001a0c
0280018c
15ffffaf
02a989ef
2980018d
02801184
02bfe185
29800084
298000a5
28400190
28800085
288000a4
288000a6
5c004df0
1400000d
028001ad
14001a0c
0280018c
1400000f
028001ef
2980018d
02801184
02bfe185
29800084
298000a5
28400190
28800085
288000a4
288000a6
5c000df0
5c000b20
0280075a
0040e2ed
001569ac
2980030c
4c000020
028006f7
00150019
14f3b7ed
0283fdad
14001aac
0292618c
1400000f
0283fdef
2990218d
02801184
02bfe185
29902084
299020a5
2a102190
28902085
289020a4
289020a6
5c1f4df0
1536b76d
02adb1ad
14001a8c
0290c18c
1400000f
02816def
2994b18d
02801184
02bfe185
2994b084
2994b0a5
2a14b990
2894b085
2894b0a4
2894b0a6
5c1f0df0
15a2aded
0291c1ad
14001a8c
0297618c
1400000f
028345ef
2998218d
02801184
02bfe185
29982084
299820a5
2a182d90
28982085
289820a4
289820a6
5c1ecdf0
149b0acd
029301ad
14001b6c
02aeb18c
1400000f
028301ef
2986018d
02801184
02bfe185
29860084
298600a5
2a060190
28860085
288600a4
288600a6
5c1e8df0
1524f94d
02a4c1ad
14001b6c
02b8018c
1400000f
0280c1ef
29a8a18d
02801184
02bfe185
29a8a084
29a8a0a5
2a28a190
28a8a085
28a8a0a4
28a8a0a6
5c1e4df0
153d8b2d
0299a9ad
14001aec
028ae18c
1400000f
0281a9ef
29ba718d
02801184
02bfe185
29ba7084
29ba70a5
2a3a7190
28ba7085
28ba70a4
28ba70a6
5c1e0df0
1427f24d
02b961ad
14001a4c
02bcc18c
1400000f
028161ef
2998018d
02801184
02bfe185
29980084
299800a5
2a180190
28980085
289800a4
289800a6
5c1dcdf0
140493ed
02baf5ad
14001a8c
02b4a18c
1400000f
0282f5ef
29b9d18d
02801184
02bfe185
29b9d084
29b9d0a5
2a39d190
28b9d085
28b9d0a4
28b9d0a6
5c1d8df0
149a81cd
02b439ad
14001a6c
02b1418c
1400000f
028101ef
298b418d
02801184
02bfe185
298b4084
298b40a5
2a0b4990
288b4085
288b40a4
288b40a6
5c1d4df0
143ba08d
028ea1ad
14001aec
02a9f18c
1400000f
0282a1ef
2983e18d
02801184
02bfe185
2983e084
2983e0a5
2a03e190
2883e085
2883e0a4
2883e0a6
5c1d0df0
15da222d
028461ad
14001a8c
028ad18c
1400000f
028061ef
29ad818d
02801184
02bfe185
29ad8084
29ad80a5
2a2d8190
28ad8085
28ad80a4
28ad80a6
5c1ccdf0
14d26f8d
028001ad
14001bcc
029fc18c
1400000f
028301ef
299d218d
02801184
02bfe185
299d2084
299d20a5
2a1d2590
289d2085
289d20a4
289d20a6
5c1c8df0
15c9eeed
02a801ad
14001b4c
0284c18c
1400000f
028001ef
299da18d
02801184
02bfe185
299da084
299da0a5
2a1da190
289da085
289da0a4
289da0a6
5c1c4df0
15dc67cd
02b341ad
14001b8c
02b0b18c
1400000f
028341ef
29a1a18d
02801184
02bfe185
29a1a084
29a1a0a5
2a21a190
28a1a085
28a1a0a4
28a1a0a6
5c1c0df0
154d4ced
0288c9ad
14001b2c
02ad018c
1400000f
028299ef
29bc118d
02801184
02bfe185
29bc1084
29bc10a5
2a3c1d90
28bc1085
28bc10a4
28bc10a6
5c1bcdf0
1458c5cd
029b51ad
14001a8c
02b3518c
1400000f
028351ef
2989c18d
02801184
02bfe185
2989c084
2989c0a5
2a09c190
2889c085
2889c0a4
2889c0a6
5c1b8df0
15b7cecd
02a8c1ad
14001a6c
02a1518c
1400000f
02839def
2999918d
02801184
02bfe185
29999084
299990a5
2a199990
28999085
289990a4
289990a6
5c1b4df0
15a4402d
028d21ad
14001b2c
02ad018c
1400000f
02804def
29af018d
02801184
02bfe185
29af0084
29af00a5
2a2f0590
28af0085
28af00a4
28af00a6
5c1b0df0
1578a14d
02bcf1ad
14001a2c
02a4418c
1400000f
0282f1ef
2987018d
02801184
02bfe185
29870084
298700a5
2a070d90
28870085
288700a4
288700a6
5c1acdf0
15a0778d
02a669ad
14001a6c
02aa118c
1400000f
028269ef
299e018d
02801184
02bfe185
299e0084
299e00a5
2a1e0190
289e0085
289e00a4
289e00a6
5c1a8df0
1583b48d
02a981ad
14001b2c
0287018c
1400000f
028181ef
2993418d
02801184
02bfe185
29934084
299340a5
2a134190
28934085
289340a4
289340a6
5c1a4df0
1458adcd
02b3c1ad
14001acc
0282518c
1400000f
028159ef
29b2118d
02801184
02bfe185
29b21084
29b210a5
2a321990
28b21085
28b210a4
28b210a6
5c1a0df0
15e94a8d
02b489ad
14001a0c
028e118c
1400000f
028295ef
298c918d
02801184
02bfe185
298c9084
298c90a5
2a0c9990
288c9085
288c90a4
288c90a6
5c19cdf0
14896ccd
029111ad
14001b4c
02b1218c
1400000f
028111ef
2996018d
02801184
02bfe185
29960084
299600a5
2a160190
28960085
289600a4
289600a6
5c198df0
145305ed
029eb1ad
14001a2c
02a8618c
1400000f
0282b1ef
2988218d
02801184
02bfe185
29882084
298820a5
2a082190
28882085
288820a4
288820a6
5c194df0
152112ad
029261ad
14001acc
0288418c
1400000f
028261ef
2996718d
02801184
02bfe185
29967084
299670a5
2a167190
28967085
289670a4
289670a6
5c190df0
14e3a08d
029001ad
14001a4c
02b4218c
1400000f
0281c5ef
29beb18d
02801184
02bfe185
29beb084
29beb0a5
2a3ebd90
28beb085
28beb0a4
28beb0a6
5c18cdf0
14489e6d
02a1c1ad
14001a4c
02bd418c
1400000f
0280a1ef
2993218d
02801184
02bfe185
29932084
299320a5
2a132590
28932085
289320a4
289320a6
5c188df0
14c17b8d
02a301ad
14001acc
0283818c
1400000f
028301ef
29a5118d
02801184
02bfe185
29a51084
29a510a5
2a251190
28a51085
28a510a4
28a510a6
5c184df0
152a562d
02a529ad
14001aac
02aa518c
1400000f
028129ef
299c018d
02801184
02bfe185
299c0084
299c00a5
2a1c0190
289c0085
289c00a4
289c00a6
5c180df0
1480f52d
02ae01ad
14001b8c
02ada18c
1400000f
028201ef
29b5e18d
02801184
02bfe185
29b5e084
29b5e0a5
2a35e190
28b5e085
28b5e0a4
28b5e0a6
5c17cdf0
1439528d
02b9b5ad
14001a2c
02b1818c
1400000f
0281b5ef
29b8518d
02801184
02bfe185
29b85084
29b850a5
2a385190
28b85085
28b850a4
28b850a6
5c178df0
159766cd
02b781ad
14001a4c
028d618c
1400000f
028381ef
2993818d
02801184
02bfe185
29938084
299380a5
2a138190
28938085
289380a4
289380a6
5c174df0
15178c2d
02b8e9ad
14001a6c
02aa818c
1400000f
028319ef
2995218d
02801184
02bfe185
29952084
299520a5
2a152990
28952085
289520a4
289520a6
5c170df0
152a042d
02bc79ad
14001a4c
0280218c
1400000f
02803def
2988318d
02801184
02bfe185
29883084
298830a5
2a083590
28883085
288830a4
288830a6
5c16cdf0
1498c10d
028bd1ad
14001a6c
02a7a18c
1400000f
0283d1ef
29a7b18d
02801184
02bfe185
29a7b084
29a7b0a5
2a27b190
28a7b085
28a7b0a4
28a7b0a6
5c168df0
15d1854d
02b111ad
14001a8c
0287918c
1400000f
028309ef
2983218d
02801184
02bfe185
29832084
298320a5
2a032990
28832085
288320a4
288320a6
5c164df0
14fbb12d
028615ad
14001b8c
0282a18c
1400000f
028215ef
2986118d
02801184
02bfe185
29861084
298610a5
2a061190
28861085
288610a4
288610a6
5c160df0
15e5de4d
0290a1ad
14001a8c
0291e18c
1400000f
0280a1ef
2996f18d
02801184
02bfe185
2996f084
2996f0a5
2a16f190
2896f085
2896f0a4
2896f0a6
5c15cdf0
144f13cd
029cd5ad
14001b0c
0282218c
1400000f
0280d5ef
29a1f18d
02801184
02bfe185
29a1f084
29a1f0a5
2a21f190
28a1f085
28a1f0a4
28a1f0a6
5c158df0
14aec28d
02a401ad
14001acc
0290d18c
1400000f
028001ef
2983218d
02801184
02bfe185
29832084
298320a5
2a032190
28832085
288320a4
288320a6
5c154df0
15f063ad
028961ad
14001b6c
0297c18c
1400000f
028161ef
298b318d
02801184
02bfe185
298b3084
298b30a5
2a0b3190
288b3085
288b30a4
288b30a6
5c150df0
1528ed2d
02ae81ad
14001b4c
02bbe18c
1400000f
028281ef
29b6118d
02801184
02bfe185
29b61084
29b610a5
2a361190
28b61085
28b610a4
28b610a6
5c14cdf0
14deb56d
028e4dad
14001a4c
028f418c
1400000f
02824def
2986e18d
02801184
02bfe185
2986e084
2986e0a5
2a06e190
2886e085
2886e0a4
2886e0a6
5c148df0
15ae690d
028f69ad
14001b0c
02a9c18c
1400000f
02820def
2980218d
02801184
02bfe185
29802084
298020a5
2a002590
28802085
288020a4
288020a6
5c144df0
1495638d
029699ad
14001aec
02baa18c
1400000f
028299ef
2986818d
02801184
02bfe185
29868084
298680a5
2a068190
28868085
288680a4
288680a6
5c140df0
15a96dad
02a521ad
14001acc
02a1918c
1400000f
028351ef
29b4318d
02801184
02bfe185
29b43084
29b430a5
2a343d90
28b43085
28b430a4
28b430a6
5c13cdf0
1436314d
02b071ad
14001a4c
0295918c
1400000f
028061ef
2985f18d
02801184
02bfe185
2985f084
2985f0a5
2a05f990
2885f085
2885f0a4
2885f0a6
5c138df0
150c368d
02b661ad
14001acc
02b7e18c
1400000f
028261ef
29a6818d
02801184
02bfe185
29a68084
29a680a5
2a268190
28a68085
28a680a4
28a680a6
5c134df0
143f0eed
02bd61ad
14001a2c
0283818c
1400000f
028161ef
299af18d
02801184
02bfe185
299af084
299af0a5
2a1af190
289af085
289af0a4
289af0a6
5c130df0
1476410d
02a161ad
14001a2c
0292918c
1400000f
028081ef
29b3d18d
02801184
02bfe185
29b3d084
29b3d0a5
2a33d990
28b3d085
28b3d0a4
28b3d0a6
5c12cdf0
14cf83cd
02b461ad
14001bac
028dc18c
1400000f
028305ef
298c918d
02801184
02bfe185
298c9084
298c90a5
2a0c9990
288c9085
288c90a4
288c90a6
5c128df0
14e0cced
02a6a1ad
14001a4c
028f718c
1400000f
0282a1ef
29bec18d
02801184
02bfe185
29bec084
29bec0a5
2a3ec190
28bec085
28bec0a4
28bec0a6
5c124df0
141c870d
028f01ad
14001a0c
0280018c
1400000f
02820def
2992a18d
02801184
02bfe185
2992a084
2992a0a5
2a12a590
2892a085
2892a0a4
2892a0a6
5c120df0
15b390cd
028731ad
14001a0c
0280018c
1400000f
028321ef
29b4f18d
02801184
02bfe185
29b4f084
29b4f0a5
2a34f990
28b4f085
28b4f0a4
28b4f0a6
5c11cdf0
15fd9f0d
02a731ad
14001a0c
0280018c
1400000f
028331ef
29b0818d
02801184
02bfe185
29b08084
29b080a5
2a308190
28b08085
28b080a4
28b080a6
5c118df0
14c5d58d
02a501ad
14001a0c
0280018c
1400000f
0282e5ef
29bf818d
02801184
02bfe185
29bf8084
29bf80a5
2a3f8590
28bf8085
28bf80a4
28bf80a6
5c114df0
158bee4d
02b24dad
14001a0c
0280018c
1400000f
02824def
298eb18d
02801184
02bfe185
298eb084
298eb0a5
2a0eb190
288eb085
288eb0a4
288eb0a6
5c110df0
15b9322d
02af01ad
14001a0c
0280018c
1400000f
028265ef
2998c18d
02801184
02bfe185
2998c084
2998c0a5
2a18c990
2898c085
2898c0a4
2898c0a6
5c10cdf0
15ff504d
0286c1ad
14001a0c
0280018c
1400000f
0282a1ef
2991e18d
02801184
02bfe185
2991e084
2991e0a5
2a11e990
2891e085
2891e0a4
2891e0a6
5c108df0
14cd398d
02a3e1ad
14001a0c
0280018c
1400000f
0283e1ef
29b7218d
02801184
02bfe185
29b72084
29b720a5
2a372190
28b72085
28b720a4
28b720a6
5c104df0
15b2ca2d
02ae61ad
14001a0c
0280018c
1400000f
028195ef
2988018d
02801184
02bfe185
29880084
298800a5
2a080990
28880085
288800a4
288800a6
5c100df0
1508b90d
02a7f1ad
14001a0c
0280018c
1400000f
0283f1ef
2994118d
02801184
02bfe185
29941084
299410a5
2a141190
28941085
289410a4
289410a6
5c0fcdf0
154fdb2d
029081ad
14001a0c
0280018c
1400000f
028081ef
2997a18d
02801184
02bfe185
2997a084
2997a0a5
2a17a190
2897a085
2897a0a4
2897a0a6
5c0f8df0
1548b1ed
0287c9ad
14001a0c
0280018c
1400000f
0283c5ef
2984918d
02801184
02bfe185
29849084
298490a5
2a049590
28849085
288490a4
288490a6
5c0f4df0
155a676d
02b481ad
14001a0c
0280018c
1400000f
0280cdef
29ac618d
02801184
02bfe185
29ac6084
29ac60a5
2a2c6990
28ac6085
28ac60a4
28ac60a6
5c0f0df0
157ae86d
028c61ad
14001a0c
0280018c
1400000f
028061ef
298be18d
02801184
02bfe185
298be084
298be0a5
2a0be190
288be085
288be0a4
288be0a6
5c0ecdf0
15d862ad
029c09ad
14001a0c
0280018c
1400000f
028009ef
2988c18d
02801184
02bfe185
2988c084
2988c0a5
2a08c190
2888c085
2888c0a4
2888c0a6
5c0e8df0
14f6866d
0290a5ad
14001a0c
0280018c
1400000f
0280a5ef
29ab818d
02801184
02bfe185
29ab8084
29ab80a5
2a2b8190
28ab8085
28ab80a4
28ab80a6
5c0e4df0
1468ab2d
028bc1ad
14001a0c
0280018c
1400000f
0283c1ef
2982018d
02801184
02bfe185
29820084
298200a5
2a020190
28820085
288200a4
288200a6
5c0e0df0
142bfdad
02a5c1ad
14001a0c
0280018c
1400000f
0281c1ef
299b418d
02801184
02bfe185
299b4084
299b40a5
2a1b4190
289b4085
289b40a4
289b40a6
5c0dcdf0
14907d8d
029fb9ad
14001a0c
0280018c
1400000f
0283b9ef
2995c18d
02801184
02bfe185
2995c084
2995c0a5
2a15c190
2895c085
2895c0a4
2895c0a6
5c0d8df0
1595060d
02b001ad
14001a0c
0280018c
1400000f
028209ef
29b3f18d
02801184
02bfe185
29b3f084
29b3f0a5
2a33f990
28b3f085
28b3f0a4
28b3f0a6
5c0d4df0
144b2a8d
02bc81ad
14001a0c
0280018c
1400000f
028095ef
2983018d
02801184
02bfe185
29830084
298300a5
2a030d90
28830085
288300a4
288300a6
5c0d0df0
158e30ad
02b779ad
14001a0c
0280018c
1400000f
028379ef
2995618d
02801184
02bfe185
29956084
299560a5
2a156190
28956085
289560a4
289560a6
5c0ccdf0
151337cd
028401ad
14001a0c
0280018c
1400000f
028001ef
2983118d
02801184
02bfe185
29831084
298310a5
2a031190
28831085
288310a4
288310a6
5c0c8df0
148c536d
02b451ad
14001a0c
0280018c
1400000f
028051ef
2995418d
02801184
02bfe185
29954084
299540a5
2a154190
28954085
289540a4
289540a6
5c0c4df0
156e838d
028ec9ad
14001a0c
0280018c
1400000f
0282c9ef
298dc18d
02801184
02bfe185
298dc084
298dc0a5
2a0dc190
288dc085
288dc0a4
288dc0a6
5c0c0df0
1476f50d
028661ad
14001a0c
0280018c
1400000f
028205ef
29b7118d
02801184
02bfe185
29b71084
29b710a5
2a371590
28b71085
28b710a4
28b710a6
5c0bcdf0
158bca8d
0287d9ad
14001a0c
0280018c
1400000f
0283d9ef
2995818d
02801184
02bfe185
29958084
299580a5
2a158190
28958085
289580a4
289580a6
5c0b8df0
15beb64d
02a829ad
14001a0c
0280018c
1400000f
028029ef
29a3018d
02801184
02bfe185
29a30084
29a300a5
2a230190
28a30085
28a300a4
28a300a6
5c0b4df0
153c0e0d
02aae1ad
14001a0c
0280018c
1400000f
028019ef
2993218d
02801184
02bfe185
29932084
299320a5
2a132990
28932085
289320a4
289320a6
5c0b0df0
14e1becd
02bcb1ad
14001a0c
0280018c
1400000f
02837def
299ae18d
02801184
02bfe185
299ae084
299ae0a5
2a1ae990
289ae085
289ae0a4
289ae0a6
5c0acdf0
14ae2f4d
028411ad
14001a0c
0280018c
1400000f
02805def
29b7018d
02801184
02bfe185
29b70084
29b700a5
2a370990
28b70085
28b700a4
28b700a6
5c0a8df0
1523e5ed
029e25ad
14001a0c
0280018c
1400000f
0283c9ef
29be118d
02801184
02bfe185
29be1084
29be10a5
2a3e1990
28be1085
28be10a4
28be10a6
5c0a4df0
1491e7cd
028e01ad
14001a0c
0280018c
1400000f
028201ef
29adf18d
02801184
02bfe185
29adf084
29adf0a5
2a2df190
28adf085
28adf0a4
28adf0a6
5c0a0df0
15009c0d
028401ad
14001a0c
0280018c
1400000f
028001ef
29b8018d
02801184
02bfe185
29b80084
29b800a5
2a380190
28b80085
28b800a4
28b800a6
5c09cdf0
144ec6cd
02bf91ad
14001a0c
0280018c
1400000f
028391ef
298b818d
02801184
02bfe185
298b8084
298b80a5
2a0b8190
288b8085
288b80a4
288b80a6
5c098df0
15ff97ed
02a5c1ad
14001a0c
0280018c
1400000f
02832def
29a6b18d
02801184
02bfe185
29a6b084
29a6b0a5
2a26b990
28a6b085
28a6b0a4
28a6b0a6
5c094df0
14b479ed
02bdb9ad
14001a0c
0280018c
1400000f
0283bdef
2998118d
02801184
02bfe185
29981084
299810a5
2a181590
28981085
289810a4
289810a6
5c090df0
15def6cd
02ba41ad
14001a0c
0280018c
1400000f
0281edef
29a2518d
02801184
02bfe185
29a25084
29a250a5
2a225990
28a25085
28a250a4
28a250a6
5c08cdf0
144c54cd
02ba41ad
14001a0c
0280018c
1400000f
028099ef
29a5b18d
02801184
02bfe185
29a5b084
29a5b0a5
2a25bd90
28a5b085
28a5b0a4
28a5b0a6
5c088df0
1544ce0d
0287a1ad
14001a0c
0280018c
1400000f
028005ef
298e618d
02801184
02bfe185
298e6084
298e60a5
2a0e6590
288e6085
288e60a4
288e60a6
5c084df0
145e5eed
028fc1ad
14001a0c
0280018c
1400000f
0283c1ef
29a8518d
02801184
02bfe185
29a85084
29a850a5
2a285190
28a85085
28a850a4
28a850a6
5c080df0
14719c8d
029901ad
14001a0c
0280018c
1400000f
028339ef
299e018d
02801184
02bfe185
299e0084
299e00a5
2a1e0990
289e0085
289e00a4
289e00a6
5c07cdf0
1576d3ad
02a001ad
14001a0c
0280018c
1400000f
0281a5ef
29ad118d
02801184
02bfe185
29ad1084
29ad10a5
2a2d1990
28ad1085
28ad10a4
28ad10a6
5c078df0
14f73b6d
02a001ad
14001a0c
0280018c
1400000f
028275ef
2981218d
02801184
02bfe185
29812084
298120a5
2a012990
28812085
288120a4
288120a6
5c074df0
14aad18d
028981ad
14001a0c
0280018c
1400000f
028181ef
298b818d
02801184
02bfe185
298b8084
298b80a5
2a0b8190
288b8085
288b80a4
288b80a6
5c070df0
1497b28d
02b201ad
14001a0c
0280018c
1400000f
028201ef
29b8c18d
02801184
02bfe185
29b8c084
29b8c0a5
2a38c190
28b8c085
28b8c0a4
28b8c0a6
5c06cdf0
14475bed
0290c9ad
14001a0c
0280018c
1400000f
0283d1ef
2980218d
02801184
02bfe185
29802084
298020a5
2a002590
28802085
288020a4
288020a6
5c068df0
14c30fed
029081ad
14001a0c
0280018c
1400000f
028081ef
29bf518d
02801184
02bfe185
29bf5084
29bf50a5
2a3f5190
28bf5085
28bf50a4
28bf50a6
5c064df0
14d06c8d
02be81ad
14001a0c
0280018c
1400000f
028281ef
29b9a18d
02801184
02bfe185
29b9a084
29b9a0a5
2a39a190
28b9a085
28b9a0a4
28b9a0a6
5c060df0
146e478d
029fcdad
14001a0c
0280018c
1400000f
0283cdef
298f818d
02801184
02bfe185
298f8084
298f80a5
2a0f8190
288f8085
288f80a4
288f80a6
5c05cdf0
15a6cfcd
028469ad
14001a0c
0280018c
1400000f
028069ef
2980018d
02801184
02bfe185
29800084
298000a5
2a000190
28800085
288000a4
288000a6
5c058df0
15d4378d
028781ad
14001a0c
0280018c
1400000f
0283a9ef
2980018d
02801184
02bfe185
29800084
298000a5
2a000d90
28800085
288000a4
288000a6
5c054df0
141b79ad
028ba9ad
14001a0c
0280018c
1400000f
028349ef
2980018d
02801184
02bfe185
29800084
298000a5
2a000590
28800085
288000a4
288000a6
5c050df0
145d06ed
029f19ad
14001a0c
0280018c
1400000f
028319ef
2980018d
02801184
02bfe185
29800084
298000a5
2a000190
28800085
288000a4
288000a6
5c04cdf0
150ba2ed
0299f1ad
14001a0c
0280018c
1400000f
0281d9ef
2980018d
02801184
02bfe185
29800084
298000a5
2a000590
28800085
288000a4
288000a6
5c048df0
1455010d
02adb9ad
14001a0c
0280018c
1400000f
0281b9ef
2980018d
02801184
02bfe185
29800084
298000a5
2a000190
28800085
288000a4
288000a6
5c044df0
14f8fc8d
029a2dad
14001a0c
0280018c
1400000f
028119ef
2980018d
02801184
02bfe185
29800084
298000a5
2a000590
28800085
288000a4
288000a6
5c040df0
14ecd66d
0282a9ad
14001a0c
0280018c
1400000f
0282a9ef
2980018d
02801184
02bfe185
29800084
298000a5
2a000190
28800085
288000a4
288000a6
5c03cdf0
15e6224d
029d11ad
14001a0c
0280018c
1400000f
0283cdef
2980018d
02801184
02bfe185
29800084
298000a5
2a000d90
28800085
288000a4
288000a6
5c038df0
1449b46d
029df1ad
14001a0c
0280018c
1400000f
0280ddef
2980018d
02801184
02bfe185
29800084
298000a5
2a000590
28800085
288000a4
288000a6
5c034df0
153db44d
02a8c1ad
14001a0c
0280018c
1400000f
028069ef
2980018d
02801184
02bfe185
29800084
298000a5
2a000590
28800085
288000a4
288000a6
5c030df0
143cee6d
0283f9ad
14001a0c
0280018c
1400000f
0283f9ef
2980018d
02801184
02bfe185
29800084
298000a5
2a000190
28800085
288000a4
288000a6
5c02cdf0
14959fcd
02ba81ad
14001a0c
0280018c
1400000f
028379ef
2980018d
02801184
02bfe185
29800084
298000a5
2a000590
28800085
288000a4
288000a6
5c028df0
15096e0d
028425ad
14001a0c
0280018c
1400000f
028211ef
2980018d
02801184
02bfe185
29800084
298000a5
2a000d90
28800085
288000a4
288000a6
5c024df0
1559d3ed
029e51ad
14001a0c
0280018c
1400000f
028251ef
2980018d
02801184
02bfe185
29800084
298000a5
2a000190
28800085
288000a4
288000a6
5c020df0
14c1476d
029b61ad
14001a0c
0280018c
1400000f
0282d9ef
2980018d
02801184
02bfe185
29800084
298000a5
2a000590
28800085
288000a4
288000a6
5c01cdf0
152a9d6d
0297b9ad
14001a0c
0280018c
1400000f
0282d5ef
2980018d
02801184
02bfe185
29800084
298000a5
2a000590
28800085
288000a4
288000a6
5c018df0
152bffad
02be01ad
14001a0c
0280018c
1400000f
028255ef
2980018d
02801184
02bfe185
29800084
298000a5
2a000d90
28800085
288000a4
288000a6
5c014df0
15c41e0d
02b901ad
14001a0c
0280018c
1400000f
028101ef
2980018d
02801184
02bfe185
29800084
298000a5
2a000190
28800085
288000a4
288000a6
5c010df0
1504dc2d
02b101ad
14001a0c
0280018c
1400000f
028209ef
2980018d
02801184
02bfe185
29800084
298000a5
2a000d90
28800085
288000a4
288000a6
5c00cdf0
1478fe6d
029e59ad
14001a0c
0280018c
1400000f
0280f1ef
2980018d
02801184
02bfe185
29800084
298000a5
2a000d90
28800085
288000a4
288000a6
5c008df0
15b05a8d
029261ad
14001a0c
0280018c
1400000f
0280b5ef
2980018d
02801184
02bfe185
29800084
298000a5
2a000990
28800085
288000a4
288000a6
5c004df0
1400000d
028001ad
14001a0c
0280018c
1400000f
028001ef
2980018d
02801184
02bfe185
29800084
298000a5
2a000190
28800085
288000a4
288000a6
5c000df0
5c000b20
0280075a
0040e2ed
001569ac
2980030c
4c000020
028006f7
00150019
158bc20d
02b401ad
14001a4c
02b7f18c
1400018f
029781ef
2995718d
02801184
02bfe185
29957084
299570a5
2a557990
28957085
289570a4
289570a6
5c1b4df0
144b0e0d
029ec9ad
14001b8c
02b6318c
1400000f
029ec9ef
29b0d18d
02801184
02bfe185
29b0d084
29b0d0a5
2a70d190
28b0d085
28b0d0a4
28b0d0a6
5c1b0df0
144c754d
02821dad
14001aec
02a4818c
1400004f
0298e9ef
2990618d
02801184
02bfe185
29906084
299060a5
2a506990
28906085
289060a4
289060a6
5c1acdf0
156bc24d
02ac69ad
14001a8c
02a9b18c
1400004f
02ac69ef
2985918d
02801184
02bfe185
29859084
298590a5
2a459190
28859085
288590a4
288590a6
5c1a8df0
1592e5ed
029d91ad
14001a2c
0292818c
140001ef
029d91ef
298b318d
02801184
02bfe185
298b3084
298b30a5
2a4b3190
288b3085
288b30a4
288b30a6
5c1a4df0
153990ad
02b661ad
14001a0c
0285818c
140000af
02b661ef
2989a18d
02801184
02bfe185
2989a084
2989a0a5
2a49a190
2889a085
2889a0a4
2889a0a6
5c1a0df0
14ebc62d
028f41ad
14001b4c
02a4f18c
1400002f
028f41ef
2995b18d
02801184
02bfe185
2995b084
2995b0a5
2a55b190
2895b085
2895b0a4
2895b0a6
5c19cdf0
14da33cd
0284f9ad
14001b8c
02a5a18c
140000ef
02b465ef
2997718d
02801184
02bfe185
29977084
299770a5
2a577990
28977085
289770a4
289770a6
5c198df0
14943e0d
02b1b1ad
14001acc
02a8218c
1400020f
02b1b1ef
298bc18d
02801184
02bfe185
298bc084
298bc0a5
2a4bc190
288bc085
288bc0a4
288bc0a6
5c194df0
1465c64d
028701ad
14001a8c
0287518c
1400004f
028701ef
29a1118d
02801184
02bfe185
29a11084
29a110a5
2a611190
28a11085
28a110a4
28a110a6
5c190df0
14f2f00d
02a971ad
14001aac
02b8e18c
1400020f
02a971ef
298e018d
02801184
02bfe185
298e0084
298e00a5
2a4e0190
288e0085
288e00a4
288e00a6
5c18cdf0
148620ed
02b001ad
14001b0c
02afe18c
1400008f
028c41ef
29a3218d
02801184
02bfe185
29a32084
29a320a5
2a632990
28a32085
28a320a4
28a320a6
5c188df0
148757ad
028401ad
14001aec
029c618c
1400008f
028eadef
29b3518d
02801184
02bfe185
29b35084
29b350a5
2a735990
28b35085
28b350a4
28b350a6
5c184df0
15bb1b6d
02bf01ad
14001acc
029b018c
1400016f
02bf01ef
29ac218d
02801184
02bfe185
29ac2084
29ac20a5
2a6c2190
28ac2085
28ac20a4
28ac20a6
5c180df0
148dbf4d
028579ad
14001a2c
02a1b18c
1400014f
028579ef
2988818d
02801184
02bfe185
29888084
298880a5
2a488190
28888085
288880a4
288880a6
5c17cdf0
14b2502d
028301ad
14001a2c
0290e18c
1400002f
028301ef
2985e18d
02801184
02bfe185
2985e084
2985e0a5
2a45e190
2885e085
2885e0a4
2885e0a6
5c178df0
1571e9ed
028911ad
14001a6c
0283418c
140001ef
028911ef
29a5118d
02801184
02bfe185
29a51084
29a510a5
2a651190
28a51085
28a510a4
28a510a6
5c174df0
15464c0d
029781ad
14001aec
02b1118c
1400000f
029781ef
29aa218d
02801184
02bfe185
29aa2084
29aa20a5
2a6a2190
28aa2085
28aa20a4
28aa20a6
5c170df0
14c8958d
02a101ad
14001a0c
0288018c
140000cf
029129ef
29afb18d
02801184
02bfe185
29afb084
29afb0a5
2a6fb990
28afb085
28afb0a4
28afb0a6
5c16cdf0
15936b6d
02a841ad
14001aec
02ac218c
1400016f
02a841ef
2988018d
02801184
02bfe185
29880084
298800a5
2a480190
28880085
288800a4
288800a6
5c168df0
152f7bed
02a559ad
14001aac
0285818c
140001ef
02a559ef
29a7418d
02801184
02bfe185
29a74084
29a740a5
2a674190
28a74085
28a740a4
28a740a6
5c164df0
15122b6d
02b3a9ad
14001a0c
0288418c
1400012f
02a455ef
29a8b18d
02801184
02bfe185
29a8b084
29a8b0a5
2a68b990
28a8b085
28a8b0a4
28a8b0a6
5c160df0
14f2a56d
02a061ad
14001a6c
0297518c
1400010f
02a549ef
298e718d
02801184
02bfe185
298e7084
298e70a5
2a4e7990
288e7085
288e70a4
288e70a6
5c15cdf0
148afe2d
02b4f5ad
14001acc
0281118c
1400002f
02b4f5ef
29a7818d
02801184
02bfe185
29a78084
29a780a5
2a678190
28a78085
28a780a4
28a780a6
5c158df0
150347ed
029601ad
14001aec
0296218c
140001ef
029601ef
29aad18d
02801184
02bfe185
29aad084
29aad0a5
2a6ad190
28aad085
28aad0a4
28aad0a6
5c154df0
15d3fbcd
028e51ad
14001a4c
02a1c18c
140001ef
02a7f5ef
29a5418d
02801184
02bfe185
29a54084
29a540a5
2a654990
28a54085
28a540a4
28a540a6
5c150df0
1577f18d
02be81ad
14001a6c
02b2718c
1400018f
02afe1ef
299b618d
02801184
02bfe185
299b6084
299b60a5
2a5b6990
289b6085
289b60a4
289b60a6
5c14cdf0
143b652d
02a801ad
14001b6c
02b9818c
1400004f
02b6c9ef
299fa18d
02801184
02bfe185
299fa084
299fa0a5
2a5fa990
289fa085
289fa0a4
289fa0a6
5c148df0
14bad62d
02b9f1ad
14001a2c
02b1218c
140000cf
02b5adef
299ef18d
02801184
02bfe185
299ef084
299ef0a5
2a5ef990
289ef085
289ef0a4
289ef0a6
5c144df0
14affd2d
02a501ad
14001a4c
0280c18c
1400012f
02a501ef
299dc18d
02801184
02bfe185
299dc084
299dc0a5
2a5dc190
289dc085
289dc0a4
289dc0a6
5c140df0
1500060d
029181ad
14001a6c
02a1e18c
1400010f
02800def
29ae418d
02801184
02bfe185
29ae4084
29ae40a5
2a6e4990
28ae4085
28ae40a4
28ae40a6
5c13cdf0
153a22ad
0296e1ad
14001a8c
028cb18c
140000af
0296e1ef
29b6a18d
02801184
02bfe185
29b6a084
29b6a0a5
2a76a190
28b6a085
28b6a0a4
28b6a0a6
5c138df0
15275e6d
02b929ad
14001a8c
0291318c
1400012f
028ebdef
29ade18d
02801184
02bfe185
29ade084
29ade0a5
2a6de990
28ade085
28ade0a4
28ade0a6
5c134df0
14c9d26d
0290e1ad
14001a0c
0280018c
140000cf
0293a5ef
29bc718d
02801184
02bfe185
29bc7084
29bc70a5
2a7c7990
28bc7085
28bc70a4
28bc70a6
5c130df0
150abc4d
029599ad
14001a0c
0280018c
1400010f
029579ef
298dc18d
02801184
02bfe185
298dc084
298dc0a5
2a4dc990
288dc085
288dc0a4
288dc0a6
5c12cdf0
14d1d1ed
028881ad
14001a0c
0280018c
140001ef
028881ef
2981818d
02801184
02bfe185
29818084
298180a5
2a418190
28818085
288180a4
288180a6
5c128df0
142ab6ed
02b9e1ad
14001a0c
0280018c
140000ef
02b9e1ef
29b6a18d
02801184
02bfe185
29b6a084
29b6a0a5
2a76a190
28b6a085
28b6a0a4
28b6a0a6
5c124df0
15c2e3cd
0288e1ad
14001a0c
0280018c
140001cf
0285c5ef
298a418d
02801184
02bfe185
298a4084
298a40a5
2a4a4990
288a4085
288a40a4
288a40a6
5c120df0
145b03ed
02bc41ad
14001a0c
0280018c
140001ef
02bc41ef
2989818d
02801184
02bfe185
29898084
298980a5
2a498190
28898085
288980a4
288980a6
5c11cdf0
1430488d
02b5d1ad
14001a0c
0280018c
1400008f
02b5d1ef
29a6218d
02801184
02bfe185
29a62084
29a620a5
2a662190
28a62085
28a620a4
28a620a6
5c118df0
15b34a8d
02aa01ad
14001a0c
0280018c
140001cf
02a695ef
29a1918d
02801184
02bfe185
29a19084
29a190a5
2a619990
28a19085
28a190a4
28a190a6
5c114df0
14ac19cd
028be1ad
14001a0c
0280018c
140000af
029831ef
29bb018d
02801184
02bfe185
29bb0084
29bb00a5
2a7b0990
28bb0085
28bb00a4
28bb00a6
5c110df0
14beb90d
02a215ad
14001a0c
0280018c
1400010f
02a215ef
2981018d
02801184
02bfe185
29810084
298100a5
2a410190
28810085
288100a4
288100a6
5c10cdf0
1489214d
029359ad
14001a0c
0280018c
1400014f
029359ef
299f718d
02801184
02bfe185
299f7084
299f70a5
2a5f7190
289f7085
289f70a4
289f70a6
5c108df0
146ee7cd
028981ad
14001a0c
0280018c
1400006f
029dcdef
299eb18d
02801184
02bfe185
299eb084
299eb0a5
2a5eb990
289eb085
289eb0a4
289eb0a6
5c104df0
158060cd
0298f1ad
14001a0c
0280018c
140000cf
0298f1ef
299f018d
02801184
02bfe185
299f0084
299f00a5
2a5f0190
289f0085
289f00a4
289f00a6
5c100df0
1435c68d
02bac1ad
14001a0c
0280018c
1400008f
02bac1ef
29ab618d
02801184
02bfe185
29ab6084
29ab60a5
2a6b6190
28ab6085
28ab60a4
28ab60a6
5c0fcdf0
15316c8d
0291a9ad
14001a0c
0280018c
1400008f
0291a9ef
29a9518d
02801184
02bfe185
29a95084
29a950a5
2a695190
28a95085
28a950a4
28a950a6
5c0f8df0
14e2812d
02b695ad
14001a0c
0280018c
140000ef
028501ef
2995418d
02801184
02bfe185
29954084
299540a5
2a554990
28954085
289540a4
289540a6
5c0f4df0
15eee1cd
028231ad
14001a0c
0280018c
140001cf
028231ef
29bd718d
02801184
02bfe185
29bd7084
29bd70a5
2a7d7190
28bd7085
28bd70a4
28bd70a6
5c0f0df0
150bb36d
02be11ad
14001a0c
0280018c
1400010f
029765ef
29a3b18d
02801184
02bfe185
29a3b084
29a3b0a5
2a63b990
28a3b085
28a3b0a4
28a3b0a6
5c0ecdf0
14d8ea2d
029881ad
14001a0c
0280018c
1400002f
029881ef
2995018d
02801184
02bfe185
29950084
299500a5
2a550190
28950085
289500a4
289500a6
5c0e8df0
147dcfed
02beb1ad
14001a0c
0280018c
140001ef
02beb1ef
29bc818d
02801184
02bfe185
29bc8084
29bc80a5
2a7c8190
28bc8085
28bc80a4
28bc80a6
5c0e4df0
149ff28d
0292d5ad
14001a0c
0280018c
140000af
02bfe5ef
299cf18d
02801184
02bfe185
299cf084
299cf0a5
2a5cf990
289cf085
289cf0a4
289cf0a6
5c0e0df0
142fe74d
029381ad
14001a0c
0280018c
1400014f
029381ef
29b3f18d
02801184
02bfe185
29b3f084
29b3f0a5
2a73f190
28b3f085
28b3f0a4
28b3f0a6
5c0dcdf0
15feea2d
029381ad
14001a0c
0280018c
1400020f
02bdd5ef
2991818d
02801184
02bfe185
29918084
299180a5
2a518990
28918085
289180a4
289180a6
5c0d8df0
1468748d
02bf41ad
14001a0c
0280018c
1400008f
02bf41ef
29ac018d
02801184
02bfe185
29ac0084
29ac00a5
2a6c0190
28ac0085
28ac00a4
28ac00a6
5c0d4df0
15bbd0ad
02a641ad
14001a0c
0280018c
140001cf
02b7a1ef
29b3518d
02801184
02bfe185
29b35084
29b350a5
2a735990
28b35085
28b350a4
28b350a6
5c0d0df0
14c7d5cd
0286d1ad
14001a0c
0280018c
140001cf
0286d1ef
29b0718d
02801184
02bfe185
29b07084
29b070a5
2a707190
28b07085
28b070a4
28b070a6
5c0ccdf0
1571326d
029eb1ad
14001a0c
0280018c
1400006f
029eb1ef
29bca18d
02801184
02bfe185
29bca084
29bca0a5
2a7ca190
28bca085
28bca0a4
28bca0a6
5c0c8df0
14b625ad
029641ad
14001a0c
0280018c
140000cf
02ac49ef
299b318d
02801184
02bfe185
299b3084
299b30a5
2a5b3990
289b3085
289b30a4
289b30a6
5c0c4df0
15248d4d
02b361ad
14001a0c
0280018c
1400014f
02b361ef
29b7818d
02801184
02bfe185
29b78084
29b780a5
2a778190
28b78085
28b780a4
28b780a6
5c0c0df0
15f3e2ad
029ed1ad
14001a0c
0280018c
1400020f
02a7c5ef
2989b18d
02801184
02bfe185
2989b084
2989b0a5
2a49b990
2889b085
2889b0a4
2889b0a6
5c0bcdf0
151de48d
0299c1ad
14001a0c
0280018c
1400008f
0299c1ef
298b118d
02801184
02bfe185
298b1084
298b10a5
2a4b1190
288b1085
288b10a4
288b10a6
5c0b8df0
15a43bcd
02a351ad
14001a0c
0280018c
140001cf
02a351ef
29b9b18d
02801184
02bfe185
29b9b084
29b9b0a5
2a79b190
28b9b085
28b9b0a4
28b9b0a6
5c0b4df0
149502ed
028121ad
14001a0c
0280018c
140000ef
028121ef
29b6818d
02801184
02bfe185
29b68084
29b680a5
2a768190
28b68085
28b680a4
28b680a6
5c0b0df0
158e490d
02934dad
14001a0c
0280018c
1400010f
02934def
2984a18d
02801184
02bfe185
2984a084
2984a0a5
2a44a190
2884a085
2884a0a4
2884a0a6
5c0acdf0
1478d3cd
02bce1ad
14001a0c
0280018c
1400008f
02b1a5ef
2986a18d
02801184
02bfe185
2986a084
2986a0a5
2a46a990
2886a085
2886a0a4
2886a0a6
5c0a8df0
1481764d
02b481ad
14001a0c
0280018c
1400004f
02b481ef
29b6218d
02801184
02bfe185
29b62084
29b620a5
2a762190
28b62085
28b620a4
28b620a6
5c0a4df0
14dfa0ed
029fa1ad
14001a0c
0280018c
140000ef
02bf41ef
29bbc18d
02801184
02bfe185
29bbc084
29bbc0a5
2a7bc990
28bbc085
28bbc0a4
28bbc0a6
5c0a0df0
1460cacd
02a001ad
14001a0c
0280018c
1400006f
028195ef
29b3d18d
02801184
02bfe185
29b3d084
29b3d0a5
2a73d990
28b3d085
28b3d0a4
28b3d0a6
5c09cdf0
154db5ad
029729ad
14001a0c
0280018c
140001af
029729ef
29aee18d
02801184
02bfe185
29aee084
29aee0a5
2a6ee190
28aee085
28aee0a4
28aee0a6
5c098df0
141d540d
029001ad
14001a0c
0280018c
1400000f
029001ef
2989418d
02801184
02bfe185
29894084
298940a5
2a494190
28894085
288940a4
288940a6
5c094df0
15d5e90d
02a0e1ad
14001a0c
0280018c
1400010f
02a0e1ef
29b4c18d
02801184
02bfe185
29b4c084
29b4c0a5
2a74c190
28b4c085
28b4c0a4
28b4c0a6
5c090df0
153ec30d
02aae1ad
14001a0c
0280018c
1400010f
02aae1ef
2980018d
02801184
02bfe185
29800084
298000a5
2a400190
28800085
288000a4
288000a6
5c08cdf0
149a05ed
02b149ad
14001a0c
0280018c
140000af
02b409ef
2980018d
02801184
02bfe185
29800084
298000a5
2a400990
28800085
288000a4
288000a6
5c088df0
15f35f8d
028081ad
14001a0c
0280018c
1400020f
02a6bdef
2980018d
02801184
02bfe185
29800084
298000a5
2a400990
28800085
288000a4
288000a6
5c084df0
15bf93ed
029341ad
14001a0c
0280018c
140001cf
02bf25ef
2980018d
02801184
02bfe185
29800084
298000a5
2a400990
28800085
288000a4
288000a6
5c080df0
14bb24ad
029c31ad
14001a0c
0280018c
140000af
029c31ef
2980018d
02801184
02bfe185
29800084
298000a5
2a400190
28800085
288000a4
288000a6
5c07cdf0
1568a16d
029001ad
14001a0c
0280018c
1400016f
029141ef
2980018d
02801184
02bfe185
29800084
298000a5
2a400990
28800085
288000a4
288000a6
5c078df0
152bfb8d
029c01ad
14001a0c
0280018c
1400018f
029c01ef
2980018d
02801184
02bfe185
29800084
298000a5
2a400190
28800085
288000a4
288000a6
5c074df0
1426c9ed
02b281ad
14001a0c
0280018c
1400002f
028d91ef
2980018d
02801184
02bfe185
29800084
298000a5
2a400990
28800085
288000a4
288000a6
5c070df0
15440e2d
02a3bdad
14001a0c
0280018c
1400014f
02881def
2980018d
02801184
02bfe185
29800084
298000a5
2a400990
28800085
288000a4
288000a6
5c06cdf0
14053b0d
02bfc1ad
14001a0c
0280018c
1400000f
028a75ef
2980018d
02801184
02bfe185
29800084
298000a5
2a400990
28800085
288000a4
288000a6
5c068df0
158a276d
02be49ad
14001a0c
0280018c
1400018f
02944def
2980018d
02801184
02bfe185
29800084
298000a5
2a400990
28800085
288000a4
288000a6
5c064df0
142fb18d
02b989ad
14001a0c
0280018c
1400018f
02b989ef
2980018d
02801184
02bfe185
29800084
298000a5
2a400190
28800085
288000a4
288000a6
5c060df0
15798bad
02ac91ad
14001a0c
0280018c
1400018f
02b315ef
2980018d
02801184
02bfe185
29800084
298000a5
2a400990
28800085
288000a4
288000a6
5c05cdf0
1489cbad
02b9d1ad
14001a0c
0280018c
140001af
02b9d1ef
2980018d
02801184
02bfe185
29800084
298000a5
2a400190
28800085
288000a4
288000a6
5c058df0
150e1ecd
02a441ad
14001a0c
0280018c
140000cf
02a441ef
2980018d
02801184
02bfe185
29800084
298000a5
2a400190
28800085
288000a4
288000a6
5c054df0
1546458d
028401ad
14001a0c
0280018c
1400014f
028c89ef
2980018d
02801184
02bfe185
29800084
298000a5
2a400990
28800085
288000a4
288000a6
5c050df0
15cc904d
02a7c1ad
14001a0c
0280018c
140001cf
029921ef
2980018d
02801184
02bfe185
29800084
298000a5
2a400990
28800085
288000a4
288000a6
5c04cdf0
157b084d
029f01ad
14001a0c
0280018c
1400004f
029f01ef
2980018d
02801184
02bfe185
29800084
298000a5
2a400190
28800085
288000a4
288000a6
5c048df0
158a270d
02b921ad
14001a0c
0280018c
1400018f
02944def
2980018d
02801184
02bfe185
29800084
298000a5
2a400990
28800085
288000a4
288000a6
5c044df0
14bb300d
029301ad
14001a0c
0280018c
140000cf
02b661ef
2980018d
02801184
02bfe185
29800084
298000a5
2a400990
28800085
288000a4
288000a6
5c040df0
15e0994d
0296a1ad
14001a0c
0280018c
1400014f
0296a1ef
2980018d
02801184
02bfe185
29800084
298000a5
2a400190
28800085
288000a4
288000a6
5c03cdf0
157d382d
02a901ad
14001a0c
0280018c
1400002f
02a901ef
2980018d
02801184
02bfe185
29800084
298000a5
2a400190
28800085
288000a4
288000a6
5c038df0
1433312d
029dc1ad
14001a0c
0280018c
1400004f
02a661ef
2980018d
02801184
02bfe185
29800084
298000a5
2a400990
28800085
288000a4
288000a6
5c034df0
15531cad
02b991ad
14001a0c
0280018c
1400016f
02a639ef
2980018d
02801184
02bfe185
29800084
298000a5
2a400990
28800085
288000a4
288000a6
5c030df0
157bc86d
02a901ad
14001a0c
0280018c
1400006f
02a901ef
2980018d
02801184
02bfe185
29800084
298000a5
2a400190
28800085
288000a4
288000a6
5c02cdf0
156d448d
028d01ad
14001a0c
0280018c
1400016f
029a89ef
2980018d
02801184
02bfe185
29800084
298000a5
2a400990
28800085
288000a4
288000a6
5c028df0
155b9eed
028791ad
14001a0c
0280018c
140000ef
028791ef
2980018d
02801184
02bfe185
29800084
298000a5
2a400190
28800085
288000a4
288000a6
5c024df0
1486c54d
028419ad
14001a0c
0280018c
1400008f
028d89ef
2980018d
02801184
02bfe185
29800084
298000a5
2a400990
28800085
288000a4
288000a6
5c020df0
1485ef0d
02b7b9ad
14001a0c
0280018c
1400008f
028bddef
2980018d
02801184
02bfe185
29800084
298000a5
2a400990
28800085
288000a4
288000a6
5c01cdf0
151bdf2d
029b41ad
14001a0c
0280018c
1400012f
029b41ef
2980018d
02801184
02bfe185
29800084
298000a5
2a400190
28800085
288000a4
288000a6
5c018df0
159e106d
028401ad
14001a0c
0280018c
140001af
02bc21ef
2980018d
02801184
02bfe185
29800084
298000a5
2a400990
28800085
288000a4
288000a6
5c014df0
1559d0ad
02abc1ad
14001a0c
0280018c
140000af
02abc1ef
2980018d
02801184
02bfe185
29800084
298000a5
2a400190
28800085
288000a4
288000a6
5c010df0
158ba3ad
029541ad
14001a0c
0280018c
1400018f
029745ef
2980018d
02801184
02bfe185
29800084
298000a5
2a400990
28800085
288000a4
288000a6
5c00cdf0
15f5bc4d
02b201ad
14001a0c
0280018c
1400004f
02b201ef
2980018d
02801184
02bfe185
29800084
298000a5
2a400190
28800085
288000a4
288000a6
5c008df0
144af26d
028431ad
14001a0c
0280018c
1400004f
0295e5ef
2980018d
02801184
02bfe185
29800084
298000a5
2a400990
28800085
288000a4
288000a6
5c004df0
1400000d
028001ad
14001a0c
0280018c
1400000f
028001ef
2980018d
02801184
02bfe185
29800084
298000a5
2a400190
28800085
288000a4
288000a6
5c000df0
5c000b20
0280075a
0040e2ed
001569ac
2980030c
4c000020
028006f7
00150019
1569e02e
02a4c1ce
14f2ab8d
029029ad
14001a2c
029bb18c
1569e02f
02a429ef
2987b18e
2907b18d
02801184
02bff185
2987b084
2987b0a5
2887b190
2887b0a4
2887b085
2887b0a6
5c214df0
1432866e
028729ce
148ecb0d
02b819ad
14001aac
0281a18c
1432866f
028419ef
29a1a18e
2921a18d
02801184
02bff185
29a1a084
29a1a0a5
28a1a190
28a1a0a4
28a1a085
28a1a0a6
5c2101f0
153df60e
02b2a1ce
144a8ead
02afc1ad
14001b4c
02bc818c
153de20f
02b2a1ef
2999818e
2919898d
02801184
02bff185
29998084
299980a5
28998190
289980a4
28998085
289980a6
5c20b5f0
152c91ee
02b111ce
144a2ccd
02b119ad
14001b2c
0292918c
152c91ef
02b119ef
2987f18e
2907f18d
02801184
02bff185
2987f084
2987f0a5
2887f190
2887f0a4
2887f085
2887f0a6
5c2069f0
1592792e
02b41dce
14c0e08d
029ed1ad
14001c0c
02a3c18c
1568792f
02b41def
2983e18e
2903ed8d
02801184
02bff185
2983e084
2983e0a5
2883e190
2883e0a4
2883e085
2883e0a6
5c201df0
1454318e
02be19ce
1467d2ad
02a9f1ad
14001aac
0292d18c
1454318f
02bdf1ef
2988418e
2908418d
02801184
02bff185
29884084
298840a5
28884190
288840a4
28884085
288840a6
5c1fd1f0
1485078e
02b7f1ce
1490a4ad
02b661ad
14001aac
02b0818c
1485318f
02b7f1ef
29b1518e
2931598d
02801184
02bff185
29b15084
29b150a5
28b15190
28b150a4
28b15085
28b150a6
5c1f85f0
15f2a18e
02b981ce
1426552d
028e0dad
14001acc
02ac418c
15f2a18f
02ba0def
29b2a18e
2932a18d
02801184
02bff185
29b2a084
29b2a0a5
28b2a190
28b2a0a4
28b2a085
28b2a0a6
5c1f39f0
14e246ee
02a38dce
154d512d
02ac81ad
14001b4c
02b6c18c
14e246ef
02a081ef
29a5c18e
2925c18d
02801184
02bff185
29a5c084
29a5c0a5
28a5c190
28a5c0a4
28a5c085
28a5c0a6
5c1eedf0
15a3616e
02ad81ce
1467088d
0298bdad
14001b4c
0290818c
15a3616f
02acbdef
2995818e
2915818d
02801184
02bff185
29958084
299580a5
28958190
289580a4
28958085
289580a6
5c1ea1f0
140da56e
0294c5ce
1412784d
028601ad
14001aec
02bc818c
140d016f
0294c5ef
299f718e
291f798d
02801184
02bff185
299f7084
299f70a5
289f7190
289f70a4
289f7085
289f70a6
5c1e55f0
1578bd0e
0289c1ce
1592fe8d
029c59ad
14001a4c
02b0f18c
15782d0f
0289c1ef
298b918e
290b998d
02801184
02bff185
298b9084
298b90a5
288b9190
288b90a4
288b9085
288b90a6
5c1e09f0
14cea8ae
02be21ce
149bc2ed
02a5c1ad
14001a0c
029dc18c
14cea8ef
028221ef
2995c18e
2915c58d
02801184
02bff185
2995c084
2995c0a5
2895c190
2895c0a4
2895c085
2895c0a6
5c1dbdf0
153522ce
028fc1ce
1424086d
029de1ad
14001b2c
029c618c
1535230f
02a3c1ef
2984818e
2904858d
02801184
02bff185
29848084
298480a5
28848190
288480a4
28848085
288480a6
5c1d71f0
15d34e6e
029b41ce
1404c80d
028d81ad
14001a4c
02b8918c
15d34e6f
029981ef
29bca18e
293ca18d
02801184
02bff185
29bca084
29bca0a5
28bca190
28bca0a4
28bca085
28bca0a6
5c1d25f0
15d7e38e
028481ce
14479fed
02b441ad
14001bac
028d018c
15d7e38f
028441ef
29b7918e
2937918d
02801184
02bff185
29b79084
29b790a5
28b79190
28b790a4
28b79085
28b790a6
5c1cd9f0
14b0a92e
028cd1ce
1436aaed
029101ad
14001aac
029bc18c
14b0812f
028cd1ef
298c218e
290c298d
02801184
02bff185
298c2084
298c20a5
288c2190
288c20a4
288c2085
288c20a6
5c1c8df0
14143e8e
02a835ce
152e0bad
02a061ad
14001b0c
029a718c
1414308f
02a835ef
29a5f18e
2925f98d
02801184
02bff185
29a5f084
29a5f0a5
28a5f190
28a5f0a4
28a5f085
28a5f0a6
5c1c41f0
158a8bee
02ac41ce
15c4dfad
028371ad
14001bac
0292818c
158a8bef
02af71ef
2987d18e
2907d18d
02801184
02bff185
2987d084
2987d0a5
2887d190
2887d0a4
2887d085
2887d0a6
5c1bf5f0
14492b6e
02a0b1ce
1456db4d
02b731ad
14001aac
0299518c
15992b6f
02a0b1ef
299ab18e
291abd8d
02801184
02bff185
299ab084
299ab0a5
289ab190
289ab0a4
289ab085
289ab0a6
5c1ba9f0
15a2aa4e
029b31ce
14e50a4d
029701ad
14001a4c
0294e18c
15a2aa4f
029b01ef
29b4118e
2934118d
02801184
02bff185
29b41084
29b410a5
28b41190
28b410a4
28b41085
28b410a6
5c1b5df0
14932aae
028879ce
141381cd
02b51dad
14001a4c
0290018c
14932a8f
029c79ef
29b4f18e
2934f58d
02801184
02bff185
29b4f084
29b4f0a5
28b4f190
28b4f0a4
28b4f085
28b4f0a6
5c1b11f0
15cd1f4e
028f2dce
156fb96d
029f79ad
14001aac
028c918c
15cd1f4f
028f79ef
2996a18e
2916a18d
02801184
02bff185
2996a084
2996a0a5
2896a190
2896a0a4
2896a085
2896a0a6
5c1ac5f0
1543aa2e
02a3a1ce
15fa510d
028a91ad
14001b8c
02ada18c
1543aa2f
02a291ef
29b4618e
2934618d
02801184
02bff185
29b46084
29b460a5
28b46190
28b460a4
28b46085
28b460a6
5c1a79f0
1432a2ce
02af65ce
15abf90d
029881ad
14001a6c
02ac818c
1440a2cf
02af65ef
299e518e
291e5d8d
02801184
02bff185
299e5084
299e50a5
289e5190
289e50a4
289e5085
289e50a6
5c1a2df0
14863e6e
029af1ce
151bc60d
028cf5ad
14001b0c
028f518c
14863e6f
0298f5ef
29b4318e
2934318d
02801184
02bff185
29b43084
29b430a5
28b43190
28b430a4
28b43085
28b430a6
5c19e1f0
1464654e
02b699ce
147d706d
028531ad
14001bcc
028ea18c
146464af
02b299ef
29ab918e
292b958d
02801184
02bff185
29ab9084
29ab90a5
28ab9190
28ab90a4
28ab9085
28ab90a6
5c1995f0
1582598e
028f31ce
1596dd6d
02a401ad
14001a8c
0295418c
1582018f
028f31ef
299a918e
291a998d
02801184
02bff185
299a9084
299a90a5
289a9190
289a90a4
289a9085
289a90a6
5c1949f0
1498920e
02bdc1ce
15d3ffed
02beadad
14001b0c
028ad18c
1498920f
02beadef
2987d18e
2907d18d
02801184
02bff185
2987d084
2987d0a5
2887d190
2887d0a4
2887d085
2887d0a6
5c18fdf0
152200ce
0285a1ce
141796ed
028461ad
14001aac
02bf718c
152200cf
028461ef
29bc318e
293c318d
02801184
02bff185
29bc3084
29bc30a5
28bc3190
28bc30a4
28bc3085
28bc30a6
5c18b1f0
151fce8e
02a689ce
14fa94ed
02aed9ad
14001acc
028d718c
151f6c8f
02a689ef
29adf18e
292df98d
02801184
02bff185
29adf084
29adf0a5
28adf190
28adf0a4
28adf085
28adf0a6
5c1865f0
1497c2ce
02b351ce
15fe904d
02a081ad
14001bcc
02a7a18c
1497c2cf
02b081ef
299ba18e
291ba18d
02801184
02bff185
299ba084
299ba0a5
289ba190
289ba0a4
289ba085
289ba0a6
5c1819f0
155709ee
02bcd9ce
14453f4d
028db1ad
14001a2c
02bdc18c
155709ef
02bdb1ef
29b1418e
2931418d
02801184
02bff185
29b14084
29b140a5
28b14190
28b140a4
28b14085
28b140a6
5c17cdf0
1415686e
0283c1ce
1538c0ad
028501ad
14001a4c
02aed18c
1415686f
028101ef
29b1518e
2931518d
02801184
02bff185
29b15084
29b150a5
28b15190
28b150a4
28b15085
28b150a6
5c1781f0
1593be8e
02b441ce
1452866d
029f11ad
14001a8c
02a8a18c
1593888f
02b441ef
2994c18e
2914c98d
02801184
02bff185
2994c084
2994c0a5
2894c190
2894c0a4
2894c085
2894c0a6
5c1735f0
151ce36e
0286f1ce
14a8e3ad
029589ad
14001a8c
02a0f18c
151cc56f
0286f1ef
2989c18e
2909c98d
02801184
02bff185
2989c084
2989c0a5
2889c190
2889c0a4
2889c085
2889c0a6
5c16e9f0
140755ce
029581ce
1433d4ed
02b641ad
14001a0c
0280018c
152155cf
029581ef
299ea18e
291ead8d
02801184
02bff185
299ea084
299ea0a5
289ea190
289ea0a4
289ea085
289ea0a6
5c169df0
1493070e
02a101ce
145414ed
028471ad
14001a0c
0280018c
1493070f
02a071ef
29a9018e
2929018d
02801184
02bff185
29a90084
29a900a5
28a90190
28a900a4
28a90085
28a900a6
5c1651f0
150a102e
028ebdce
14dd31ed
02b901ad
14001a0c
0280018c
150a802f
028ebdef
29a5a18e
2925a98d
02801184
02bff185
29a5a084
29a5a0a5
28a5a190
28a5a0a4
28a5a085
28a5a0a6
5c1605f0
151603ee
028321ce
1492142d
02be41ad
14001a0c
0280018c
152003ef
028321ef
2996918e
29169d8d
02801184
02bff185
29969084
299690a5
28969190
289690a4
28969085
289690a6
5c15b9f0
14aa7ece
02b191ce
1440254d
02a481ad
14001a0c
0280018c
14aa7ecf
02b081ef
298c318e
290c318d
02801184
02bff185
298c3084
298c30a5
288c3190
288c30a4
288c3085
288c30a6
5c156df0
159ee36e
0284c1ce
153614ad
02b971ad
14001a0c
0280018c
159eb96f
0284c1ef
29ac018e
292c098d
02801184
02bff185
29ac0084
29ac00a5
28ac0190
28ac00a4
28ac0085
28ac00a6
5c1521f0
15bf932e
02b461ce
15ec9bed
02bbf1ad
14001a0c
0280018c
15bf932f
02b7f1ef
2985418e
2905418d
02801184
02bff185
29854084
298540a5
28854190
288540a4
28854085
288540a6
5c14d5f0
14bf254e
0292f5ce
14a7570d
02a631ad
14001a0c
0280018c
14bf194f
0292f5ef
29b9e18e
2939e98d
02801184
02bff185
29b9e084
29b9e0a5
28b9e190
28b9e0a4
28b9e085
28b9e0a6
5c1489f0
15176d4e
029dedce
15ef70cd
028501ad
14001a0c
0280018c
1516814f
029dedef
298dd18e
290dd98d
02801184
02bff185
298dd084
298dd0a5
288dd190
288dd0a4
288dd085
288dd0a6
5c143df0
1562194e
02b8d1ce
15679ced
02a991ad
14001a0c
0280018c
1562194f
02b991ef
29ad818e
292d818d
02801184
02bff185
29ad8084
29ad80a5
28ad8190
28ad80a4
28ad8085
28ad80a6
5c13f1f0
14d8f3ce
02b721ce
15b1e5ad
0283c1ad
14001a0c
0280018c
14d9e1cf
02b721ef
298d018e
290d098d
02801184
02bff185
298d0084
298d00a5
288d0190
288d00a4
288d0085
288d00a6
5c13a5f0
153fec6e
02b169ce
15b4b92d
0294a1ad
14001a0c
0280018c
153fec6f
02b0a1ef
29a4b18e
2924b18d
02801184
02bff185
29a4b084
29a4b0a5
28a4b190
28a4b0a4
28a4b085
28a4b0a6
5c1359f0
151a47ee
02bdedce
15c41dcd
029089ad
14001a0c
0280018c
151a45ef
02bdedef
29bc718e
293c798d
02801184
02bff185
29bc7084
29bc70a5
28bc7190
28bc70a4
28bc7085
28bc70a6
5c130df0
1404350e
028001ce
1557246d
02b039ad
14001a0c
0280018c
141c350f
028001ef
299a718e
291a7d8d
02801184
02bff185
299a7084
299a70a5
289a7190
289a70a4
289a7085
289a70a6
5c12c1f0
1456646e
0285a1ce
1569020d
028a01ad
14001a0c
0280018c
1457006f
0285a1ef
2992c18e
2912c98d
02801184
02bff185
2992c084
2992c0a5
2892c190
2892c0a4
2892c085
2892c0a6
5c1275f0
15f4152e
02b321ce
1435706d
028a19ad
14001a0c
0280018c
15f50d2f
02b321ef
29a8318e
2928398d
02801184
02bff185
29a83084
29a830a5
28a83190
28a830a4
28a83085
28a830a6
5c1229f0
15f746ae
029541ce
14bed9ed
028ac1ad
14001a0c
0280018c
15f746af
0296c1ef
29b1018e
2931018d
02801184
02bff185
29b10084
29b100a5
28b10190
28b100a4
28b10085
28b100a6
5c11ddf0
1599b82e
02a4c1ce
1441b9ad
02bfd1ad
14001a0c
0280018c
1599b82f
02a7d1ef
29aba18e
292ba18d
02801184
02bff185
29aba084
29aba0a5
28aba190
28aba0a4
28aba085
28aba0a6
5c1191f0
14a1dfce
0285e1ce
1401f1ad
02b9e9ad
14001a0c
0280018c
14a1dfcf
0285e9ef
29b9718e
2939718d
02801184
02bff185
29b97084
29b970a5
28b97190
28b970a4
28b97085
28b970a6
5c1145f0
159128ee
02ada1ce
143c3fad
02be01ad
14001a0c
0280018c
159128ef
02ae01ef
29b2b18e
2932b18d
02801184
02bff185
29b2b084
29b2b0a5
28b2b190
28b2b0a4
28b2b085
28b2b0a6
5c10f9f0
153c1e0e
02b399ce
14d6156d
0295e1ad
14001a0c
0280018c
153c1e0f
02b1e1ef
29b0618e
2930618d
02801184
02bff185
29b06084
29b060a5
28b06190
28b060a4
28b06085
28b060a6
5c10adf0
14ab666e
02b1e1ce
14872acd
02a591ad
14001a0c
0280018c
14aac86f
02b1e1ef
2997418e
2917498d
02801184
02bff185
29974084
299740a5
28974190
289740a4
28974085
289740a6
5c1061f0
15e5c04e
029111ce
1470b80d
029809ad
14001a0c
0280018c
15e4044f
029111ef
298b918e
290b998d
02801184
02bff185
298b9084
298b90a5
288b9190
288b90a4
288b9085
288b90a6
5c1015f0
15469a0e
02a6b9ce
157df92d
029c21ad
14001a0c
0280018c
1546120f
02a6b9ef
2991d18e
2911d98d
02801184
02bff185
2991d084
2991d0a5
2891d190
2891d0a4
2891d085
2891d0a6
5c0fc9f0
15bd4a0e
02ab41ce
14e627cd
028801ad
14001a0c
0280018c
15bd4a0f
02a801ef
29ac318e
292c318d
02801184
02bff185
29ac3084
29ac30a5
28ac3190
28ac30a4
28ac3085
28ac30a6
5c0f7df0
1579be6e
029881ce
1534db4d
028191ad
14001a0c
0280018c
1579be6f
029991ef
29a8018e
2928018d
02801184
02bff185
29a80084
29a800a5
28a80190
28a800a4
28a80085
28a800a6
5c0f31f0
1547db6e
02a1c1ce
1501ee0d
02bdc1ad
14001a0c
0280018c
1547db6f
02a1c1ef
2990418e
2910418d
02801184
02bff185
29904084
299040a5
28904190
289040a4
28904085
289040a6
5c0ee5f0
144ef3ae
029951ce
1568390d
02a041ad
14001a0c
0280018c
144ef3af
029841ef
29ba618e
293a618d
02801184
02bff185
29ba6084
29ba60a5
28ba6190
28ba60a4
28ba6085
28ba60a6
5c0e99f0
15bcc7ee
02b045ce
15845b2d
02b951ad
14001a0c
0280018c
15bcc6af
029045ef
299e218e
291e258d
02801184
02bff185
299e2084
299e20a5
289e2190
289e20a4
289e2085
289e20a6
5c0e4df0
15317f8e
029571ce
1425b14d
028761ad
14001a0c
0280018c
1531b18f
029571ef
298dd18e
290dd98d
02801184
02bff185
298dd084
298dd0a5
288dd190
288dd0a4
288dd085
288dd0a6
5c0e01f0
152b656e
029cd9ce
14614fed
028c01ad
14001a0c
0280018c
152b656f
029c01ef
29b9f18e
2939f18d
02801184
02bff185
29b9f084
29b9f0a5
28b9f190
28b9f0a4
28b9f085
28b9f0a6
5c0db5f0
14811cee
029101ce
15416a6d
028581ad
14001a0c
0280018c
14c11cef
029101ef
29aa118e
292a1d8d
02801184
02bff185
29aa1084
29aa10a5
28aa1190
28aa10a4
28aa1085
28aa10a6
5c0d69f0
145b372e
02b0d9ce
140efaed
02bc91ad
14001a0c
0280018c
145b372f
02b091ef
29b3318e
2933318d
02801184
02bff185
29b33084
29b330a5
28b33190
28b330a4
28b33085
28b330a6
5c0d1df0
1586378e
0293e9ce
15004cad
02ba79ad
14001a0c
0280018c
153c378f
0293e9ef
29a7318e
29273d8d
02801184
02bff185
29a73084
29a730a5
28a73190
28a730a4
28a73085
28a730a6
5c0cd1f0
1415c56e
029071ce
15e7280d
029801ad
14001a0c
0280018c
1414016f
029071ef
299af18e
291af98d
02801184
02bff185
299af084
299af0a5
289af190
289af0a4
289af085
289af0a6
5c0c85f0
15ace42e
028979ce
15ea9eed
02b841ad
14001a0c
0280018c
15ac202f
028979ef
298f918e
290f998d
02801184
02bff185
298f9084
298f90a5
288f9190
288f90a4
288f9085
288f90a6
5c0c39f0
142dbf4e
02a5d9ce
15617cad
02a001ad
14001a0c
0280018c
142c014f
02a5d9ef
29b0118e
2930198d
02801184
02bff185
29b01084
29b010a5
28b01190
28b010a4
28b01085
28b010a6
5c0bedf0
153a6c0e
028739ce
14f2c8cd
02b759ad
14001a0c
0280018c
153a6c0f
028759ef
29a6618e
2926618d
02801184
02bff185
29a66084
29a660a5
28a66190
28a660a4
28a66085
28a660a6
5c0ba1f0
15e10b0e
0287d1ce
145bcb6d
02aca1ad
14001a0c
0280018c
15e10b0f
0284a1ef
2997d18e
2917d18d
02801184
02bff185
2997d084
2997d0a5
2897d190
2897d0a4
2897d085
2897d0a6
5c0b55f0
14a5910e
028ac1ce
141779ad
029071ad
14001a0c
0280018c
14a4390f
028ac1ef
29bab18e
293ab98d
02801184
02bff185
29bab084
29bab0a5
28bab190
28bab0a4
28bab085
28bab0a6
5c0b09f0
14302f2e
02bec1ce
156011ad
029f21ad
14001a0c
0280018c
14302f2f
02bf21ef
2994518e
2914518d
02801184
02bff185
29945084
299450a5
28945190
289450a4
28945085
289450a6
5c0abdf0
15832b0e
029d01ce
14898c0d
029861ad
14001a0c
0280018c
15832b0f
029c61ef
29b9a18e
2939a18d
02801184
02bff185
29b9a084
29b9a0a5
28b9a190
28b9a0a4
28b9a085
28b9a0a6
5c0a71f0
153947ce
0284f1ce
14a799ed
0283a5ad
14001a0c
0280018c
153947cf
0287a5ef
2985418e
2905418d
02801184
02bff185
29854084
298540a5
28854190
288540a4
28854085
288540a6
5c0a25f0
14741b2e
029d51ce
15c4094d
0292f5ad
14001a0c
0280018c
14741b2f
029ef5ef
29b9418e
2939418d
02801184
02bff185
29b94084
29b940a5
28b94190
28b940a4
28b94085
28b940a6
5c09d9f0
1582f74e
029d41ce
153a376d
02a1edad
14001a0c
0280018c
14f6f74f
029d41ef
29b2118e
29321d8d
02801184
02bff185
29b21084
29b210a5
28b21190
28b210a4
28b21085
28b210a6
5c098df0
147bedae
028959ce
14bd36cd
028a61ad
14001a0c
0280018c
147bed4f
02a159ef
2980018e
2900058d
02801184
02bff185
29800084
298000a5
28800190
288000a4
28800085
288000a6
5c0941f0
14bea16e
028de1ce
15a2ac8d
02b011ad
14001a0c
0280018c
14be096f
028de1ef
2980018e
2900098d
02801184
02bff185
29800084
298000a5
28800190
288000a4
28800085
288000a6
5c08f5f0
1406d78e
02a2c1ce
142126ad
029be1ad
14001a0c
0280018c
1406d80f
02a2c1ef
2980018e
2900058d
02801184
02bff185
29800084
298000a5
28800190
288000a4
28800085
288000a6
5c08a9f0
151a242e
0282e1ce
157b328d
028295ad
14001a0c
0280018c
151a242f
028295ef
2980018e
2900018d
02801184
02bff185
29800084
298000a5
28800190
288000a4
28800085
288000a6
5c085df0
155c3e8e
029945ce
15aa7bad
029059ad
14001a0c
0280018c
155c3e2f
029945ef
2980018e
2900058d
02801184
02bff185
29800084
298000a5
28800190
288000a4
28800085
288000a6
5c0811f0
14edf32e
0290b1ce
14bd63ad
0287a1ad
14001a0c
0280018c
14edd12f
0290b1ef
2980018e
2900098d
02801184
02bff185
29800084
298000a5
28800190
288000a4
28800085
288000a6
5c07c5f0
15f6326e
02b7c9ce
1499b7cd
02a1e1ad
14001a0c
0280018c
15f6326f
02b5e1ef
2980018e
2900018d
02801184
02bff185
29800084
298000a5
28800190
288000a4
28800085
288000a6
5c0779f0
14f0a8ae
028cb9ce
1512b78d
02ae21ad
14001a0c
0280018c
14f110af
028cb9ef
2980018e
2900098d
02801184
02bff185
29800084
298000a5
28800190
288000a4
28800085
288000a6
5c072df0
15d2318e
02a931ce
15a3932d
029d21ad
14001a0c
0280018c
15d2918f
02a931ef
2980018e
2900098d
02801184
02bff185
29800084
298000a5
28800190
288000a4
28800085
288000a6
5c06e1f0
1539bf6e
028801ce
150b5e4d
02bc79ad
14001a0c
0280018c
1539be4f
02b801ef
2980018e
2900058d
02801184
02bff185
29800084
298000a5
28800190
288000a4
28800085
288000a6
5c0695f0
15342c6e
028e21ce
14f751ad
02a281ad
14001a0c
0280018c
15402c6f
028e21ef
2980018e
29000d8d
02801184
02bff185
29800084
298000a5
28800190
288000a4
28800085
288000a6
5c0649f0
140ced8e
0288cdce
153b5fcd
02af51ad
14001a0c
0280018c
15a8ed8f
0288cdef
2980018e
29000d8d
02801184
02bff185
29800084
298000a5
28800190
288000a4
28800085
288000a6
5c05fdf0
15aa582e
02ac21ce
1491ae6d
02a8a1ad
14001a0c
0280018c
15aa582f
02aca1ef
2980018e
2900018d
02801184
02bff185
29800084
298000a5
28800190
288000a4
28800085
288000a6
5c05b1f0
1588ff0e
029f21ce
156af98d
028db1ad
14001a0c
0280018c
1588ff0f
029db1ef
2980018e
2900018d
02801184
02bff185
29800084
298000a5
28800190
288000a4
28800085
288000a6
5c0565f0
14882dce
02af99ce
15d4c2ed
0283a1ad
14001a0c
0280018c
14882dcf
02afa1ef
2980018e
2900018d
02801184
02bff185
29800084
298000a5
28800190
288000a4
28800085
288000a6
5c0519f0
154d504e
028659ce
147fd20d
02a289ad
14001a0c
0280018c
154d504f
028689ef
2980018e
2900018d
02801184
02bff185
29800084
298000a5
28800190
288000a4
28800085
288000a6
5c04cdf0
1412e3ee
029279ce
1595dc0d
02b559ad
14001a0c
0280018c
1412adef
029279ef
2980018e
2900098d
02801184
02bff185
29800084
298000a5
28800190
288000a4
28800085
288000a6
5c0481f0
140dd80e
02ac49ce
15dca96d
02a021ad
14001a0c
0280018c
140dd62f
02a049ef
2980018e
2900058d
02801184
02bff185
29800084
298000a5
28800190
288000a4
28800085
288000a6
5c0435f0
1598cece
02a579ce
1586e8ed
02b2c1ad
14001a0c
0280018c
1598cecf
02a6c1ef
2980018e
2900018d
02801184
02bff185
29800084
298000a5
28800190
288000a4
28800085
288000a6
5c03e9f0
14769c0e
028ab1ce
15290c6d
02b001ad
14001a0c
0280018c
1476000f
028ab1ef
2980018e
2900098d
02801184
02bff185
29800084
298000a5
28800190
288000a4
28800085
288000a6
5c039df0
15c43d4e
02b901ce
14075aed
0297d1ad
14001a0c
0280018c
15c43d4f
02bbd1ef
2980018e
2900018d
02801184
02bff185
29800084
298000a5
28800190
288000a4
28800085
288000a6
5c0351f0
14549e4e
02a8a1ce
14344a4d
02a009ad
14001a0c
0280018c
14549e4f
02a809ef
2980018e
2900018d
02801184
02bff185
29800084
298000a5
28800190
288000a4
28800085
288000a6
5c0305f0
145bc76e
029891ce
147294cd
029201ad
14001a0c
0280018c
145b016f
029891ef
2980018e
2900098d
02801184
02bff185
29800084
298000a5
28800190
288000a4
28800085
288000a6
5c02b9f0
142c754e
02b039ce
153052cd
02bcf9ad
14001a0c
0280018c
142c754f
02b0f9ef
2980018e
2900018d
02801184
02bff185
29800084
298000a5
28800190
288000a4
28800085
288000a6
5c026df0
149d2b6e
029799ce
1556734d
0283c5ad
14001a0c
0280018c
15e32b6f
029799ef
2980018e
29000d8d
02801184
02bff185
29800084
298000a5
28800190
288000a4
28800085
288000a6
5c0221f0
14e5402e
028fcdce
152416ed
02adf1ad
14001a0c
0280018c
14f9402f
028fcdef
2980018e
29000d8d
02801184
02bff185
29800084
298000a5
28800190
288000a4
28800085
288000a6
5c01d5f0
14bfef0e
02818dce
15677cad
02a3e1ad
14001a0c
0280018c
15f1ef0f
02818def
2980018e
29000d8d
02801184
02bff185
29800084
298000a5
28800190
288000a4
28800085
288000a6
5c0189f0
150af90e
029d11ce
157a08cd
029451ad
14001a0c
0280018c
150af90f
029c51ef
2980018e
2900018d
02801184
02bff185
29800084
298000a5
28800190
288000a4
28800085
288000a6
5c013df0
1470ffce
02ab79ce
14a85ecd
029f01ad
14001a0c
0280018c
1470ff8f
028379ef
2980018e
2900058d
02801184
02bff185
29800084
298000a5
28800190
288000a4
28800085
288000a6
5c00f1f0
15f2d64e
02b6c1ce
158f1f6d
02b081ad
14001a0c
0280018c
15f2d64f
0282c1ef
2980018e
2900058d
02801184
02bff185
29800084
298000a5
28800190
288000a4
28800085
288000a6
5c00a5f0
15b450ee
0285b1ce
14dcda8d
028381ad
14001a0c
0280018c
15b450ef
028781ef
2980018e
2900018d
02801184
02bff185
29800084
298000a5
28800190
288000a4
28800085
288000a6
5c0059f0
1400000e
028001ce
1400000d
028001ad
14001a0c
0280018c
1400000f
028001ef
2980018e
2900018d
02801184
02bff185
29800084
298000a5
28800190
288000a4
28800085
288000a6
5c000df0
5c000b20
0280075a
0040e2ed
001569ac
2980030c
4c000020
03400000
028006f7
00150019
15c2bf2e
02a121ce
141c346d
029801ad
14001aac
028a918c
146c012f
02a121ef
29ab718e
296b798d
02801184
02bff185
29ab7084
29ab70a5
28ab7190
28ab70a4
28ab7085
28ab70a6
5c1e55f0
140820ce
02b3c1ce
156c9aad
028c01ad
14001a8c
02bdb18c
14a600cf
02b3c1ef
2995a18e
2955a98d
02801184
02bff185
2995a084
2995a0a5
2895a190
2895a0a4
2895a085
2895a0a6
5c1e09f0
15a30f8e
02b461ce
15439eed
028239ad
14001b6c
029e818c
15a30eef
028239ef
29afd18e
296fd18d
02801184
02bff185
29afd084
29afd0a5
28afd190
28afd0a4
28afd085
28afd0a6
5c1dbdf0
156b57ae
02afd1ce
15dc058d
02af09ad
14001acc
0286218c
156b578f
02af09ef
29b9118e
2979118d
02801184
02bff185
29b91084
29b910a5
28b91190
28b910a4
28b91085
28b910a6
5c1d71f0
14d6098e
02bd81ce
1460d2cd
0283c1ad
14001b2c
02b5018c
14d608cf
0283c1ef
2996018e
2956018d
02801184
02bff185
29960084
299600a5
28960190
289600a4
28960085
289600a6
5c1d25f0
144a65ae
028901ce
15fc01ed
02afd9ad
14001aec
0282418c
15d7edaf
028901ef
2982118e
2942198d
02801184
02bff185
29821084
298210a5
28821190
288210a4
28821085
288210a6
5c1cd9f0
1456c3ee
02b241ce
14517bcd
028001ad
14001a4c
0293818c
15c001ef
02b241ef
2993518e
2953598d
02801184
02bff185
29935084
299350a5
28935190
289350a4
28935085
289350a6
5c1c8df0
154a5bce
028d81ce
15ead34d
02a081ad
14001a8c
02ad318c
154a5b4f
02a081ef
29b9418e
2979418d
02801184
02bff185
29b94084
29b940a5
28b94190
28b940a4
28b94085
28b940a6
5c1c41f0
14f2f16e
02bfe1ce
154d3e8d
02b281ad
14001a6c
02a5a18c
14f2f08f
02b281ef
298d918e
294d918d
02801184
02bff185
298d9084
298d90a5
288d9190
288d90a4
288d9085
288d90a6
5c1bf5f0
1589bb8e
029f7dce
1414cd8d
02bc31ad
14001b6c
02b5c18c
1589bb8f
02bc31ef
298af18e
294af18d
02801184
02bff185
298af084
298af0a5
288af190
288af0a4
288af085
288af0a6
5c1ba9f0
15adde2e
029179ce
144fa90d
029a71ad
14001a2c
0294018c
150d382f
029179ef
29a2d18e
2962d98d
02801184
02bff185
29a2d084
29a2d0a5
28a2d190
28a2d0a4
28a2d085
28a2d0a6
5c1b5df0
15caf8ee
02a001ce
1543f8ed
02a49dad
14001a6c
02bcc18c
15caf8ef
02a49def
29a4f18e
2964f18d
02801184
02bff185
29a4f084
29a4f0a5
28a4f190
28a4f0a4
28a4f085
28a4f0a6
5c1b11f0
154c8a2e
02a455ce
14991f6d
029b99ad
14001a4c
029ca18c
154c8b6f
029b99ef
298ae18e
294ae18d
02801184
02bff185
298ae084
298ae0a5
288ae190
288ae0a4
288ae085
288ae0a6
5c1ac5f0
14726f2e
02b3f1ce
15d8f66d
02ac61ad
14001bcc
0289c18c
14726e6f
02ac61ef
2997d18e
2957d18d
02801184
02bff185
2997d084
2997d0a5
2897d190
2897d0a4
2897d085
2897d0a6
5c1a79f0
1482e36e
02820dce
14b183ad
028b21ad
14001a6c
0282618c
1482e3af
028b21ef
2981318e
2941318d
02801184
02bff185
29813084
298130a5
28813190
288130a4
28813085
288130a6
5c1a2df0
14ec2cae
029ac1ce
1405ea8d
02bda1ad
14001a8c
02b1018c
14ec2c8f
02bda1ef
2997718e
2957718d
02801184
02bff185
29977084
299770a5
28977190
289770a4
28977085
289770a6
5c19e1f0
15c4936e
02b949ce
151aeb6d
028621ad
14001a2c
02a8818c
1563116f
02b949ef
2983618e
2943698d
02801184
02bff185
29836084
298360a5
28836190
288360a4
28836085
288360a6
5c1995f0
155504ee
028f81ce
1495a8ad
02b401ad
14001b4c
02b3c18c
155504af
02b401ef
29bb318e
297b318d
02801184
02bff185
29bb3084
29bb30a5
28bb3190
28bb30a4
28bb3085
28bb30a6
5c1949f0
1531ba8e
0284b9ce
1587c3ed
0294e1ad
14001a6c
028f518c
1531bbef
0294e1ef
29a2218e
2962218d
02801184
02bff185
29a22084
29a220a5
28a22190
28a220a4
28a22085
28a220a6
5c18fdf0
15ee0a2e
029c21ce
144c25ad
02ab9dad
14001b2c
0284318c
1595ce2f
029c21ef
2996218e
2956298d
02801184
02bff185
29962084
299620a5
28962190
289620a4
28962085
289620a6
5c18b1f0
15ec936e
029c01ce
15ace9ed
0294c1ad
14001a8c
028fd18c
15ec93ef
0294c1ef
29ab818e
296b818d
02801184
02bff185
29ab8084
29ab80a5
28ab8190
28ab80a4
28ab8085
28ab80a6
5c1865f0
140100ae
02bc99ce
1447640d
02a471ad
14001a6c
02ad618c
15f238af
02bc99ef
29a0918e
2960998d
02801184
02bff185
29a09084
29a090a5
28a09190
28a090a4
28a09085
28a090a6
5c1819f0
1505952e
02a111ce
156f6dad
0284d1ad
14001a0c
0299718c
150595af
0284d1ef
2994218e
2954218d
02801184
02bff185
29942084
299420a5
28942190
289420a4
28942085
289420a6
5c17cdf0
14e96aee
02b001ce
15824a2d
02a481ad
14001a8c
028dc18c
141240ef
02b001ef
29aa418e
296a498d
02801184
02bff185
29aa4084
29aa40a5
28aa4190
28aa40a4
28aa4085
28aa40a6
5c1781f0
15733fee
02bd01ce
15aa6f0d
02a911ad
14001a0c
0285118c
15733f0f
02a911ef
2999018e
2959018d
02801184
02bff185
29990084
299900a5
28990190
289900a4
28990085
289900a6
5c1735f0
157f372e
02bbc1ce
150d164d
02a4c1ad
14001acc
02a4818c
1432612f
02bbc1ef
29bf518e
297f598d
02801184
02bff185
29bf5084
29bf50a5
28bf5190
28bf50a4
28bf5085
28bf50a6
5c16e9f0
14fb436e
02b7bdce
14fae02d
02a281ad
14001a4c
0280818c
14fb422f
02a281ef
29b3018e
2973018d
02801184
02bff185
29b30084
29b300a5
28b30190
28b300a4
28b30085
28b300a6
5c169df0
15e4668e
029f51ce
144280ed
028319ad
14001a2c
02ad618c
15e466ef
028319ef
29a0f18e
2960f18d
02801184
02bff185
29a0f084
29a0f0a5
28a0f190
28a0f0a4
28a0f085
28a0f0a6
5c1651f0
156a9ece
02b289ce
15126e6d
029721ad
14001a4c
028e918c
156a9e6f
029721ef
2981218e
2941218d
02801184
02bff185
29812084
298120a5
28812190
288120a4
28812085
288120a6
5c1605f0
15f052ee
02a6b5ce
140243ad
02a531ad
14001a4c
0292e18c
15f053af
02a531ef
29ab418e
296b418d
02801184
02bff185
29ab4084
29ab40a5
28ab4190
28ab40a4
28ab4085
28ab40a6
5c15b9f0
15d952ee
02b001ce
14a1792d
028d21ad
14001a2c
0296118c
15d9532f
028d21ef
29b2a18e
2972a18d
02801184
02bff185
29b2a084
29b2a0a5
28b2a190
28b2a0a4
28b2a085
28b2a0a6
5c156df0
156e63ce
028845ce
1412fd2d
028ee1ad
14001a4c
02aa318c
156e632f
028ee1ef
2985318e
2945318d
02801184
02bff185
29853084
298530a5
28853190
288530a4
28853085
288530a6
5c1521f0
15c9c86e
02ab41ce
14be8a6d
0291f1ad
14001aac
0293618c
15c9c86f
0291f1ef
298a118e
294a118d
02801184
02bff185
298a1084
298a10a5
288a1190
288a10a4
288a1085
288a10a6
5c14d5f0
14954b8e
028161ce
14bd07ed
02a341ad
14001a6c
02a3018c
15d1a18f
028161ef
2983218e
2943298d
02801184
02bff185
29832084
298320a5
28832190
288320a4
28832085
288320a6
5c1489f0
1420a8ee
02ad81ce
1529244d
028379ad
14001bec
02ae218c
1420a84f
028379ef
2982118e
2942118d
02801184
02bff185
29821084
298210a5
28821190
288210a4
28821085
288210a6
5c143df0
14a9910e
02aec1ce
15593e2d
029501ad
14001b2c
02a5918c
142a810f
02aec1ef
29b1f18e
2971f98d
02801184
02bff185
29b1f084
29b1f0a5
28b1f190
28b1f0a4
28b1f085
28b1f0a6
5c13f1f0
1440c26e
02af81ce
14ec464d
02aa81ad
14001b4c
0292918c
1435406f
02af81ef
2984618e
2944698d
02801184
02bff185
29846084
298460a5
28846190
288460a4
28846085
288460a6
5c13a5f0
1447272e
02a4a1ce
14b2ed8d
028581ad
14001b8c
029f218c
1582c12f
02a4a1ef
2983418e
2943498d
02801184
02bff185
29834084
298340a5
28834190
288340a4
28834085
288340a6
5c1359f0
1408546e
02a301ce
15f0972d
02a4fdad
14001a2c
028be18c
15127e6f
02a301ef
2987b18e
2947b98d
02801184
02bff185
2987b084
2987b0a5
2887b190
2887b0a4
2887b085
2887b0a6
5c130df0
1496a14e
02b1a1ce
140c616d
028411ad
14001aac
02be018c
1496a16f
028411ef
29b6f18e
2976f18d
02801184
02bff185
29b6f084
29b6f0a5
28b6f190
28b6f0a4
28b6f085
28b6f0a6
5c12c1f0
14fd4eae
02a161ce
1512864d
0285b1ad
14001a0c
0280018c
14fd4e4f
0285b1ef
2993c18e
2953c18d
02801184
02bff185
2993c084
2993c0a5
2893c190
2893c0a4
2893c085
2893c0a6
5c1275f0
15fa9c0e
02aea9ce
15f86e2d
02b341ad
14001a0c
0280018c
1419a20f
02aea9ef
29ad818e
296d898d
02801184
02bff185
29ad8084
29ad80a5
28ad8190
28ad80a4
28ad8085
28ad80a6
5c1229f0
15def68e
029b21ce
15743a0d
029bf1ad
14001a0c
0280018c
15def60f
029bf1ef
29a1218e
2961218d
02801184
02bff185
29a12084
29a120a5
28a12190
28a120a4
28a12085
28a120a6
5c11ddf0
142a370e
029b7dce
152bf5ed
02b17dad
14001a0c
0280018c
142a37ef
02b17def
298b018e
294b018d
02801184
02bff185
298b0084
298b00a5
288b0190
288b00a4
288b0085
288b00a6
5c1191f0
1424ccae
02b2edce
14d1feed
029401ad
14001a0c
0280018c
1424ccef
029401ef
2987b18e
2947b18d
02801184
02bff185
2987b084
2987b0a5
2887b190
2887b0a4
2887b085
2887b0a6
5c1145f0
14e706ee
029bc1ce
14f57c0d
02ba49ad
14001a0c
0280018c
14e7080f
02ba49ef
2984318e
2944318d
02801184
02bff185
29843084
298430a5
28843190
288430a4
28843085
288430a6
5c10f9f0
155030ce
02a701ce
15ddbe4d
02a081ad
14001a0c
0280018c
1550304f
02a081ef
29bb718e
297b718d
02801184
02bff185
29bb7084
29bb70a5
28bb7190
28bb70a4
28bb7085
28bb70a6
5c10adf0
157f2c4e
029701ce
156eea4d
02ba81ad
14001a0c
0280018c
157f2c4f
02ba81ef
29a2518e
2962518d
02801184
02bff185
29a25084
29a250a5
28a25190
28a250a4
28a25085
28a250a6
5c1061f0
1514162e
02b9e1ce
155d420d
028d5dad
14001a0c
0280018c
1514160f
028d5def
2997a18e
2957a18d
02801184
02bff185
2997a084
2997a0a5
2897a190
2897a0a4
2897a085
2897a0a6
5c1015f0
1471820e
02bac1ce
144aa58d
029611ad
14001a0c
0280018c
1471818f
029611ef
29a5a18e
2965a18d
02801184
02bff185
29a5a084
29a5a0a5
28a5a190
28a5a0a4
28a5a085
28a5a0a6
5c0fc9f0
1413bcee
02bba1ce
15c84f2d
028441ad
14001a0c
0280018c
1413bd2f
028441ef
299a818e
295a818d
02801184
02bff185
299a8084
299a80a5
289a8190
289a80a4
289a8085
289a80a6
5c0f7df0
15ffd66e
028d01ce
1512a20d
02a7d9ad
14001a0c
0280018c
15ffd80f
02a7d9ef
2990218e
2950218d
02801184
02bff185
29902084
299020a5
28902190
289020a4
28902085
289020a6
5c0f31f0
151ee04e
0292f9ce
14b913ad
02b5e9ad
14001a0c
0280018c
151ee1af
02b5e9ef
29b0018e
2970018d
02801184
02bff185
29b00084
29b000a5
28b00190
28b000a4
28b00085
28b000a6
5c0ee5f0
15d6524e
029401ce
15588eed
02b141ad
14001a0c
0280018c
14d8a04f
029401ef
29b5218e
2975298d
02801184
02bff185
29b52084
29b520a5
28b52190
28b520a4
28b52085
28b520a6
5c0e99f0
15f0ba8e
02ae11ce
15ab1b0d
02bae1ad
14001a0c
0280018c
15f0bb0f
02bae1ef
29b0e18e
2970e18d
02801184
02bff185
29b0e084
29b0e0a5
28b0e190
28b0e0a4
28b0e085
28b0e0a6
5c0e4df0
1456284e
0283a1ce
1560c32d
02b4b1ad
14001a0c
0280018c
1456292f
02b4b1ef
29ac618e
296c618d
02801184
02bff185
29ac6084
29ac60a5
28ac6190
28ac60a4
28ac6085
28ac60a6
5c0e01f0
153cd0ee
029ca1ce
143cb36d
0285e5ad
14001a0c
0280018c
153cd16f
0285e5ef
29a2018e
2962018d
02801184
02bff185
29a20084
29a200a5
28a20190
28a200a4
28a20085
28a200a6
5c0db5f0
144c234e
0298e9ce
14371ded
02ae01ad
14001a0c
0280018c
15d7014f
0298e9ef
29b5c18e
2975c98d
02801184
02bff185
29b5c084
29b5c0a5
28b5c190
28b5c0a4
28b5c085
28b5c0a6
5c0d69f0
143996ae
02b6a1ce
15d12e6d
02bbc1ad
14001a0c
0280018c
1439966f
02bbc1ef
29b6118e
2976118d
02801184
02bff185
29b61084
29b610a5
28b61190
28b610a4
28b61085
28b610a6
5c0d1df0
14e418ae
0287d1ce
1438854d
028781ad
14001a0c
0280018c
1543c0af
0287d1ef
29b6118e
2976198d
02801184
02bff185
29b61084
29b610a5
28b61190
28b610a4
28b61085
28b610a6
5c0cd1f0
15bae5ae
0282c1ce
15422aad
02a481ad
14001a0c
0280018c
15bae4af
02a481ef
299d018e
295d018d
02801184
02bff185
299d0084
299d00a5
289d0190
289d00a4
289d0085
289d00a6
5c0c85f0
1511040e
029031ce
15f1c10d
02ba01ad
14001a0c
0280018c
1511050f
02ba01ef
298f618e
294f618d
02801184
02bff185
298f6084
298f60a5
288f6190
288f60a4
288f6085
288f60a6
5c0c39f0
15f0a90e
0293c1ce
1440ad6d
02aef1ad
14001a0c
0280018c
1557790f
0293c1ef
2980e18e
2940e98d
02801184
02bff185
2980e084
2980e0a5
2880e190
2880e0a4
2880e085
2880e0a6
5c0bedf0
14bd632e
0290e1ce
147d912d
02a0c1ad
14001a0c
0280018c
1510612f
0290e1ef
2998418e
2958498d
02801184
02bff185
29984084
299840a5
28984190
289840a4
28984085
289840a6
5c0ba1f0
1498694e
029681ce
1483f18d
0292c1ad
14001a0c
0280018c
1589614f
029681ef
2987918e
2947998d
02801184
02bff185
29879084
298790a5
28879190
288790a4
28879085
288790a6
5c0b55f0
1537802e
02bfa1ce
1433f78d
02a359ad
14001a0c
0280018c
1571ac2f
02bfa1ef
29ab318e
296b398d
02801184
02bff185
29ab3084
29ab30a5
28ab3190
28ab30a4
28ab3085
28ab30a6
5c0b09f0
15c5274e
0299f9ce
1598e60d
028201ad
14001a0c
0280018c
15c5260f
028201ef
2986c18e
2946c18d
02801184
02bff185
2986c084
2986c0a5
2886c190
2886c0a4
2886c085
2886c0a6
5c0abdf0
15278fae
0296c1ce
1581934d
02a155ad
14001a0c
0280018c
15278f4f
02a155ef
2995018e
2955018d
02801184
02bff185
29950084
299500a5
28950190
289500a4
28950085
289500a6
5c0a71f0
14b4940e
029fd9ce
1408434d
02bbd1ad
14001a0c
0280018c
153de80f
029fd9ef
29a2c18e
2962c98d
02801184
02bff185
29a2c084
29a2c0a5
28a2c190
28a2c0a4
28a2c085
28a2c0a6
5c0a25f0
1419702e
02a791ce
1519f9ed
028b01ad
14001a0c
0280018c
141971ef
028b01ef
29b9818e
2979818d
02801184
02bff185
29b98084
29b980a5
28b98190
28b980a4
28b98085
28b980a6
5c09d9f0
156b2dae
02a9a9ce
151bf28d
0288f1ad
14001a0c
0280018c
148479af
02a9a9ef
29ba718e
297a798d
02801184
02bff185
29ba7084
29ba70a5
28ba7190
28ba70a4
28ba7085
28ba70a6
5c098df0
155094ee
0292a1ce
149993ad
0298d9ad
14001a0c
0280018c
155095af
0298d9ef
29bb318e
297b318d
02801184
02bff185
29bb3084
29bb30a5
28bb3190
28bb30a4
28bb3085
28bb30a6
5c0941f0
1554bcee
02ba81ce
1550374d
02a601ad
14001a0c
0280018c
1554bd4f
02a601ef
29b3218e
2973218d
02801184
02bff185
29b32084
29b320a5
28b32190
28b320a4
28b32085
28b320a6
5c08f5f0
1564cd6e
02bdc1ce
155a5f2d
02ac81ad
14001a0c
0280018c
1516416f
02bdc1ef
29b4218e
2974298d
02801184
02bff185
29b42084
29b420a5
28b42190
28b420a4
28b42085
28b420a6
5c08a9f0
1481a76e
0285d9ce
15c8622d
029501ad
14001a0c
0280018c
1481a62f
029501ef
29bfc18e
297fc18d
02801184
02bff185
29bfc084
29bfc0a5
28bfc190
28bfc0a4
28bfc085
28bfc0a6
5c085df0
1501670e
02b9b1ce
14abab8d
02a1c1ad
14001a0c
0280018c
1501678f
02a1c1ef
2990018e
2950018d
02801184
02bff185
29900084
299000a5
28900190
289000a4
28900085
289000a6
5c0811f0
15daa4ce
02a361ce
153fba4d
028ea1ad
14001a0c
0280018c
15daa44f
028ea1ef
29af818e
296f818d
02801184
02bff185
29af8084
29af80a5
28af8190
28af80a4
28af8085
28af80a6
5c07c5f0
1472e96e
029bc1ce
1491404d
02bd39ad
14001a0c
0280018c
1472e84f
02bd39ef
29b8018e
2978018d
02801184
02bff185
29b80084
29b800a5
28b80190
28b800a4
28b80085
28b800a6
5c0779f0
14efbbee
029381ce
15c515ed
02ac01ad
14001a0c
0280018c
14efbbef
02ac01ef
299c018e
295c018d
02801184
02bff185
299c0084
299c00a5
289c0190
289c00a4
289c0085
289c00a6
5c072df0
1430cbce
02b5f1ce
15507f0d
029a01ad
14001a0c
0280018c
1430cb0f
029a01ef
2980018e
2940018d
02801184
02bff185
29800084
298000a5
28800190
288000a4
28800085
288000a6
5c06e1f0
147b826e
0286f1ce
140a3c0d
029f45ad
14001a0c
0280018c
140fa26f
0286f1ef
2980018e
2940098d
02801184
02bff185
29800084
298000a5
28800190
288000a4
28800085
288000a6
5c0695f0
14b1c26e
028ac9ce
1477548d
02b1a1ad
14001a0c
0280018c
14b1c28f
02b1a1ef
2980018e
2940018d
02801184
02bff185
29800084
298000a5
28800190
288000a4
28800085
288000a6
5c0649f0
1493198e
028411ce
1418aaad
028b89ad
14001a0c
0280018c
149318af
028b89ef
2980018e
2940018d
02801184
02bff185
29800084
298000a5
28800190
288000a4
28800085
288000a6
5c05fdf0
1520df8e
028941ce
15b2856d
0288f1ad
14001a0c
0280018c
1520df6f
0288f1ef
2980018e
2940018d
02801184
02bff185
29800084
298000a5
28800190
288000a4
28800085
288000a6
5c05b1f0
14221dce
02a4c1ce
15850eed
02a0c9ad
14001a0c
0280018c
14d065cf
02a4c1ef
2980018e
2940098d
02801184
02bff185
29800084
298000a5
28800190
288000a4
28800085
288000a6
5c0565f0
1587212e
029a91ce
154ad16d
02a781ad
14001a0c
0280018c
1587216f
02a781ef
2980018e
2940018d
02801184
02bff185
29800084
298000a5
28800190
288000a4
28800085
288000a6
5c0519f0
15fc086e
029305ce
15c50dcd
02b1e1ad
14001a0c
0280018c
15fc09cf
02b1e1ef
2980018e
2940018d
02801184
02bff185
29800084
298000a5
28800190
288000a4
28800085
288000a6
5c04cdf0
14868a0e
0295b1ce
14dc698d
02b1c1ad
14001a0c
0280018c
14868b8f
02b1c1ef
2980018e
2940018d
02801184
02bff185
29800084
298000a5
28800190
288000a4
28800085
288000a6
5c0481f0
147a914e
02bd7dce
15fc5b8d
029001ad
14001a0c
0280018c
1588014f
02bd7def
2980018e
2940098d
02801184
02bff185
29800084
298000a5
28800190
288000a4
28800085
288000a6
5c0435f0
148dcc0e
028809ce
15a8aded
029781ad
14001a0c
0280018c
15ebc00f
028809ef
2980018e
2940098d
02801184
02bff185
29800084
298000a5
28800190
288000a4
28800085
288000a6
5c03e9f0
147a886e
0298e9ce
1420276d
0299d9ad
14001a0c
0280018c
147a896f
0299d9ef
2980018e
2940018d
02801184
02bff185
29800084
298000a5
28800190
288000a4
28800085
288000a6
5c039df0
1502100e
028001ce
146180ed
02a901ad
14001a0c
0280018c
150210ef
02a901ef
2980018e
2940018d
02801184
02bff185
29800084
298000a5
28800190
288000a4
28800085
288000a6
5c0351f0
14fc70ee
02bd21ce
14dbfbcd
02b141ad
14001a0c
0280018c
15b8a0ef
02bd21ef
2980018e
2940098d
02801184
02bff185
29800084
298000a5
28800190
288000a4
28800085
288000a6
5c0305f0
15babfae
02b199ce
151ee16d
02aa99ad
14001a0c
0280018c
15554daf
02b199ef
2980018e
2940098d
02801184
02bff185
29800084
298000a5
28800190
288000a4
28800085
288000a6
5c02b9f0
15eba1ae
02b4c1ce
151f704d
02a661ad
14001a0c
0280018c
143331af
02b4c1ef
2980018e
2940098d
02801184
02bff185
29800084
298000a5
28800190
288000a4
28800085
288000a6
5c026df0
1433abee
02a049ce
144bdacd
02adfdad
14001a0c
0280018c
14b6ffef
02a049ef
2980018e
2940098d
02801184
02bff185
29800084
298000a5
28800190
288000a4
28800085
288000a6
5c0221f0
14962f2e
028c01ce
154b41ed
02b2d1ad
14001a0c
0280018c
14962fef
02b2d1ef
2980018e
2940018d
02801184
02bff185
29800084
298000a5
28800190
288000a4
28800085
288000a6
5c01d5f0
15c01c0e
02a801ce
14f1ae6d
029c31ad
14001a0c
0280018c
146e1a0f
02a801ef
2980018e
2940098d
02801184
02bff185
29800084
298000a5
28800190
288000a4
28800085
288000a6
5c0189f0
156e0a0e
02b3a1ce
14a5d9cd
02a661ad
14001a0c
0280018c
15b3320f
02b3a1ef
2980018e
2940098d
02801184
02bff185
29800084
298000a5
28800190
288000a4
28800085
288000a6
5c013df0
14040ece
02b001ce
1479578d
028c11ad
14001a0c
0280018c
14040f8f
028c11ef
2980018e
2940018d
02801184
02bff185
29800084
298000a5
28800190
288000a4
28800085
288000a6
5c00f1f0
1512d92e
028b01ce
15f038ad
02bfa9ad
14001a0c
0280018c
1512d8af
02bfa9ef
2980018e
2940018d
02801184
02bff185
29800084
298000a5
28800190
288000a4
28800085
288000a6
5c00a5f0
1557806e
028c4dce
14d0806d
029841ad
14001a0c
0280018c
146c206f
028c4def
2980018e
2940098d
02801184
02bff185
29800084
298000a5
28800190
288000a4
28800085
288000a6
5c0059f0
1400000e
028001ce
1400000d
028001ad
14001a0c
0280018c
1400000f
028001ef
2980018e
2940018d
02801184
02bff185
29800084
298000a5
28800190
288000a4
28800085
288000a6
5c000df0
5c000b20
0280075a
0040e2ed
001569ac
2980030c
4c000020
03400000
03400000
